"reserve","station","datetime_collected","month","season","method","extracted","sensor_rfu","temp","turb","fdom_qsu","rfu_temp_corrected","response","preds_ols","preds_nofdom_ols","preds_rfu","rownum"
"GRB","grblrwq",2021-08-26 18:29:59.99,"8","Summer","isco",0.00370296875,1.71,24.665,2.54,118.84,1.81103256887503,0.0608520233846008,2.23804045520851,4.82764105529942,7.04287204903445,1
"HEE","heekkwq",2021-02-10 13:30:00,"2","Winter","tank",0.23,0.0903370786516856,25.5355820224719,1.81487640449438,0.527505617977529,0.0967411793892632,0.479583152331272,0.515693272722362,0.391177677442515,4.18807211356099,2
"WEL","welinwq",2021-01-20 14:00:00,"1","Winter","isco",0.28,0.19,5.674,1.13,2.33,0.162210135957084,0.529150262212918,1.48446993503606,1.64725739053963,4.34243466776354,3
"HEE","heekkwq",2021-05-10 16:30:00,"5","Spring","tank",0.312,0.0954534005,26.35461335,1.010906801,4.325264484,0.103303744378791,0.558569601750758,0.475062656304419,0.382926486815469,4.19592848781645,4
"GRB","grblrwq",2021-07-27 14:09:00,"7","Summer","isco",0.3287096875,1.22,22.243,1.82,117.96,1.25362644098001,0.573332091810671,1.4914576444894,3.54501431228241,6.10136534799006,5
"HEE","heekkwq",2021-05-10 14:30:00,"5","Spring","tank",0.3315,0.1117346939,27.01292942,1.735807823,2.456028912,0.121963188614495,0.575760366819391,0.660005283189139,0.489341497982302,4.22097823710949,6
"WEL","welinwq",2021-01-20 09:30:00,"1","Winter","isco",0.34,0.3,3.636,1.82,11.99,0.250900744416583,0.58309518948453,1.06902831625826,1.39184422530559,4.51605087912752,7
"WEL","welinwq",2021-01-20 23:00:00,"1","Winter","isco",0.35,0.38,4.211,1.32,9.4,0.319645844845201,0.591607978309962,1.28135581228261,1.5910573885096,4.64445464023985,8
"HEE","heekkwq",2021-02-10 11:30:00,"2","Winter","tank",0.35,0.118025974025974,23.7007376623377,0.82012987012987,1.75225974025974,0.12349119570777,0.591607978309962,0.213672479256549,0.196057200082163,4.23067771954848,9
"WEL","welinwq",2021-01-20 11:45:00,"1","Winter","isco",0.37,0.27,3.696,1.97,13.08,0.225946257765907,0.608276253029822,1.05728312320081,1.37393508644206,4.46836351505231,10
"WEL","welinwq",2021-01-21 05:45:00,"1","Winter","isco",0.39,0.23,5.359,0.69,2.08,0.195730166586893,0.62449979983984,1.41458143904121,1.60263837590412,4.40517409924215,11
"WEL","welinwq",2021-01-21 08:00:00,"1","Winter","isco",0.4,0.25,4.523,0.91,3.1,0.210955404671339,0.632455532033676,1.21446069092159,1.46011620430355,4.43671255910578,12
"GTM","gtmpcwq",2021-02-23 02:30:00,"2","Winter","isco",0.42,4.33,18.053,4.58,132.06,4.23147615853367,0.648074069840786,4.44568660933115,4.36846528963919,13.2228514644963,13
"WEL","welinwq",2021-01-20 20:45:00,"1","Winter","isco",0.43,0.29,4.266,1.62,8.81,0.244075287844338,0.6557438524302,1.21264132012879,1.49939895409165,4.50012696708173,14
"WEL","welinwq",2021-01-21 10:15:00,"1","Winter","isco",0.43,0.27,3.053,1.76,10.61,0.224501632018746,0.6557438524302,0.903281080926822,1.23382734605472,4.46836351505231,15
"HEE","heekkwq",2021-02-10 09:30:00,"2","Winter","tank",0.43,0.137894736842105,21.725811505508,1.26104039167687,5.61876376988983,0.140800642315337,0.6557438524302,0.0409392960210665,0.0796062210354197,4.26138316271282,16
"HEE","heekkwq",2021-02-10 15:30:00,"2","Winter","tank",0.43,0.176685606060607,24.3376382575758,1.80456439393938,3.6854734848485,0.186352149905357,0.6557438524302,0.31465414992324,0.290568213548305,4.32165104912547,17
"HEE","heekkwq",2021-08-09 16:00:00,"8","Summer","tank",0.4365,0.2149485597,27.99739918,0.4231069959,3.393580247,0.237679881086356,0.660681466366357,1.03302211063563,0.998690762995007,4.38151332455608,18
"HEE","heekkwq",2021-09-08 15:30:00,"9","Fall","tank",0.4365,0.216934189406099,26.819,0.68,5.4,0.23619501529226,0.660681466366357,1.78332753822814,1.51633157931739,4.384631074423,19
"HEE","heekkwq",2021-08-09 09:00:00,"8","Summer","tank",0.442,0.1672265625,26.35416016,0.9533007813,12.6325,0.180978662389612,0.664830805543786,0.515209830461578,0.73284402401637,4.30691588057786,20
"HEE","heekkwq",2021-09-08 09:30:00,"9","Fall","tank",0.442,0.173374125874126,26.887,0.85,10.32,0.188934687565135,0.664830805543786,1.6439508533219,1.51759372684602,4.31648960795243,21
"GTM","gtmpcwq",2021-02-23 03:30:00,"2","Winter","isco",0.45,4.35,17.979,4.43,132.52,4.24734794671345,0.670820393249937,4.44873451592361,4.38214192929964,13.2774516213522,22
"GTM","gtmpcwq",2021-02-23 01:30:00,"2","Winter","isco",0.46,4.3,18.155,5.23,131.26,4.20717385469059,0.678232998312527,4.4606661716378,4.36200330707039,13.1411621593679,23
"WEL","welinwq",2021-01-21 01:15:00,"1","Winter","isco",0.46,0.26,4.539,1.42,9.61,0.2194290489889,0.678232998312527,1.23739645369643,1.50655968360274,4.45252397506868,24
"HEE","heekkwq",2021-04-13 09:00:00,"4","Spring","tank",0.5,0.30934693877551,24.7058,1.54204081632653,11.2929591836735,0.327793584261952,0.707106781186548,0.236517963767645,0.287999704477829,4.53096029121091,25
"HEE","heekkwq",2021-09-22 07:30:00,"9","Fall","tank",0.51,0.203543441226576,23.4737597955707,0.978994889267462,8.28867120954004,0.212365442545957,0.714142842854285,0.827879568492773,0.882537968073005,4.3636269768441,26
"HEE","heekkwq",2021-08-09 12:00:00,"8","Summer","tank",0.515,0.5687209302,28.31504651,0.7729900332,9.84551495,0.631517120766039,0.717635004720366,1.13584031839022,1.22513346262766,4.95449191014427,27
"HEE","heekkwq",2021-09-08 12:30:00,"9","Fall","tank",0.515,0.216611570247934,27.257,0.83,11.5,0.237196473902422,0.717635004720366,1.74810934565704,1.62221033093592,4.38412443633187,28
"WEL","welinwq",2021-01-20 16:15:00,"1","Winter","isco",0.52,0.22,5.763,0.96,2.17,0.18799308309377,0.721110255092798,1.53736314355535,1.69749849960051,4.38944705534141,29
"HEE","heekkwq",2021-08-09 07:00:00,"8","Summer","tank",0.52,0.2545517241,24.47064414,1.189682759,15.88096552,0.268929511294032,0.721110255092798,0.243013637039263,0.512986103992724,4.44390599217033,30
"GTM","gtmpcwq",2021-02-23 00:30:00,"2","Winter","isco",0.53,4.35,18.18,5.38,130.52,4.25733980908512,0.728010988928052,4.56011384809761,4.43901293036745,13.2774516213522,31
"WEL","welinwq",2021-01-21 03:30:00,"1","Winter","isco",0.53,0.22,5.578,0.86,2.02,0.187638354643982,0.728010988928052,1.47693485977831,1.64896767252571,4.38944705534141,32
"WEL","welinwq",2021-01-20 18:30:00,"1","Winter","isco",0.54,0.26,5.483,1.05,2.71,0.221539755874706,0.734846922834953,1.50487137096166,1.69353088398348,4.45252397506868,33
"GTM","gtmpcwq",2021-02-22 22:30:00,"2","Winter","isco",0.55,4.32,18.145,5.92,129.18,4.22624761185815,0.741619848709566,4.57877428929997,4.41186952991895,13.1955935720995,34
"HEE","heekkwq",2021-04-13 13:20:00,"4","Spring","tank",0.57,0.152380952380953,26.8401043956044,0.743846153846155,9.05655677655679,0.165955925581223,0.754983443527075,0.493417241262425,0.447004373905157,4.28384033057911,35
"HEE","heekkwq",2021-09-22 15:00:00,"9","Fall","tank",0.585,0.236720741599073,26.7695075318656,0.758261877172653,2.93122827346466,0.257572362689888,0.764852927038918,1.8597044400756,1.52108501763364,4.41575964135389,36
"GTM","gtmpcwq",2021-02-22 23:30:00,"2","Winter","isco",0.6,4.32,18.223,5.63,129.91,4.23010773099892,0.774596669241483,4.55050281103838,4.41166568134536,13.1955935720995,37
"HEE","heekkwq",2021-09-08 07:30:00,"9","Fall","tank",0.6,0.155540540540541,25.271,0.78,9.53,0.166004508118044,0.774596669241483,1.1947408299003,1.17082325814799,4.28874630303846,38
"HEE_w2","heew2wq",2020-11-12 09:30:00,"11","Fall","tank",0.61,0.511970802919707,23.9306919708029,9.68199999999999,72.2472992700729,0.537223483607362,0.781024967590665,0.591987439101094,0.637230058671355,4.8602076841284,39
"OWC","owcwmwq",2021-07-12 12:00:00.015,"7","Summer","isco",0.63,9.8,24.496,12.48,114.18,10.356848986213,0.793725393319377,28.683640071304,33.1730016238688,32.3480905833848,40
"GTM","gtmpcwq",2021-02-22 21:30:00,"2","Winter","isco",0.64,4.33,18.248,6.9,127.92,4.24114122476391,0.8,4.67780770925357,4.47202865606808,13.2228514644963,41
"HEE","heekkwq",2021-04-13 11:30:00,"4","Spring","tank",0.64,0.185755693581781,26.3434285714286,1.20175983436853,13.274099378882,0.201003644024397,0.8,0.380110708439176,0.413474755880047,4.33580394001317,42
"WEL","welinwq",2021-04-22 00:45:00,"4","Spring","isco",0.65,2.35,9.014,8.71,14.17,2.07711280085232,0.806225774829855,6.78808692038014,7.09829956658761,8.37429154606488,43
"HEE","heekkwq",2021-09-22 09:00:00,"9","Fall","tank",0.655,0.255085910652921,25.7957800687285,0.875481099656357,16.3025945017182,0.274082549647882,0.809320702811932,1.23243511630113,1.33338404024217,4.44475058952941,44
"HEE","heekkwq",2021-04-13 15:45:00,"4","Spring","tank",0.67,0.164841628959276,25.6764411764706,0.371515837104072,1.44938914027149,0.176846458440965,0.818535277187245,0.408432927860438,0.311993412743865,4.30320463587197,45
"HEE_w2","heew2wq",2020-11-12 06:50:00,"11","Fall","tank",0.69,0.454369369369369,23.257,10.68,73.69,0.47278404430535,0.830662386291807,0.498686035126195,0.564162048280566,4.76543534285121,46
"HEE_w2","heew2wq",2020-11-12 14:50:00,"11","Fall","tank",0.7,0.43,25.79,10.58,65.33,0.461988447774299,0.836660026534076,1.01779103810267,0.920024636768435,4.72562102160853,47
"GTM","gtmpcwq",2021-02-22 14:30:00,"2","Winter","isco",0.73,4.31,17.213,6.04,129.18,4.17098579931703,0.854400374531753,4.49978097744649,4.2862166954254,13.1683638037234,48
"HEE","heekkwq",2021-09-22 12:00:00,"9","Fall","tank",0.745,0.265715948777648,28.0779196740396,0.561303841676368,5.40415599534342,0.294129216488002,0.863133825081603,2.23334229315511,1.82183353154011,4.46157433156631,49
"GTM","gtmpcwq",2021-02-23 04:30:00,"2","Winter","isco",0.75,4.36,18.095,6.2,131.16,4.26288592497681,0.866025403784439,4.57851995981431,4.47009296577988,13.3047938858112,50
"WEL","welinwq",2021-06-17 15:30:00,"6","Summer","isco",0.752,0.15,12.259,1.46,4.18,0.13729069886111,0.867179335547152,4.14515013988647,4.0778717533027,4.28014522061649,51
"PDB","pdbgswq",2021-02-04 10:45:00,"2","Winter","tank",0.75695574,0.245821206,7.87131,0.801917,5.7690644,0.214682909145123,0.870032033893006,1.03232916351408,1.14613892920501,4.43011362586766,52
"WEL","welinwq",2021-05-26 12:00:00,"5","Spring","isco",0.762,0.32,10.94,2.62,26.37,0.288718582707126,0.872926113711808,3.16590641467772,3.17789487557414,4.54798307528127,53
"GTM","gtmpcwq",2021-02-22 11:30:00,"2","Winter","isco",0.77,4.45,16.677,5.49,130.77,4.27992141910826,0.877496438739212,4.59664780207942,4.40396067319894,13.5521398468749,54
"GTM","gtmpcwq",2021-02-22 00:30:00,"2","Winter","isco",0.78,4.44,16.928,5.57,129.68,4.28266728600302,0.883176086632785,4.63345254612769,4.42146823629477,13.5245444662294,55
"GTM","gtmpcwq",2021-02-22 13:30:00,"2","Winter","isco",0.78,4.38,16.964,5.79,130.43,4.22654850919626,0.883176086632785,4.53541383913068,4.34657303475032,13.3595627867915,56
"GTM","gtmpcwq",2021-02-23 05:30:00,"2","Winter","isco",0.79,4.43,18.005,6.24,130.6,4.3267736518908,0.888819441731559,4.68857684158364,4.55740994571333,13.4969772096046,57
"WEL","welinwq",2021-06-18 02:45:00,"6","Summer","isco",0.796,0.24,12.519,1.26,68.82,0.220292028576704,0.892188320927819,3.17865616091568,4.309334275188,4.4209292671636,58
"GTM","gtmpcwq",2020-12-08 01:30:00.065,"12","Winter","isco",0.83,2.81,15.765,3.36,146.6,2.67454744302599,0.91104335791443,2.0228427993294,2.10367271640711,9.40240308198278,59
"GTM","gtmpcwq",2021-02-22 10:30:00,"2","Winter","isco",0.83,4.41,16.661,6.99,130.2,4.24066982171503,0.91104335791443,4.60846370212694,4.39276836387341,13.4419270684172,60
"GTM","gtmpcwq",2021-02-22 20:30:00,"2","Winter","isco",0.83,4.27,18.536,8,126.82,4.19652919264376,0.91104335791443,4.69774535850646,4.46672048603538,13.059725970426,61
"WEL","welinwq",2021-04-22 03:00:00,"4","Spring","isco",0.83,0.32,6.214,8.52,6.04,0.274710545262178,0.91104335791443,2.09483418973354,2.28767568459876,4.54798307528127,62
"WEL","welinwq",2021-06-17 13:15:00,"6","Summer","isco",0.834,0.09,12.944,1.41,4.18,0.0829966977191284,0.91323600454647,4.38379740922227,4.22003727301042,4.18755477051757,63
"WEL","welinwq",2021-06-18 07:15:00,"6","Summer","isco",0.842,0.09,12.814,1.56,7,0.0828778792992698,0.917605579756357,4.2745324297782,4.18716601848649,4.18755477051757,64
"WEL","welinwq",2021-04-22 07:30:00,"4","Spring","isco",0.87,2.3,5.924,6.99,3.18,1.96862108121725,0.932737905308881,5.26503692165697,5.92084288761518,8.26612610480285,65
"HEE","heekkwq",2021-03-12 13:30:00,"3","Spring","tank",0.9,0.308494077834179,25.2462436548223,0.750067681895093,3.08047377326565,0.32914397298886,0.948683298050514,0.379352083103892,0.31877125186642,4.52959886399296,66
"WEL","welinwq",2021-06-17 22:15:00,"6","Summer","isco",0.92,0.88,16.779,2.44,11.15,0.847360577441776,0.959166304662544,7.93821812019693,7.33903906409564,5.48775797723916,67
"HEE_w2","heew2wq",2020-11-12 11:50:00,"11","Fall","tank",0.93,0.477608200455581,25.296722095672,9.60093394077449,67.5319817767655,0.509906624211645,0.964365076099296,0.861688717005736,0.81750383148419,4.80355818339684,68
"WEL","welinwq",2021-06-17 20:00:00,"6","Summer","isco",0.934,0.19,15.466,1.22,7.47,0.180227918727966,0.966436754267966,5.82384432935967,5.36036073614127,4.34243466776354,69
"GTM","gtmpcwq",2021-02-22 18:30:00,"2","Winter","isco",0.95,4.31,18.687,7.96,126.8,4.24337161599397,0.974679434480896,4.76295503795366,4.53744280758628,13.1683638037234,70
"HEE","heekkwq",2021-03-12 09:00:00,"3","Spring","tank",0.95,1.49389210019268,24.1106801541425,1.32431599229287,20.2737572254335,1.57112604198479,0.974679434480896,0.411930431446121,0.617568919909221,6.61930986182574,71
"GTM","gtmpcwq",2021-02-22 19:30:00,"2","Winter","isco",1.01,4.26,18.565,7.72,126.73,4.1881287151995,1.00498756211209,4.6786398187477,4.44735933604171,13.0326368221535,72
"PDB","pdbbywq",2021-02-04 12:03:00,"2","Winter","tank",1.0499156,0.451981481,6.83057,3.168963,12.861093,0.390484442658137,1.02465389278527,1.05772787107087,1.29685340686541,4.76152666450925,73
"GTM","gtmpcwq",2021-02-22 09:30:00,"2","Winter","isco",1.07,4.51,16.869,7.96,128.74,4.34722826259102,1.03440804327886,4.84528848033733,4.59242032742561,13.7183027351832,74
"PDB","pdbbywq",2021-02-10 06:49:00,"2","Winter","isco",1.073044009,0.38,7.267,1.42,6.96,0.329783830242023,1.03587837558277,1.03732271836042,1.20834860757428,4.64445464023985,75
"GRB","grblrwq",2021-07-28 00:29:00.015,"7","Summer","isco",1.088103125,1.24,22.235,2.09,117.19,1.27405244660302,1.0431218169514,1.53562825539054,3.58478648373922,6.1384723639567,76
"GTM","gtmpcwq",2021-02-22 17:30:00,"2","Winter","isco",1.09,4.33,18.753,7.3,127.08,4.26637771791032,1.04403065089106,4.7603225452719,4.54933462872827,13.2228514644963,77
"GRB","grblrwq",2021-07-28 02:33:00,"7","Summer","isco",1.0909515625,1.22,22.345,2.01,114.56,1.25519971656858,1.04448626726252,1.59388106539469,3.58809841252316,6.10136534799006,78
"SAP","sapnawq",2021-02-10 11:41:00,"2","Winter","tank",1.10128,1.09027624309392,14.7564585635359,14.1756906077348,50.7492817679558,1.02594356052243,1.04941888681308,4.98127627248843,5.05103692698668,5.86341349810981,79
"WEL","welinwq",2021-05-27 06:00:00,"5","Spring","isco",1.104,0.31,13.14,3.36,29.56,0.286496780896478,1.0507140429251,4.07076214249548,3.94965537856948,4.53200291519403,80
"GRB","grblrwq",2021-07-28 04:36:59.975,"7","Summer","isco",1.10519375,1.24,22.381,2.05,114.13,1.27634209637507,1.05128195551907,1.62612910462066,3.62259584457636,6.1384723639567,81
"WEL","welinwq",2021-05-26 21:00:00,"5","Spring","isco",1.116,0.59,8.411,3.29,78.35,0.518185127480832,1.05640901169954,2.18653916841094,2.91435630244955,4.99007827746964,82
"WEL","welinwq",2021-05-27 10:30:00,"5","Spring","isco",1.122,0.36,8.404,2.24,27.8,0.316157511371172,1.05924501414923,2.26836176656005,2.472544571232,4.61218495583743,83
"GTM","gtmpcwq",2020-12-07 23:30:00.055,"12","Winter","isco",1.13,2.67,17.243,3.18,136.62,2.58477956159903,1.06301458127346,2.19556936805898,2.17506013654703,9.08319979040947,84
"GTM","gtmpcwq",2021-02-22 08:30:00,"2","Winter","isco",1.15,4.52,16.783,8.93,127.93,4.35255253779691,1.07238052947636,4.91304187218502,4.62768156764994,13.7460949839738,85
"HEE","heekkwq",2021-03-12 11:30:00,"3","Spring","tank",1.15,0.459185803757829,25.345661795407,0.835949895615868,5.07983298538622,0.490544914855507,1.07238052947636,0.419403979771462,0.374401507960694,4.77332413048404,86
"PDB","pdbbywq",2021-03-03 09:07:00,"3","Spring","tank",1.160418,0.455951941,7.97837,0.7644,6.5007,0.398642007405242,1.07722699557707,1.10897834031766,1.2555527083675,4.76802670074504,87
"GRB","grblrwq",2021-09-20 21:29:00.015,"9","Fall","isco",1.16529578125,1.13,19.873,1.73,109.33,1.12828641139466,1.07948866656857,2.55650141861237,4.02609043650562,5.93577591516592,88
"WEL","welinwq",2021-06-18 05:00:00,"6","Summer","isco",1.184,0.11,12.424,1.22,6.33,0.100862002415693,1.08811764069884,4.093806391421,4.04493710995675,4.21830575780099,89
"GRB","grblrwq",2021-07-27 22:25:00.01,"7","Summer","isco",1.1912165625,1.26,22.155,2.78,117.86,1.29333037807159,1.09142867952973,1.55840050850821,3.63670841847696,6.17569187600623,90
"WEL","welinwq",2021-06-17 17:45:00,"6","Summer","isco",1.194,0.13,12.903,57.83,4.26,0.119829937433173,1.09270307037182,12.2952739169522,11.921095215382,4.24916924116729,91
"WEL","welinwq",2021-05-27 01:30:00,"5","Spring","isco",1.214,0.39,10.223,3.23,23.83,0.349174490766269,1.10181668166715,3.08050479108004,3.11999475790827,4.66063166847214,92
"GRB","grblrwq",2021-07-27 10:05:00,"7","Summer","isco",1.217991875,1.23,21.854,2.52,119.9,1.25788917034138,1.10362669186641,1.43612454237805,3.50096571991724,6.11990479396302,93
"GRB","grblrwq",2021-07-27 12:09:00,"7","Summer","isco",1.2288159375,1.2,22.087,1.77,118.28,1.23071593644379,1.10851970550821,1.44556873084427,3.47652390610677,6.06437082810631,94
"GTM","gtmpcwq",2021-01-11 09:45:00,"1","Winter","tank",1.23,1.62459677419355,6.27333870967741,2.8733870967742,63.0190322580646,1.39551845469792,1.10905365064094,0.598183214479357,0.126131992012016,6.8739157142046,95
"PDB","pdbbywq",2021-02-10 05:41:00,"2","Winter","isco",1.234657344,0.46,7.303,2,6.89,0.399361214927903,1.11115135962658,1.15318899110722,1.33564080618017,4.7746583386784,96
"PDB","pdbbywq",2021-02-10 04:33:00,"2","Winter","isco",1.246649852,0.43,6.993,2.01,7.24,0.372118256464506,1.11653475181026,1.04680114315759,1.24234351343603,4.72562102160853,97
"HEE","heekkwq",2021-05-10 07:30:00,"5","Spring","tank",1.25,0.4395212038,23.59914637,1.820492476,20.45065663,0.459289512988159,1.11803398874989,0.0965245916515747,0.231667681601794,4.74115674609567,98
"GRB","grblrwq",2021-09-20 19:25:00.01,"9","Fall","isco",1.265845625,1.13,19.885,1.91,110.26,1.12844810291253,1.12509805128264,2.54687988733417,4.04465078445728,5.93577591516592,99
"GRB","grblrwq",2021-07-27 18:17:00,"7","Summer","isco",1.27296671875,1.47,22.815,4.25,120.32,1.52120954631728,1.12825826775167,1.82611090422384,4.1651370071699,6.57328870353073,100
"GRB","grblrwq",2021-07-28 06:40:59.955,"7","Summer","isco",1.27524546875,1.41,22.401,2.63,120.44,1.45168186063495,1.12926766922196,1.63456778238755,3.8562684532097,6.4584240290198,101
"WEL","welinwq",2021-06-18 00:30:00,"6","Summer","isco",1.278,0.27,14.724,2.91,8.24,0.253975652354359,1.13048662088501,5.72036061261838,5.38892893673507,4.46836351505231,102
"PDB","pdbbywq",2021-02-10 07:57:00,"2","Winter","isco",1.28605381,0.51,5.199,3.19,13.66,0.433304820811459,1.13404312528228,0.756751700812631,1.06263509026711,4.85694968087597,103
"GRB","grblrwq",2021-08-26 22:37:59.98,"8","Summer","isco",1.28777859375,1.28,24.769,2.19,115.28,1.35741468530815,1.13480332822476,2.01690030131625,4.37679203626002,6.21302388413865,104
"WEL","welinwq",2021-05-26 14:15:00,"5","Spring","isco",1.29,0.33,15.702,3.31,28.81,0.313867691754679,1.13578166916005,5.31536318880278,4.91322741486005,4.56399135938922,105
"WEL","welinwq",2021-05-27 08:15:00,"5","Spring","isco",1.29,0.31,8.286,7.42,23.12,0.271909775839492,1.13578166916005,2.59242396668521,2.76139594109358,4.53200291519403,106
"PDB","pdbgswq",2021-03-03 10:30:00,"3","Spring","tank",1.29861739,0.434314815,8.80012,0.66687,5.5885741,0.383015329170358,1.13956894920843,1.29916880424234,1.38690483551688,4.7326583355045,107
"GTM","gtmpcwq",2021-02-22 16:30:00,"2","Winter","isco",1.3,4.38,18.776,7.64,126.61,4.31681294203221,1.14017542509914,4.85869941108338,4.63050854212895,13.3595627867915,108
"GRB","grblrwq",2021-08-27 00:41:59.975,"8","Summer","isco",1.3005965625,1.32,24.764,1.99,115.49,1.39974513672993,1.14043700505552,2.02781746282733,4.3997715399289,6.28802538865216,109
"GRB","grblrwq",2021-07-27 20:21:00.005,"7","Summer","isco",1.30486921875,1.3,22.229,2.54,117.49,1.33560168166825,1.14230872304732,1.5941991944437,3.68196245912845,6.25046838835396,110
"SAP","sapnawq",2021-04-29 19:15:00,"4","Spring","tank",1.3148,2.46295081967213,27.5071967213115,18.9873770491803,71.536393442623,2.70587393535027,1.14664728665793,11.514969414074,11.8800256461723,8.62122722436329,111
"PDB","pdbbywq",2021-02-10 14:45:00,"2","Winter","isco",1.31689169,0.29,6.515,1.89,8.84,0.249728121489285,1.14755901373306,0.800419117422761,0.99988562024182,4.50012696708173,112
"PDB","pdbbywq",2021-02-10 03:25:00,"2","Winter","isco",1.329455271,0.48,6.76,2.19,7.97,0.414388604355003,1.15302006530676,1.04445699937159,1.2635635819295,4.80749050349526,113
"GRB","grblrwq",2021-08-27 02:46:00,"8","Summer","isco",1.3302203125,1.35,24.752,1.9,114.96,1.43133971385623,1.1533517730944,2.05845119647228,4.41972093506291,6.34457181925487,114
"PDB","pdbbywq",2021-02-10 09:05:00,"2","Winter","isco",1.332881702,0.35,5.432,2.88,14.4,0.298071693980957,1.15450495971217,0.656832657058238,0.922024726125657,4.5960922996673,115
"PDB","pdbbywq",2021-02-10 10:13:00,"2","Winter","isco",1.335165989,0.42,5.24,2.86,13.7,0.356987975602577,1.15549382906184,0.677533936203692,0.95979761372149,4.70933149729334,116
"GTM","gtmpcwq",2020-12-08 02:30:00.07,"12","Winter","isco",1.34,2.82,15.172,3.98,143.82,2.66607032603956,1.15758369027902,2.06076473573234,2.05193253693704,9.42541424725058,117
"GRB","grblrwq",2021-08-26 20:33:59.985,"8","Summer","isco",1.368389375,1.3,24.756,2.12,119.25,1.3783970398431,1.16978176383461,1.91096996032497,4.38754313857834,6.25046838835396,118
"WEL","welinwq",2021-05-26 09:45:00,"5","Spring","isco",1.374,0.29,9.842,2.59,70.96,0.258587711460068,1.17217746096741,2.18985996239731,2.79833428625907,4.50012696708173,119
"WEL","welinwq",2021-06-18 09:30:00,"6","Summer","isco",1.376,0.29,15.779,4.85,11.84,0.27606490178088,1.17303026388921,6.49094195526358,6.0894423904696,4.50012696708173,120
"WEL","welinwq",2021-06-17 11:00:00,"6","Summer","isco",1.38,0.28,15.42,2.65,13,0.265460519005271,1.17473401244707,5.96269886761949,5.66398573824771,4.48423117905666,121
"PDB","pdbbywq",2021-02-10 15:53:00,"2","Winter","isco",1.394557462,0.4,6.456,2.33,9.15,0.344243425230758,1.18091382496777,0.901895125934714,1.12586193543437,4.67683682072515,122
"GRB","grblrwq",2021-09-20 23:33:00.02,"9","Fall","isco",1.40855234375,1.18,19.804,2.58,109.8,1.17724066256588,1.18682447891422,2.63859514737643,4.13966907198905,6.02748880430544,123
"PDB","pdbbywq",2021-02-10 11:21:00,"2","Winter","isco",1.416829264,0.34,5.39,2.68,13.04,0.2894315568157,1.19030637400629,0.637437884501331,0.89613557302485,4.5800277675179,124
"PDB","pdbbywq",2021-02-10 13:37:00,"2","Winter","isco",1.420826767,0.26,5.993,2.12,10.02,0.222697057241704,1.19198438202856,0.675911272113539,0.891964649803559,4.45252397506868,125
"SAP","sapnawq",2021-07-22 13:20:00,"7","Summer","tank",1.42464,6.36081967213115,30.3384918032787,64.3996721311475,94.5232786885246,7.25818363918419,1.19358284169973,15.5478483535552,17.8787970154637,19.341243059972,126
"WEL","welinwq",2021-05-26 23:15:00,"5","Spring","isco",1.454,0.58,8.07,1.94,29.06,0.507584390756624,1.20581922359863,2.43094886959438,2.70030736436044,4.9733387688229,127
"GRB","grblrwq",2021-08-26 08:14:00,"8","Summer","isco",1.480048125,1.24,23.906,2.24,118.73,1.30075928587779,1.21657228515202,1.75631476242845,4.07885327854018,6.1384723639567,128
"PDB","pdbbywq",2021-02-10 12:29:00,"2","Winter","isco",1.499063611,0.27,5.652,2.56,12.53,0.23045737736418,1.22436253250416,0.628765608718458,0.865403672451188,4.46836351505231,129
"WEL","welinwq",2021-07-21 22:30:00,"7","Summer","isco",1.5,0.91,16.765,49.03,3.88,0.876106631037035,1.22474487139159,15.1708204423631,13.8429846761781,5.54059203710654,130
"GTM","gtmpcwq",2020-12-07 11:30:00,"12","Winter","isco",1.53,2.98,16.607,3.09,144.09,2.86379899635351,1.2369316876853,2.3039696391754,2.40500440368727,9.79741775835355,131
"PDB","pdbbywq",2021-08-18 18:49:00,"8","Summer","isco",1.554891244,0.43,15.056,0.44,4.4,0.405995995526214,1.24695278338837,3.90932201062566,3.71103119050362,4.72562102160853,132
"GRB","grblrwq",2021-09-20 17:21:00.005,"9","Fall","isco",1.5558165625,1.15,19.921,2,111.07,1.14891457875313,1.24732376009599,2.55931885128655,4.08854569312111,5.97237669875956,133
"GRB","grblrwq",2021-09-20 11:13:00,"9","Fall","isco",1.55610140625,1.27,19.959,3.08,112.84,1.2693776163438,1.24743793683293,2.71511654005664,4.34468167474441,6.19434381806208,134
"GTM","gtmpcwq",2020-12-07 12:30:00,"12","Winter","isco",1.57,2.89,16.488,4.12,144.35,2.77351538374488,1.25299640861417,2.23817968145165,2.33087082208018,9.58727987670538,135
"SAP","sapnawq",2021-07-22 15:20:00,"7","Summer","tank",1.57944,8.42196721311475,30.095868852459,39.8845901639344,100.074754098361,9.57839927506399,1.25675773321671,15.6234424585267,18.2272129820635,26.7370163221382,136
"GRB","grblrwq",2021-09-21 05:44:59.97,"9","Fall","isco",1.59939765625,1.22,19.559,2.47,109.85,1.21359974096295,1.26467294438127,2.62136757441817,4.10812831038948,6.10136534799006,137
"GTM","gtmpcwq",2021-02-22 15:30:00,"2","Winter","isco",1.6,4.57,18.794,7.09,126.81,4.50502769712656,1.26491106406735,5.09489069347999,4.87208293384779,13.8854780882376,138
"WEL","welinwq",2021-07-22 03:00:00,"7","Summer","isco",1.6,1.12,18.635,5.51,27.89,1.10201120189998,1.26491106406735,9.22854662817493,8.99249855146614,5.91751770940018,139
"GRB","grblrwq",2021-07-28 08:44:59.935,"7","Summer","isco",1.62446390625,1.24,22.433,3.44,112.91,1.27715957687741,1.2745445877842,1.73784605154358,3.74516754978649,6.1384723639567,140
"GRB","grblrwq",2021-09-21 07:48:59.945,"9","Fall","isco",1.631585,1.15,19.471,2.17,111.61,1.14277066677833,1.27733511656104,2.4678127976293,3.96705400964844,5.97237669875956,141
"GRB","grblrwq",2021-07-28 10:48:59.915,"7","Summer","isco",1.64155453125,1.24,22.549,4.52,112.48,1.27898696616229,1.28123164621001,1.82677090483632,3.86369693019121,6.1384723639567,142
"OWC","owcwmwq",2021-02-07 06:00:00,"2","Winter","isco",1.66,0.73,0.152,14.55,7.73,0.589967634499707,1.28840987267251,2.82553084285974,3.14517205746053,5.22738442069978,143
"GRB","grblrwq",2021-09-21 09:52:59.92,"9","Fall","isco",1.6651965625,1.14,19.573,2.02,110.96,1.13420832487798,1.29042495423019,2.48417903107822,3.97248359266329,5.95406224495238,144
"ELK","elksmwq",2021-01-12 08:00:00,"1","Winter","isco",1.70109642857143,0.33,11.582,3.4,5.55,0.299817867633894,1.30426087443097,3.28372385070211,3.44243314933067,4.56399135938922,145
"GRB","grblrwq",2021-08-26 14:22:00,"8","Summer","isco",1.70592921875,1.3,24.433,1.96,114.3,1.37277471080051,1.30611225350274,1.9903469184089,4.27623589233185,6.25046838835396,146
"OWC","owcwmwq",2021-02-07 04:00:00,"2","Winter","isco",1.72,0.71,0.153,14.81,7.41,0.573809683368114,1.3114877048604,2.81153084789376,3.12708972805177,5.1931460548468,147
"WEL","welinwq",2021-07-21 20:15:00,"7","Summer","isco",1.73,0.94,16.126,1.71,16.67,0.89837989902829,1.31529464379659,7.37558711155945,7.09705733004464,5.59367921316042,148
"GND","gndblwq",2021-06-11 07:41:00,"6","Summer","tank",1.73,1.63,27.06,6.2,42.85,1.78030846695159,1.31529464379659,14.2775028330493,11.4548272489783,6.88454432987365,149
"ELK","elksmwq",2021-02-09 08:00:00,"2","Winter","isco",1.73579016547619,0.83,12,2.18,10.54,0.75752770799058,1.31749389580225,4.05260151793504,4.31277323633615,5.40026369120798,150
"GTM","gtmpcwq",2021-02-23 06:30:00,"2","Winter","isco",1.74,4.35,18.236,7.71,129.27,4.26013199047192,1.31909059582729,4.69183387877144,4.52538309073371,13.2774516213522,151
"GRB","grblrwq",2021-08-27 08:58:00.055,"8","Summer","isco",1.74751640625,1.32,24.839,1.92,120.67,1.40107768209058,1.32193661203932,1.88673995693017,4.41678779997688,6.28802538865216,152
"GRB","grblrwq",2021-08-26 12:18:00,"8","Summer","isco",1.7666009375,1.25,24.349,2.05,114.69,1.31857698472815,1.32913540976832,1.93348275088763,4.20647422052234,6.15706805797111,153
"GTM","gtmpcwq",2020-12-08 00:30:00.06,"12","Winter","isco",1.77,2.78,17.027,3.23,139.67,2.68455552633992,1.33041346956501,2.2269660386095,2.25831644545751,9.33353833030372,154
"OWC","owcwmwq",2021-02-08 02:00:00,"2","Winter","isco",1.79,0.83,0.038,17.95,4.98,0.670046876503053,1.33790881602597,3.21108913493206,3.58523779023882,5.40026369120798,155
"WEL","welinwq",2021-07-21 18:00:00,"7","Summer","isco",1.79,1.15,16.998,2.96,5.81,1.11014579121431,1.33790881602597,8.89947621156625,8.02639045278183,5.97237669875956,156
"GRB","grblrwq",2021-07-27 16:13:00,"7","Summer","isco",1.7910975,1.29,22.236,1.83,118.01,1.32544181495278,1.33831890818295,1.53978013604063,3.61888333939118,6.23173207423595,157
"PDB","pdbbywq",2021-08-18 16:33:00,"8","Summer","isco",1.796789566,0.44,14.015,0.51,3.29,0.410611416004464,1.34044379442034,3.48289675292134,3.39768736001027,4.74193866994443,158
"PDB","pdbbywq",2021-08-19 02:45:00,"8","Summer","isco",1.801871464,0.78,14.993,0.47,4.96,0.735934352686607,1.34233805876165,4.41020927787531,4.23933035661762,5.31347250569485,159
"GRB","grblrwq",2021-08-26 10:18:00,"8","Summer","isco",1.80220640625,1.27,24.134,2.44,115.24,1.33605061577102,1.34246281373079,1.91956796715257,4.19466467409763,6.19434381806208,160
"GRB","grblrwq",2021-08-27 06:54:00.035,"8","Summer","isco",1.833254375,1.41,24.763,2.29,121.17,1.49516334475778,1.35397724316179,1.945895146841,4.51794727033406,6.4584240290198,161
"GTM","gtmpcwq",2020-12-07 22:30:00.05,"12","Winter","isco",1.84,2.55,17.288,3.33,135.45,2.46989642237249,1.35646599662505,2.11023569419487,2.06676943737027,8.81398431629358,162
"WEL","welinwq",2021-07-22 05:15:00,"7","Summer","isco",1.84,1.35,17.853,4.22,28.99,1.31620601533471,1.35646599662505,9.00776834070192,8.94289986260638,6.34457181925487,163
"OWC","owcwmwq",2021-03-02 06:00:00,"3","Spring","isco",1.86,1.2,0.413,32.84,118.87,0.972262331399048,1.36381816969859,5.30080473967931,5.57763407513648,6.06437082810631,164
"WEL","welinwq",2021-03-25 23:45:00,"3","Spring","isco",1.86,0.77,6.05,2.64,5.79,0.659911187832519,1.36381816969859,2.25246845981733,2.5228942349502,5.29619864065439,165
"ELK","elksmwq",2021-01-13 08:00:00,"1","Winter","isco",1.87,0.33,11.547,3.18,6.74,0.299703898435257,1.36747943311773,3.23045151031511,3.41182766690628,4.56399135938922,166
"OWC","owcwmwq",2021-02-07 14:00:00,"2","Winter","isco",1.87,0.5,0.375,15.43,6.22,0.404960203376306,1.36747943311773,2.59763271700684,2.84366815420706,4.84043516439501,167
"GRB","grblrwq",2021-09-20 09:09:00,"9","Fall","isco",1.87769,1.16,19.972,1.92,113.21,1.15961171187272,1.37028829083518,2.51849698112754,4.1101464097486,5.99071927658747,168
"PDB","pdbbywq",2021-08-19 01:37:00,"8","Summer","isco",1.907574932,0.93,15.341,0.46,4.87,0.880919131472573,1.38114985863229,4.82344616024668,4.60003333446437,5.5759553637884,169
"OWC","owcwmwq",2021-02-08 04:00:00,"2","Winter","isco",1.91,0.84,0.019,18.13,4.46,0.677995367517261,1.38202749610853,3.23409968236054,3.61477656299085,5.41770630037277,170
"WEL","welinwq",2021-03-25 14:45:00,"3","Spring","isco",1.95,0.72,7.128,3.08,11.88,0.623953461721692,1.39642400437689,2.54190719393606,2.7559003458203,5.21025117576293,171
"NIW","niwolwq",2021-04-03 16:00:00,"4","Spring","tank",1.95909,0.408755186721992,16.0674315352697,4.89817427385892,17.5264315352697,0.390395527623549,1.39967496226803,7.15349990769389,6.35885667430483,4.69104782465535,172
"OWC","owcwmwq",2021-02-07 20:00:00,"2","Winter","isco",1.97,0.77,0.54,11.98,14.89,0.624636958903842,1.40356688476182,2.8548499758485,3.13280043407552,5.29619864065439,173
"OWC","owcwmwq",2021-02-07 22:00:00,"2","Winter","isco",1.97,0.75,0.571,11.87,19.31,0.60859564754471,1.40356688476182,2.82931233537446,3.09397342049785,5.26173528263564,174
"WEL","welinwq",2021-05-27 03:45:00,"5","Spring","isco",1.972,0.55,13.043,4.82,31,0.507756402264162,1.40427917452336,4.52694108289708,4.4540412871187,4.92328898700702,175
"OWC","owcwmwq",2021-02-07 12:00:00,"2","Winter","isco",2.01,0.66,0.126,16.59,5.86,0.533261396343675,1.41774468787578,2.85112356407013,3.16398574932267,5.10804231057701,176
"PDB","pdbbywq",2021-08-18 15:25:00,"8","Summer","isco",2.018360298,0.53,13.631,1.31,3.57,0.492489591627727,1.42069007809585,3.51041092620271,3.4819258827043,4.89006308590005,177
"GRB","grbapwq",2021-06-07 14:00:00,"6","Summer","tank",2.02353,0.814166666666667,20.7080333333333,3.17,12.3575,0.821119205145118,1.42250834795442,3.73701383592583,2.80519913593884,5.37270374422555,178
"GTM","gtmpcwq",2021-01-19 16:00:00.06,"1","Winter","isco",2.04,1.24,14.996,4.52,70.37,1.16998652283693,1.42828568570857,1.69542887492785,0.699920538134993,6.1384723639567,179
"OWC","owcwmwq",2021-02-07 08:00:00,"2","Winter","isco",2.04,0.74,0.162,13.06,10.86,0.598107188240978,1.42828568570857,2.73965632636532,3.05106847802522,5.24454578965735,180
"PDB","pdbbywq",2021-08-18 23:21:00,"8","Summer","isco",2.048851683,0.82,14.684,0.73,4.74,0.770986551282253,1.43138104046407,4.35713134393441,4.22585222285621,5.38284920606391,181
"PDB","pdbbywq",2021-02-10 02:17:00,"2","Winter","isco",2.059285098,0.55,6.328,3.79,9.02,0.472711985506487,1.43502093991691,1.08191493243054,1.34521717251254,4.92328898700702,182
"WEL","welinwq",2021-03-26 02:00:00,"3","Spring","isco",2.06,0.52,6.896,2.42,11.35,0.449552191089313,1.43527000944073,2.13598872170374,2.33033758305588,4.87349232137765,183
"PDB","pdbbywq",2021-08-18 22:13:00,"8","Summer","isco",2.06240341,0.92,15.75,0.56,5.02,0.875503065925297,1.4361070329192,5.01529188044986,4.73095669806785,5.55825963843711,184
"GRB","grbapwq",2021-06-07 10:30:00,"6","Summer","tank",2.06768078125,0.71,20.8204333333334,3.47033333333333,13.0316666666667,0.717035049685912,1.43794324688077,3.66776376578495,2.75383556832506,5.1931460548468,185
"SAP","sapnawq",2021-02-10 14:13:00,"2","Winter","tank",2.06936,0.855,16.1446444444445,12.2061111111111,95.7531666666666,0.817317581817472,1.43852702442464,3.79154160734639,4.99187255303206,5.44392294665881,186
"PDB","pdbbywq",2021-08-18 07:29:00,"8","Summer","isco",2.072905998,1.53,16.656,1.65,7.1,1.4711682067171,1.43975900691748,6.59306505090176,6.20657767289302,6.68916584278766,187
"WEL","welinwq",2021-07-21 15:45:00,"7","Summer","isco",2.12,1.18,18.37,3.78,11.67,1.15743844673564,1.4560219778561,9.70794401502309,8.77833126318027,6.02748880430544,188
"PDB","pdbbywq",2021-08-18 21:05:00,"8","Summer","isco",2.1372767,0.81,15.446,0.47,4.46,0.768165798844835,1.46194278273809,4.6906471116678,4.43909830440229,5.36546284494056,189
"WEL","welinwq",2021-05-26 16:30:00,"5","Spring","isco",2.14,0.54,18.542,5.06,30.1,0.530746036743736,1.46287388383278,7.35934464766795,6.61760227835106,4.90666197444318,190
"WEL","welinwq",2021-07-22 07:30:00,"7","Summer","isco",2.14,0.72,16.386,3.36,5.19,0.690171681554305,1.46287388383278,7.71470625204183,6.97071615259098,5.21025117576293,191
"GRB","grblrwq",2021-08-26 16:26:00,"8","Summer","isco",2.14971578125,1.46,24.476,4.14,117.21,1.54256922886363,1.46619090886896,2.15808808168914,4.63694182141303,6.55407428106044,192
"OWC","owcwmwq",2021-02-07 10:00:00,"2","Winter","isco",2.15,0.7,0.061,15.41,7.01,0.56522528006558,1.46628782986152,2.80468033599062,3.12857721979325,5.1760690579514,193
"HEE","heekkwq",2021-03-12 15:30:00,"3","Spring","tank",2.16,0.706649484536082,24.742918814433,1.20895618556701,7.49436855670106,0.749140017086877,1.46969384566991,0.391917121462915,0.398453142185531,5.18742124772575,194
"GTM","gtmpcwq",2021-01-19 17:00:00.075,"1","Winter","isco",2.17,1.06,15.007,3.86,62.9,1.0002739216855,1.47309198626562,1.60797227637684,0.571427397842498,5.80855907924093,195
"OWC","owcwmwq",2021-02-08 06:00:00,"2","Winter","isco",2.18,0.87,0.039,17.18,4.62,0.702345072728792,1.47648230602334,3.21990108532499,3.60380225092215,5.47020287199148,196
"GTM","gtmpcwq",2020-12-07 19:30:00.035,"12","Winter","isco",2.19,2.34,17.787,4.96,124.95,2.27966951826539,1.47986485869487,2.2566231461839,2.01473673055357,8.35260220977103,197
"GTM","gtmpcwq",2021-05-04,"5","Spring","isco",2.19,3.32,27.872,5.29,108.65,3.66502057045518,1.47986485869487,5.12074762194568,4.55220603314575,10.6118306370613,198
"PDB","pdbbywq",2021-08-19 00:29:00,"8","Summer","isco",2.197581884,0.86,14.983,0.78,4.86,0.811323256802186,1.4824243265678,4.56566947675653,4.3943320995616,5.45267589076452,199
"PDB","pdbbywq",2021-08-19 03:53:00,"8","Summer","isco",2.20469654,0.84,15.316,0.71,5.46,0.795443631947828,1.48482205667885,4.67218797233599,4.46638403382414,5.41770630037277,200
"OWC","owcwmwq",2021-02-07 16:00:00,"2","Winter","isco",2.21,0.59,0.537,15.65,6.35,0.47860400061128,1.48660687473185,2.82221222581898,3.07509355555202,4.99007827746964,201
"OWC","owcwmwq",2021-02-07 18:00:00,"2","Winter","isco",2.21,0.74,0.589,12.98,9.4,0.60058594452599,1.48660687473185,2.89145791777867,3.16661184269533,5.24454578965735,202
"GRB","grbapwq",2021-06-09 12:40:00,"6","Summer","isco",2.2103875,0.81,19.543,5.06,10.67,0.805597314162175,1.48673719937318,3.45727112854966,2.63065758766149,5.36546284494056,203
"GRB","grbapwq",2021-06-09 13:10:00,"6","Summer","isco",2.25396859375,0.76,19.606,2.34,10.87,0.756435883990295,1.50132228177364,3.19788348978647,2.40704104352044,5.27895289963465,204
"OWC","owcwmwq",2021-02-08 08:00:00,"2","Winter","isco",2.26,0.86,0.082,15.92,4.96,0.694560473156981,1.50332963783729,3.12134872155282,3.49326301742152,5.45267589076452,205
"WEL","welinwq",2021-07-22 00:45:00,"7","Summer","isco",2.26,0.74,18.354,3.84,22.77,0.725715026682366,1.50332963783729,8.34287585798126,7.93697344221008,5.24454578965735,206
"PDB","pdbbywq",2021-02-10 01:09:00,"2","Winter","isco",2.275721329,0.5,5.701,6.84,13.63,0.426986481355116,1.50854941218377,1.01484627768271,1.3277952592152,4.84043516439501,207
"ELK","elksmwq",2021-02-10 08:00:00,"2","Winter","isco",2.27871495297619,0.61,12.151,2.44,13.29,0.557656298816788,1.50954130548859,3.73781687256183,4.00366441690573,5.02364166682527,208
"GTM","gtmpcwq",2020-12-07 21:30:00.045,"12","Winter","isco",2.29,2.43,17.509,3.65,130.74,2.35970649443472,1.51327459504216,2.12658825901857,1.99761932034821,8.54881870116169,209
"GTM","gtmpcwq",2020-12-08 10:30:00.11,"12","Winter","isco",2.29,2.65,15.69,3.94,135.94,2.52010870928843,1.51327459504216,2.06888527291196,1.94811085250792,9.03804930451626,210
"ELK","elksmwq",2021-02-09 22:00:00,"2","Winter","isco",2.29474121547619,0.93,12.76,2.88,21.99,0.855895780335955,1.51484032672628,4.38920553484468,4.81341991350945,5.5759553637884,211
"GRB","grblrwq",2021-05-26 06:49:30,"5","Spring","isco",2.29840421875,1.12,20.101,4.58,61.69,1.12135440252014,1.51604888402386,2.19484739772079,2.33351176759495,5.91751770940018,212
"PDB","pdbbywq",2021-08-18 19:57:00,"8","Summer","isco",2.309383629,0.84,15.83,0.49,4.6,0.800100794869336,1.51966563065695,4.92830582992415,4.6200686400274,5.41770630037277,213
"GTM","gtmpcwq",2020-12-07 20:30:00.04,"12","Winter","isco",2.31,2.34,17.682,4.19,124.73,2.27688423243059,1.51986841535707,2.21018329329085,1.96299471734335,8.35260220977103,214
"SAP","sapnawq",2021-04-29 14:15:00,"4","Spring","tank",2.32053333333333,7.05180327868852,26.1765245901639,33.8350819672131,60.592131147541,7.61421281044056,1.52332968635596,17.8306684628436,16.5504031714696,21.6874846486686,215
"GRB","grbapwq",2021-06-09 13:40:00,"6","Summer","isco",2.3248946875,0.8,20.01,2.63,11.08,0.800095680935517,1.52476053447746,3.42423224564507,2.56933257573311,5.34810460783793,216
"GTM","gtmpcwq",2020-12-08 03:30:00.075,"12","Winter","isco",2.33,2.77,15.184,5.53,139.04,2.6191549191083,1.52643375224737,2.15967066034925,2.0630864799841,9.31063966111882,217
"GTM","gtmpcwq",2021-05-03 12:00:00,"5","Spring","isco",2.34,3.33,26.604,6.82,110.2,3.61553769211352,1.52970585407784,4.92360258781654,4.40266520089999,10.6362761273859,218
"WEL","welinwq",2021-07-22 09:45:00,"7","Summer","isco",2.34,0.92,16.761,1.93,6.44,0.885693387489628,1.52970585407784,8.12396893613093,7.34986855028713,5.55825963843711,219
"PDB","pdbbywq",2021-08-18 14:17:00,"8","Summer","isco",2.348344844,0.48,15.149,0.76,4.56,0.453681230887657,1.53243102422262,4.05466498525974,3.84652962543877,4.80749050349526,220
"GTM","gtmpcwq",2021-02-23 07:30:00,"2","Winter","isco",2.36,3.99,18.321,6.86,128.36,3.9114631592485,1.53622914957372,4.2144146634501,4.03167674254414,12.3118606986284,221
"WEL","welinwq",2021-07-21 13:30:00,"7","Summer","isco",2.36,0.58,21.441,4.98,24.37,0.590170086832952,1.53622914957372,10.1232043011633,9.28465149860911,4.9733387688229,222
"PDB","pdbbywq",2021-07-14 07:50:00,"7","Summer","tank",2.37155218,0.909317804,11.146,0.7838,7.2659,0.822255566046038,1.53998447394771,2.9422641956652,3.29254196327675,5.53938778515891,223
"WEL","welinwq",2021-05-26 18:45:00,"5","Spring","isco",2.38,0.61,15.771,4.92,27.82,0.58063536183455,1.54272486205415,6.03710642821908,5.58207256328974,5.02364166682527,224
"PDB","pdbbywq",2021-05-12 21:42:00,"5","Spring","isco",2.383082837,0.58,13.123,0.76,7.65,0.535925543237085,1.54372369192158,2.87876644380212,2.58970200619563,4.9733387688229,225
"GTM","gtmpcwq",2021-01-20 06:00:01.64,"1","Winter","isco",2.39,0.95,15.504,3.62,61.4,0.901528204441898,1.54596248337403,1.62454682681236,0.559303931526229,5.61143118655315,226
"GTM","gtmpcwq",2021-01-20 07:00:02.05,"1","Winter","isco",2.39,0.88,15.437,3.24,61.23,0.834465324060421,1.54596248337403,1.52789906098427,0.501676337628894,5.48775797723916,227
"GTM","gtmpcwq",2021-01-20 05:00:01.23,"1","Winter","isco",2.42,0.86,15.557,3.47,62.93,0.81661143780859,1.5556349186104,1.52233950332025,0.511632471164374,5.45267589076452,228
"PDB","pdbbywq",2021-05-12 22:50:00,"5","Spring","isco",2.420202508,0.57,13.18,0.81,7.84,0.527017387786545,1.55570000578518,2.88797476544036,2.59522191668216,4.95662738419689,229
"GRB","grblrwq",2021-05-25 18:25:30,"5","Spring","isco",2.4308565625,0.89,20.286,5.63,66.73,0.893054410752098,1.5591204451549,1.98482703108634,2.23536451694497,5.50534120650756,230
"GTM","gtmpcwq",2020-12-07 18:30:00.03,"12","Winter","isco",2.44,2.15,18.043,4.78,116.24,2.10083387021641,1.56204993518133,2.2850348809218,1.87249178722304,7.94584838412508,231
"WEL","welinwq",2021-07-21 11:15:00,"7","Summer","isco",2.46,0.84,19.569,3.12,9.48,0.835692677852965,1.56843871413581,9.85308274483882,8.59204746657016,5.41770630037277,232
"ELK","elksmwq",2021-02-09 12:00:00,"2","Winter","isco",2.46878080297619,0.68,12.322,2.41,25.5,0.62281397091723,1.57123543842932,3.69164625161964,4.17782261839944,5.14199943622276,233
"NIW","niwolwq",2021-04-03 14:45:00,"4","Spring","tank",2.4738,0.462426778242678,14.9184811715481,3.71991631799163,13.8245606694561,0.4359357099618,1.57283184097983,6.54999936152538,5.83740582953556,4.77863616091143,234
"WEL","welinwq",2021-07-21 09:00:00,"7","Summer","isco",2.5,0.07,16.574,3.51,8.86,0.0672449436894037,1.58113883008419,6.50556294829797,5.88721241005419,4.15691627931705,235
"GTM","gtmpcwq",2021-05-04 10:00:00,"5","Spring","isco",2.51,3.03,27.651,7.69,107.47,3.33515285068809,1.58429795177549,5.01471776643828,4.40904849577353,9.91514536666114,236
"PDB","pdbbywq",2021-08-18 17:41:00,"8","Summer","isco",2.519435393,0.77,17.939,0.89,6.01,0.751478421643749,1.58727294218732,5.91831439465351,5.29619262189799,5.29619864065439,237
"WEL","welinwq",2021-03-25 12:30:00,"3","Spring","isco",2.52,0.54,6.964,2.74,10.13,0.467171091728431,1.58745078663875,2.2171222876799,2.40121871079976,4.90666197444318,238
"PDB","pdbbywq",2021-05-12 20:34:00,"5","Spring","isco",2.5258508,0.61,12.04,0.74,6.84,0.55698039771613,1.58929254701581,2.52250647150846,2.34615300823552,5.02364166682527,239
"GTM","gtmpcwq",2020-12-07 13:30:00.005,"12","Winter","isco",2.53,2.87,16.919,4.72,140.6,2.76801334114902,1.59059737205869,2.35713361363603,2.40138720469066,9.54089193390039,240
"GTM","gtmpcwq",2020-12-07 14:30:00.01,"12","Winter","isco",2.55,2.62,17.422,6.09,133.73,2.54164244879852,1.59687194226713,2.35857872638951,2.28048625319318,8.97053450583187,241
"GRB","grblrwq",2021-05-25 22:34:30,"5","Spring","isco",2.55248484375,0.94,19.52,12.98,47.43,0.934635036377093,1.59764978757862,2.79836157540057,2.58356877003063,5.59367921316042,242
"OWC","owcwmwq",2021-03-02 12:00:00.015,"3","Spring","isco",2.56,0.95,1.836,36.21,121.68,0.78046851442898,1.6,5.54925980636686,5.88563556667445,5.61143118655315,243
"GRB","grblrwq",2021-09-21 03:41:00,"9","Fall","isco",2.5653028125,1.45,19.953,5.13,92.85,1.44918547331513,1.60165627164507,3.6376975589121,4.7510424515324,6.53488798261086,244
"GTM","gtmpcwq",2020-12-08 05:30:00.085,"12","Winter","isco",2.57,2.28,14.918,5.66,124.68,2.14937385522513,1.60312195418814,1.88172052513848,1.54178621501266,8.22305679644309,245
"GTM","gtmpcwq",2020-12-08 08:30:00.1,"12","Winter","isco",2.58,2.63,15.634,4.08,132.77,2.49949718768202,1.6062378404209,2.10618000005546,1.92495405475761,8.99301131470595,246
"GTM","gtmpcwq",2021-09-28 10:59:59.99,"9","Fall","isco",2.58,3.24,27.134,8.3,163.19,3.54219635656974,1.6062378404209,4.92699007163371,7.15196518926813,10.4172791792102,247
"PDB","pdbbywq",2021-08-18 08:37:00,"8","Summer","isco",2.608537997,1.67,16.504,3.14,7.07,1.60298317112972,1.61509690018896,6.91934645721593,6.55133692040723,6.96348319728828,248
"ELK","elksmwq",2021-02-09 10:00:00,"2","Winter","isco",2.61226739880952,0.69,12.049,1.99,9.67,0.630088928246866,1.61625103211399,3.84632771854304,4.06638347534772,5.15902018507672,249
"WEL","welinwq",2021-03-25 10:15:00,"3","Spring","isco",2.68,0.51,5.604,2.52,4.46,0.435095204661738,1.63707055437449,1.75515003942066,2.00248905039569,4.85694968087597,250
"PDB","pdbgswq",2021-07-27 11:47:00,"7","Summer","tank",2.68137853,1.045051975,15.0001,0.5646,5.7423,0.986091365888913,1.63749153585599,4.83484018040536,4.68902998309504,5.78157134732523,251
"PDB","pdbbywq",2021-02-10 17:01:00,"2","Winter","isco",2.682324488,0.57,6.322,7.13,8.72,0.489871302256718,1.63778035401576,1.26987695844725,1.55166579265484,4.95662738419689,252
"SAP","sapnawq",2021-04-29 20:15:00,"4","Spring","tank",2.69173333333333,4.08639344262295,25.9480163934426,19.8675409836066,48.0495081967213,4.39931904937313,1.64065027758305,14.8134422443445,13.1904836210237,12.566833753084,253
"GTM","gtmpcwq",2021-01-20 08:00:02.46,"1","Winter","isco",2.72,1.08,15.37,3.41,62.15,1.02333902861026,1.64924225024706,1.69292825840883,0.611091275717846,5.84476612654446,254
"PDB","pdbbywq",2021-05-12 19:26:00,"5","Spring","isco",2.728581308,0.74,11.234,0.66,6.46,0.669786394524937,1.6518417926666,2.40439038191148,2.31363544009315,5.24454578965735,255
"GRB","grblrwq",2021-05-25 20:30:00,"5","Spring","isco",2.737918125,1.05,19.623,10.76,50,1.04528740028477,1.65466556288574,2.70599149805114,2.55786959325995,5.79049774162025,256
"PDB","pdbbywq",2021-08-19 08:25:00,"8","Summer","isco",2.737956987,0.59,17.021,4.24,7.95,0.569704324690875,1.65467730600259,5.42485377606142,5.01154127474391,4.99007827746964,257
"GRB","grblrwq",2021-09-21 01:37:00.025,"9","Fall","isco",2.76497828125,1.37,19.948,5.24,96.15,1.369148592611,1.66282238415593,3.45183147290558,4.65375421911512,6.38241005976029,258
"GTM","gtmpcwq",2021-01-19 15:00:00.045,"1","Winter","isco",2.77,1.55,14.822,5.52,76.59,1.4596174520095,1.66433169770932,1.91699007980673,0.921942155741842,6.72801654803908,259
"GTM","gtmpcwq",2021-05-03 23:00:00,"5","Spring","isco",2.77,3.27,28.044,6.3,107.92,3.61803978087609,1.66433169770932,5.20118884169833,4.59768238160598,10.490025045749,260
"OWC","owcwmwq",2021-03-02 08:00:00.005,"3","Spring","isco",2.77,1.2,0.746,34.57,121.95,0.975409477505849,1.66433169770932,5.56322369119626,5.86458158957757,6.06437082810631,261
"NIW","niwolwq",2021-04-03 13:30:00,"4","Spring","tank",2.77704,0.466853448275862,14.5755387931035,4.88625,15.2280172413793,0.438413794486553,1.66644531863485,6.45889391794986,5.8359926685086,4.78589634608568,262
"GRB","grbapwq",2021-06-09 12:10:00,"6","Summer","isco",2.7863415625,0.81,19.997,6.21,11.34,0.809970941433907,1.66923382499277,3.72383763958924,2.8337690202475,5.36546284494056,263
"ELK","elksmwq",2021-01-12 10:00:00,"1","Winter","isco",2.81511517857143,0.29,11.19,5.34,11.06,0.262358907222349,1.67783049756864,3.14148903448316,3.4239722686558,4.50012696708173,264
"ELK","elksmwq",2021-02-09 14:00:00,"2","Winter","isco",2.82857508214286,0.9,13.1,3.83,26.5,0.831397303082759,1.68183681792939,4.47881517944075,4.96712788829125,5.52295255979669,265
"GTM","gtmpcwq",2021-05-03 11:00:00,"5","Spring","isco",2.83,3.47,26.213,8.14,111.13,3.74851188504541,1.68226038412607,5.024570545927,4.5166303646901,10.9814660141066,266
"GTM","gtmpcwq",2020-12-07 17:30:00.025,"12","Winter","isco",2.85,2.09,18.253,5.44,108.23,2.04722963547878,1.68819430161341,2.47484440142706,1.88395929091919,7.81950910915948,267
"GTM","gtmpcwq",2021-05-04 04:00:00,"5","Spring","isco",2.86,3.43,27.798,9.66,106.41,3.78275657081913,1.69115345252878,5.58383874331145,4.84954230632119,10.8822778517719,268
"GTM","gtmpcwq",2021-05-04 07:00:00,"5","Spring","isco",2.86,2.86,27.999,9.71,101.73,3.16251874657083,1.69115345252878,5.36539032839716,4.47027923992625,9.51774014852898,269
"GTM","gtmpcwq",2021-09-13 09:03:00,"9","Fall","tank",2.86,4.22727520435967,8.60049863760217,3.64158038147141,195.148855585831,3.72013499923881,1.69115345252878,4.90174492096765,5.03729903439967,12.9441847474577,270
"GRB","grbapwq",2021-06-09 11:40:00,"6","Summer","isco",2.86866140625,0.81,20.123,4.85,11.57,0.811193199051111,1.69371231507892,3.65368296439333,2.76779386578054,5.36546284494056,271
"SAP","sapnawq",2021-04-29 22:15:00,"4","Spring","tank",2.87066666666667,4.0327868852459,23.1280327868852,44.1283606557377,30.7080327868853,4.18950436191285,1.69430418363016,16.7103503340823,14.0869626676634,12.4247149792444,272
"ELK","elksmwq",2021-01-12 06:00:00,"1","Winter","isco",2.87345267857143,0.43,11.467,4.76,10.83,0.390184244458149,1.69512615417597,3.41628565121162,3.68756562054933,4.72562102160853,273
"GTM","gtmpcwq",2020-12-08 09:30:00.105,"12","Winter","isco",2.91,2.55,15.676,4.06,134.67,2.42462423004371,1.7058722109232,1.99341267825262,1.84941280722145,8.81398431629358,274
"PDB","pdbbywq",2021-08-19 09:33:00,"8","Summer","isco",2.912435468,0.64,16.953,0.78,7.4,0.617499480881903,1.70658590993832,5.12105849960704,4.7193648223474,5.07419768101415,275
"GRB","grbapwq",2021-06-09 14:40:00,"6","Summer","isco",2.9731990625,0.84,20.794,2.87,11.29,0.848052425022837,1.7242966863333,3.81355533751594,2.83221166180385,5.41770630037277,276
"PDB","pdbbywq",2021-05-13 06:46:00,"5","Spring","isco",2.973571132,0.52,12.696,0.77,7.95,0.478228532297801,1.72440457317881,2.6313525474558,2.39798313756018,4.87349232137765,277
"GRB","grblrwq",2021-05-26 04:46:30,"5","Spring","isco",2.97576265625,0.97,19.551,11.46,42.64,0.964819449902411,1.72503989990087,2.85409456644674,2.51469534861624,5.64701950540079,278
"PDB","pdbbywq",2021-08-11 10:45:00,"8","Summer","tank",2.98239626,0.936728281,13.4629,0.5526,6.4681,0.868809022214401,1.72696156876753,3.93028287120644,4.01085945950562,5.58787737220942,279
"PDB","pdbbywq",2021-05-12 17:10:00,"5","Spring","isco",3.004409012,0.5,12.169,0.91,6.47,0.457185294268289,1.73332311240576,2.44446077608689,2.24659963437771,4.84043516439501,280
"GRB","grblrwq",2021-08-27 04:50:00.015,"8","Summer","isco",3.02361640625,1.56,24.922,3.67,101.77,1.65756538558257,1.73885491236331,2.78781828150568,4.83789714326593,6.74748408669587,281
"ELK","elksmwq",2021-01-12 22:00:00,"1","Winter","isco",3.02571517857143,0.67,11.7,3.77,13.07,0.609502545315682,1.73945830032554,3.75919962673435,4.07770091706328,5.12500681138953,282
"GTM","gtmpcwq",2020-12-08 07:30:00.095,"12","Winter","isco",3.03,2.56,15.22,5.97,130.56,2.42157657510512,1.74068951855292,2.11404716058468,1.8695972361908,8.8362642570226,283
"PDB","pdbbywq",2021-02-10 00:01:00,"2","Winter","isco",3.045526186,0.63,5.853,7.3,14.89,0.538839398312356,1.74514360039511,1.19413454541297,1.53814953304911,5.0573175522638,284
"PDB","pdbbywq",2021-05-13 11:18:00,"5","Spring","isco",3.05295012,0.68,17.561,2.75,10.32,0.66072837892464,1.74726933241558,5.13805063696222,4.23702738100478,5.14199943622276,285
"GTM","gtmpcwq",2021-01-19 18:00:00.09,"1","Winter","isco",3.07,1.31,15.099,3.74,63.51,1.2374723362117,1.75214154679352,1.85268682819143,0.730832388019382,6.2692328264927,286
"PDB","pdbbywq",2021-08-18 09:45:00,"8","Summer","isco",3.08589757,0.81,16.432,4.61,6.83,0.776852783943432,1.75667230011747,5.54161691821519,5.18170445675484,5.36546284494056,287
"GRB","grbapwq",2021-06-16 18:00:00.035,"6","Summer","isco",3.08628203125,1.61,17.905,3.44,7.02,1.57064980587233,1.75678172555671,3.74835290829742,2.9814917321374,6.84524364029068,288
"WEL","welinwq",2021-06-18 11:45:00,"6","Summer","isco",3.1,0.29,17.797,4.19,13.38,0.282556064238108,1.7606816861659,7.59081158325078,6.9068984516278,4.50012696708173,289
"PDB","pdbbywq",2021-08-19 05:01:00,"8","Summer","isco",3.124181198,1.17,16.196,1.78,6.54,1.11909157944809,1.76753534561547,5.74220434384523,5.42256544517224,6.00908997843609,290
"GTM","gtmpcwq",2020-12-08 06:30:00.09,"12","Winter","isco",3.13,2.39,14.97,5.61,126.31,2.25439329718568,1.76918060129541,1.96867663989541,1.65096051358041,8.46133013144751,291
"OWC","owcwmwq",2021-01-08 02:00:00,"1","Winter","isco",3.13,1.02,2.249,35.36,48.32,0.841390716983545,1.76918060129541,6.18415233985363,6.41345430603623,5.73648247288254,292
"HEE","heekkwq",2021-05-10 10:30:00,"5","Spring","tank",3.13,1.150373998,25.77461888,1.209278718,17.38341941,1.23570811777832,1.76918060129541,0.559731625362908,0.671638059725161,5.9730622012546,293
"GTM","gtmpcwq",2021-09-29 00:59:59.92,"9","Fall","isco",3.14,3.27,27.695,6.68,162.28,3.6014092171532,1.77200451466693,4.94557513787199,7.21016091534375,10.490025045749,294
"GRB","grbapwq",2021-09-15 07:30:00,"9","Fall","tank",3.16375953125,1.055667,17.3049,2.287833,48.47917,1.02270535328788,1.77869601991178,3.4133404752734,3.23438408942437,5.80072964870763,295
"GTM","gtmpcwq",2020-12-07 16:30:00.02,"12","Winter","isco",3.17,2.91,18.171,5.83,115.01,2.84771356192191,1.78044938147649,3.20324938958343,2.69355860435447,9.63378031559325,296
"GRB","grblrwq",2021-09-20 13:13:00,"9","Fall","isco",3.17287453125,1.41,20.014,4.5,99.33,1.41023610400371,1.78125644735675,3.36207994040531,4.66388555569866,6.4584240290198,297
"GTM","gtmpcwq",2021-05-04 09:00:00,"5","Spring","isco",3.19,3.19,27.749,8.25,108.49,3.51580184349811,1.78605710994918,5.15985731014032,4.58217431538885,10.2965985487268,298
"SAP","sapnawq",2021-02-10 22:14:00,"2","Winter","tank",3.22472,1.61811111111111,14.4408111111111,8.36816666666666,52.5841111111111,1.51724383367152,1.79575053946811,5.09820378975217,5.27863001557199,6.8611686929965,299
"GRB","grbapwq",2021-06-17 06:00:00.095,"6","Summer","isco",3.23212203125,1.38,17.493,3.58,6.7,1.33983128532385,1.79781034351513,3.31509870882918,2.63072682961917,6.40137136604409,300
"GRB","grblrwq",2021-05-26 02:42:00,"5","Spring","isco",3.23269171875,1.33,19.619,15.67,37.8,1.32396765961431,1.79796877579951,3.69468829779984,3.15616954391695,6.30684607483234,301
"PDB","pdbbywq",2021-02-09 21:45:00,"2","Winter","isco",3.232837753,0.78,4.715,11.91,16.36,0.659458544830217,1.79800938623801,1.29655253576541,1.754807120819,5.31347250569485,302
"GTM","gtmpcwq",2021-09-28 10:00:00,"9","Fall","isco",3.24,2.64,27.928,5.01,156.43,2.91650982842922,1.8,4.58442039669731,6.53156696187026,9.01551624760074,303
"OWC","owcwmwq",2021-03-02 14:00:00.02,"3","Spring","isco",3.24,0.79,2.67,32.78,109.31,0.654383019396497,1.8,5.17180432375337,5.5088084026949,5.33077449475603,304
"GTM","gtmpcwq",2021-05-04 02:00:00,"5","Spring","isco",3.25,3.6,27.431,7.68,110.8,3.9511159185518,1.80277563773199,5.33466697107422,4.81879310530223,11.306935245984,305
"ELK","elksmwq",2021-02-09 06:00:00,"2","Winter","isco",3.25144348214286,0.91,12.022,2.57,17.42,0.830741903781295,1.80317594320212,4.09885340381513,4.4990143812481,5.54059203710654,306
"OWC","owcwmwq",2021-03-02 10:00:00.01,"3","Spring","isco",3.28,1.04,1.761,41.04,130.13,0.85377853383745,1.81107702762748,6.1948983757776,6.56037485806284,5.77246452802029,307
"GTM","gtmpcwq",2021-01-19 09:00:00,"1","Winter","isco",3.3,1.15,14.867,3.74,65.96,1.08349105174126,1.81659021245849,1.6095962443827,0.603780239346388,5.97237669875956,308
"GTM","gtmpcwq",2021-01-20 04:00:00.82,"1","Winter","isco",3.3,1.35,15.04,4.61,74.93,1.27440835877034,1.81659021245849,1.74253717302551,0.77960453137813,6.34457181925487,309
"GTM","gtmpcwq",2021-05-03 20:00:00,"5","Spring","isco",3.33,3.02,28.931,7.17,105.46,3.3811131290518,1.82482875908947,5.32917192288717,4.63496876985466,9.89154359695818,310
"GRB","grblrwq",2021-05-26 00:37:30,"5","Spring","isco",3.33523546875,1.19,19.561,17.18,44.17,1.18378528888319,1.82626270529461,3.45868470251923,3.11784609951959,6.04591575419551,311
"ELK","elksmwq",2021-05-05 06:00:00,"5","Spring","isco",3.33579159763617,0.64,14.354,2.62,11.55,0.599521088548156,1.82641495767971,4.56090502322914,4.56801797357821,5.07419768101415,312
"GTM","gtmpcwq",2021-05-03 19:00:00,"5","Spring","isco",3.35,3.2,29.317,7.91,103.95,3.60124772117387,1.83030052177231,5.69781360899097,4.88347090417126,10.320678426782,313
"GRB","grblrwq",2021-05-25 16:22:30,"5","Spring","isco",3.35859265625,1.21,19.406,14.25,46.03,1.20146543846069,1.83264635329624,3.15196902596009,2.88967738053127,6.08285402603782,314
"GRB","grbsqwq",2021-07-01 23:35:59.995,"7","Summer","isco",3.36599859375,1.29,26.237,9.68,27.38,1.39397119370799,1.83466579892633,6.87816401815287,5.53041206658478,6.23173207423595,315
"GTM","gtmpcwq",2021-05-03 22:00:00,"5","Spring","isco",3.37,3.2,28.305,5.89,108.11,3.55285890709062,1.83575597506858,5.14858278179644,4.57197216287996,10.320678426782,316
"GTM","gtmpcwq",2021-05-04 08:00:00,"5","Spring","isco",3.39,3.11,27.824,7.8,106.38,3.43102284435784,1.8411952639522,5.18456240834876,4.51124810227443,10.1049719890309,317
"PDB","pdbbywq",2021-05-12 13:46:00,"5","Spring","isco",3.397877518,0.54,14.925,1.52,9.27,0.50910240460035,1.8433332628692,3.59556812748238,3.10078721511003,4.90666197444318,318
"PDB","pdbbywq",2021-02-10 19:17:00,"2","Winter","isco",3.407014668,0.68,6.051,10.78,8.64,0.582784684248281,1.8458100303119,1.51196278180139,1.84734605390869,5.14199943622276,319
"GTM","gtmpcwq",2021-05-04 06:00:00,"5","Spring","isco",3.42,2.5,28.096,10.42,93.92,2.76798994160865,1.84932420089069,5.54570461265492,4.28205441787382,8.70300647295932,320
"WEL","welinwq",2021-03-26 08:45:00,"3","Spring","isco",3.42,0.85,5.358,2.74,4.36,0.723343254290683,1.84932420089069,2.14882086027116,2.48553251739443,5.43517703355828,321
"PDB","pdbbywq",2021-05-13 07:54:00,"5","Spring","isco",3.449273985,0.54,13.261,1.1,8.58,0.49972719085376,1.8572221151494,2.88872906602201,2.59824967112492,4.90666197444318,322
"PDB","pdbbywq",2021-02-10 18:09:00,"2","Winter","isco",3.464121853,0.69,6.049,11.41,8.92,0.591342925870839,1.86121515494582,1.55646291426824,1.89858878859226,5.15902018507672,323
"GRB","grbsqwq",2021-07-01 22:35:59.995,"7","Summer","isco",3.47594828125,1.36,25.505,6.53,17.47,1.45584180787119,1.86438951972221,6.80263142700206,5.06448305551669,6.36347687749722,324
"GTM","gtmpcwq",2021-09-28 09:00:00,"9","Fall","isco",3.51,2.65,28.198,6.08,145.79,2.93803728142673,1.87349939951952,5.25194321597064,6.69665217716555,9.03804930451626,325
"GRB","grbapwq",2021-06-09 10:40:00,"6","Summer","isco",3.530923125,1,21.165,4.51,12.78,1.01412870930754,1.87907507167755,4.25910590185742,3.21919869309308,5.70061291382767,326
"NIW","niwolwq",2021-04-04 15:15:00,"4","Spring","tank",3.5511,0.468493827160493,16.8943580246914,4.10254320987654,17.6165925925926,0.45171731734907,1.8844362552233,7.66444386428237,6.73280042865073,4.78858813233567,327
"PDB","pdbbywq",2021-05-13 12:26:00,"5","Spring","isco",3.553780134,0.71,18.188,0.99,10.24,0.694941221218852,1.88514724464695,5.3264168157707,4.3287377147191,5.1931460548468,328
"PDB","pdbbywq",2021-05-12 12:38:00,"5","Spring","isco",3.560061924,0.82,16.359,1.08,9.95,0.785785652595735,1.88681263616714,4.60855777998911,3.89887056923283,5.38284920606391,329
"ELK","elksmwq",2021-02-10,"2","Winter","isco",3.56025362797619,1.21,12.732,2.32,21.72,1.11324177337574,1.88686343649353,4.80934082100937,5.27422812331662,6.08285402603782,330
"GTM","gtmpcwq",2021-01-19 14:00:00.03,"1","Winter","isco",3.57,1.15,14.926,4.23,69.28,1.08421178923043,1.88944436276912,1.59789223513935,0.626530916181868,5.97237669875956,331
"GRB","grbapwq",2021-06-17 07:00:00.1,"6","Summer","isco",3.57564359375,1.36,17.913,3.16,7.15,1.32688392416474,1.89093722628489,3.41041864366447,2.6798623291745,6.36347687749722,332
"GTM","gtmpcwq",2021-01-19 10:00:00,"1","Winter","isco",3.58,1.16,14.652,9.4,59.6,1.09027161733812,1.89208879284245,1.98872839269732,0.776024245310357,5.99071927658747,333
"GRB","grbapwq",2021-06-09 11:10:00,"6","Summer","isco",3.58931609375,0.9,20.47,5.82,11.86,0.905087117022097,1.89454904759682,3.9818315524862,3.02409432440858,5.52295255979669,334
"GTM","gtmpcwq",2021-02-02 08:15:00,"2","Winter","tank",3.59,2.87030409356725,5.21979532163743,2.32085380116957,97.6065029239767,2.43917536752454,1.89472953214964,1.51069519962695,0.85795936043519,9.5415964054208,335
"ELK","elksmwq",2021-01-13 06:00:00,"1","Winter","isco",3.62664017857143,0.63,11.152,3.63,13.61,0.56971788837365,1.90437395974935,3.44436726777163,3.81783893078075,5.0573175522638,336
"WEL","welinwq",2021-03-25 08:00:00,"3","Spring","isco",3.64,1.28,5.316,2.72,4.2,1.08880446125845,1.90787840283389,2.78642159849449,3.22941498180648,6.21302388413865,337
"LKS","lksbawq",2021-06-09 10:25:00,"6","Summer","tank",3.64,2.54842105263158,21.977,8.58210526315789,125.171578947368,2.61013060487366,1.90787840283389,18.9259282230275,22.0162013573711,8.81046900180917,338
"GTM","gtmpcwq",2020-12-08 04:30:00.08,"12","Winter","isco",3.65,2.46,14.944,6.52,130.26,2.31974120938301,1.91049731745428,2.01150882590827,1.75177811741655,8.61473043066491,339
"GTM","gtmpcwq",2021-05-04 03:00:00,"5","Spring","isco",3.66,3.62,27.808,8.93,110.02,3.99282361866548,1.9131126469709,5.52271688189209,4.96181880396792,11.3574292958144,340
"ELK","elksmwq",2021-02-10 02:00:00,"2","Winter","isco",3.66597072797619,1.25,12.624,2.49,28.46,1.14867822627434,1.91467248582524,4.70169946360267,5.33026029266801,6.15706805797111,341
"OWC","owcwmwq",2021-01-07 14:00:00,"1","Winter","isco",3.67,1.12,2.893,45.91,63,0.929786775726006,1.9157244060668,7.82525090805849,8.08294929953809,5.91751770940018,342
"WEL","welinwq",2021-03-26 04:15:00,"3","Spring","isco",3.68,1.1,7.059,3.34,13.88,0.952581065206299,1.91833260932509,3.10809815294374,3.4153930853257,5.88108566993088,343
"PDB","pdbbywq",2021-05-12 11:30:00,"5","Spring","isco",3.680558085,0.73,17.046,0.99,10.67,0.705091949697235,1.91847806476905,4.77034632290949,3.97966483722656,5.22738442069978,344
"ELK","elksmwq",2021-05-04 06:00:00,"5","Spring","isco",3.68209001093282,0.79,14.841,2.28,14.7,0.744093266724169,1.91887727875777,4.9287238044243,4.96304612668421,5.33077449475603,345
"GRB","grbapwq",2021-06-17 05:00:00.09,"6","Summer","isco",3.68217515625,1.53,17.844,3.58,7.23,1.49154363711913,1.91889946486261,3.62596792054945,2.88325435878426,6.68916584278766,346
"GTM","gtmpcwq",2021-09-28 23:59:59.925,"9","Fall","isco",3.7,2.98,28.436,5.88,160.48,3.3143646413997,1.92353840616713,4.78592166596618,7.05771740663829,9.79741775835355,347
"GTM","gtmpcwq",2021-09-28 21:59:59.935,"9","Fall","isco",3.74,2.96,28.834,9.48,150.78,3.30964047445312,1.93390796058137,5.56547622761097,7.40482862668248,9.75052358317557,348
"GTM","gtmpcwq",2021-01-19 19:00:00.105,"1","Winter","isco",3.78,1.1,15.096,3.24,63.08,1.0390636946135,1.94422220952236,1.62824140912345,0.585138213336073,5.88108566993088,349
"GTM","gtmpcwq",2021-05-03 21:00:00,"5","Spring","isco",3.78,3.42,28.78,6.85,107.21,3.82121738994476,1.94422220952236,5.54201739401863,4.88157724407326,10.8575511212401,350
"GRB","grbapwq",2021-06-16 17:00:00.03,"6","Summer","isco",3.80921546875,1.57,18.215,3.79,7.61,1.53718681714261,1.95172115548046,3.8304231608389,3.03166520856106,6.76697974937339,351
"GRB","grbsqwq",2021-07-01 19:35:59.995,"7","Summer","isco",3.8140578125,1.59,23.852,3.35,7.54,1.66677998855714,1.95296129313922,6.43020412263596,4.52440233859414,6.80605544679059,352
"GRB","grbapwq",2021-06-09 10:10:00,"6","Summer","isco",3.81605171875,1.11,21.275,7.18,12.68,1.12718658069509,1.95347170922693,4.68651457979874,3.57039774136499,5.89928762765517,353
"PDB","pdbbywq",2021-05-12 14:54:00,"5","Spring","isco",3.826752479,0.69,13.419,1.33,7.65,0.639658779261865,1.95620870026692,3.19428915719541,2.86321136585142,5.15902018507672,354
"GTM","gtmpcwq",2021-09-29 02:59:59.91,"9","Fall","isco",3.83,3.08,28.483,6.43,145.91,3.42772768224802,1.95703857907809,5.71090859177754,7.20339602244724,10.0335760754868,355
"PDB","pdbbywq",2021-02-10 23:49:00,"2","Winter","isco",3.848453209,0.74,4.21,13.26,15.47,0.622461962623408,1.96174748859276,1.20317701575522,1.67444136605657,5.24454578965735,356
"GRB","grblrwq",2021-09-20 15:17:00,"9","Fall","isco",3.8596328125,1.69,19.989,4.21,93.84,1.68977771725517,1.9645948214581,3.83004184961735,5.00800138800042,7.00312137511992,357
"GRB","grblrwq",2021-06-23 04:37:00.015,"6","Summer","isco",3.8733053125,1.5,22.959,6.86,32.66,1.55502575872341,1.96807147037398,5.0616592196985,4.4479720545054,6.63110071506594,358
"GTM","gtmpcwq",2021-05-04 05:00:00,"5","Spring","isco",3.91,3.15,27.969,10.93,100.49,3.48181245878237,1.97737199332852,5.76767069755723,4.74280302991839,10.200560276713,359
"PDB","pdbbywq",2021-05-13 05:38:00,"5","Spring","isco",3.940966849,0.73,11.69,0.68,7.5,0.66401262566632,1.98518685493331,2.54035082196481,2.41494355555463,5.22738442069978,360
"GTM","gtmpcwq",2021-01-19 13:00:00.015,"1","Winter","isco",3.97,1.68,14.555,3.71,78.32,1.5772943981357,1.99248588451713,1.87222757282421,0.916646688462277,6.98328822419374,361
"GTM","gtmpcwq",2021-09-29 04:59:59.9,"9","Fall","isco",3.97,2.6,28.771,7.03,124.57,2.90466976852797,1.99248588451713,6.59966896378563,6.88531178271155,8.92566526014589,362
"NIW","niwolwq",2021-04-04 13:50:00,"4","Spring","tank",3.97005,0.512920353982302,16.1899056047198,4.84410029498524,19.1122713864307,0.490568237685296,1.99249843161795,7.36101030010029,6.59552081239041,4.86177781015183,363
"GTM","gtmpcwq",2021-05-03 15:00:00,"5","Spring","isco",3.98,3.19,28.258,12.54,105.02,3.53954741960433,1.994993734326,5.7090669522781,4.91933003170151,10.2965985487268,364
"GTM","gtmpcwq",2021-09-29 05:59:59.895,"9","Fall","isco",4.03,2.59,28.744,6.75,128,2.89245459443435,2.00748598998847,6.35236820314002,6.84680486842358,8.90327282333398,365
"OWC","owcwmwq",2021-03-02 20:00:00.035,"3","Spring","isco",4.03,1.14,3.288,30.1,111.53,0.950115936651462,2.00748598998847,5.73838049530572,6.21479012896779,5.95406224495238,366
"MAR","marscwq",2021-01-26 11:00:00,"1","Winter","tank",4.03922868333836,0.68,18.12,5.53,6.12,0.665048167022396,2.0097832428743,6.12862028242101,6.56091762606993,5.14199943622276,367
"GTM","gtmpcwq",2021-09-29 07:59:59.885,"9","Fall","isco",4.07,2.6,28.758,5.31,132.24,2.90416537256865,2.0174241001832,6.00065463161332,6.74785379824189,8.92566526014589,368
"GRB","grbapwq",2021-06-09 14:10:00,"6","Summer","isco",4.07525953125,1.11,20.946,3.9,11.6,1.1227010241608,2.01872720575366,4.28448725676043,3.22815774185112,5.89928762765517,369
"GTM","gtmpcwq",2021-02-05 09:00:00,"2","Winter","tank",4.08,2.90100977198697,4.25267589576547,2.17780130293161,85.3705537459281,2.44127535284867,2.01990098767242,1.46653554085701,0.795719674786409,9.61286391954929,370
"GTM","gtmpcwq",2021-05-03 14:00:00,"5","Spring","isco",4.09,3.42,28.947,9.97,106.69,3.82976308726478,2.02237484161567,5.78480949269759,5.07604640370931,10.8575511212401,371
"PDB","pdbbywq",2021-05-12 16:02:00,"5","Spring","isco",4.095727321,0.72,13.558,1.09,7.6,0.668500177263772,2.02379033523732,3.27485820513255,2.92541139697214,5.21025117576293,372
"GRB","grbsqwq",2021-07-02 00:35:59.995,"7","Summer","isco",4.10545296875,1.43,26.689,13.18,37.72,1.55433372745783,2.02619174037158,7.02520532498241,6.14691289734546,6.49659975777389,373
"GRB","grblrwq",2021-05-25 10:18:00,"5","Spring","isco",4.11114984375,1.07,19.576,13.47,49.48,1.06460195373568,2.02759706148682,2.91818730909429,2.74912481668385,5.82664854088233,374
"GTM","gtmpcwq",2021-05-04 01:00:00,"5","Spring","isco",4.14,3.91,27.289,7.94,111.44,4.28336774721941,2.03469899493758,5.59279267479109,5.06421401081217,12.1022347656703,375
"GTM","gtmpcwq",2021-09-29 01:59:59.915,"9","Fall","isco",4.15,3.35,28.406,6.79,150.64,3.72439362696763,2.03715487874634,5.71324199953389,7.46599840198742,10.6852514800973,376
"OWC","owcwmwq",2021-03-02 16:00:00.025,"3","Spring","isco",4.17,0.83,4.128,29.99,106.29,0.697591383080707,2.04205778566621,5.42731462509344,5.85616172879874,5.40026369120798,377
"WEL","welinwq",2021-03-25 21:30:00,"3","Spring","isco",4.18,1.38,5.452,2.73,4.25,1.17549354202746,2.04450483002609,3.00098407610532,3.45650026154172,6.40137136604409,378
"OWC","owcwmwq",2021-03-03 08:00:00.065,"3","Spring","isco",4.2,1.3,0.878,39.93,121.41,1.05805119436576,2.04939015319192,6.33463766061163,6.68028878629068,6.25046838835396,379
"PDB","pdbbywq",2021-08-19 06:09:00,"8","Summer","isco",4.200865886,1.54,16.443,1.59,7.05,1.47716572975046,2.04960139685745,6.49400648949825,6.14544070381882,6.70857713340301,380
"GTM","gtmpcwq",2021-07-23 04:29:59.895,"7","Summer","isco",4.22,2.45,30.4,12.27,174.35,2.79798654117158,2.05426385841741,2.4941561280233,5.96383974519272,8.59273173014312,381
"GRB","grbsqwq",2021-07-01 21:35:59.995,"7","Summer","isco",4.220245,1.66,24.846,6.4,11.62,1.76211789611528,2.05432348961891,7.13825395560675,5.14765494272819,6.94370629440354,382
"GTM","gtmpcwq",2021-01-19 20:00:00.12,"1","Winter","isco",4.24,1.29,15.101,3.29,64.13,1.21860716102007,2.0591260281974,1.79840589049725,0.703031063402849,6.23173207423595,383
"NIW","niwolwq",2021-02-20 15:38:00,"2","Winter","tank",4.24137,0.783698630136988,11.9049259259259,6.18767676767676,69.3662962962963,0.71452773367299,2.05945866673745,4.90822824084655,5.82007467334884,5.31986859415849,384
"PDB","pdbbywq",2021-05-12 23:58:00,"5","Spring","isco",4.245919218,0.84,12.791,0.93,7.91,0.773331001231685,2.06056284009976,3.11957156341418,2.87360864800509,5.41770630037277,385
"GRB","grbapwq",2021-06-17 04:00:00.085,"6","Summer","isco",4.25186265625,2.16,17.969,4.53,8.63,2.10878171440517,2.06200452381899,4.54995716068248,3.74449940275097,7.96700336402521,386
"PDB","pdbbywq",2021-05-13 13:34:00,"5","Spring","isco",4.26819102,0.67,15.948,1.13,9.29,0.639034559026569,2.06596007221824,4.20916284239561,3.55885096302406,5.12500681138953,387
"GTM","gtmpcwq",2020-12-07 15:30:00.015,"12","Winter","isco",4.27,2.45,17.935,4.94,126.31,2.39095608552593,2.06639783197718,2.35434565250723,2.14408252397114,8.59273173014312,388
"GTM","gtmpcwq",2021-05-03 18:00:00,"5","Spring","isco",4.27,3.13,29.851,9.35,99.59,3.54796850957999,2.06639783197718,6.10440314214967,5.02745213322195,10.1527098848305,389
"PDB","pdbbywq",2021-02-10 20:25:00,"2","Winter","isco",4.271046379,0.67,5.141,12.62,10.96,0.56890833169232,2.0666510056127,1.34629613321896,1.74543751757816,5.12500681138953,390
"GRB","grbapwq",2021-06-16 19:00:00.04,"6","Summer","isco",4.289746875,1.84,18.39,2.78,7.84,1.80524278417081,2.07117041186861,4.17522622021472,3.32865065777663,7.30399352149933,391
"GTM","gtmpcwq",2021-07-23 05:29:59.89,"7","Summer","isco",4.29,2.42,30.163,11.58,178.37,2.75480880863562,2.0712315177208,2.27398414785597,5.82776778324547,8.52690437270206,392
"GTM","gtmpcwq",2021-09-28 22:59:59.93,"9","Fall","isco",4.31,2.99,28.689,5.99,153.97,3.33671479226821,2.07605394920267,5.17213905619424,7.14080482478249,9.82090703197363,393
"ELK","elksmwq",2021-01-13,"1","Winter","isco",4.31312142857143,0.42,11.552,3.52,11.82,0.381462040201729,2.07680558275719,3.31310438214624,3.58825611840305,4.70933149729334,394
"GRB","grbapwq",2021-06-09 09:40:00,"6","Summer","isco",4.32734625,1.06,21.302,6.38,13.17,1.07676546444523,2.0802274515062,4.54691981265692,3.46358555445125,5.80855907924093,395
"ELK","elksmwq",2021-01-12 12:00:00,"1","Winter","isco",4.34789642857143,0.38,11.293,3.36,12.94,0.344164153645564,2.08516100782923,3.11639694572413,3.42635281828561,4.64445464023985,396
"GRB","grbapwq",2021-06-28 10:45:00,"6","Summer","tank",4.3803271875,1.0105,22.5230666666666,4.18033333333333,6.48133333333333,1.04193793883703,2.09292312030328,5.12602897300743,3.59058854129695,5.71943040547614,397
"GTM","gtmpcwq",2021-01-20 03:00:00.41,"1","Winter","isco",4.39,1.16,15.215,4.09,67.36,1.09721482679066,2.0952326839757,1.68953480911073,0.662742730033389,5.99071927658747,398
"GND","gndblwq",2021-06-11 10:33:00,"6","Summer","tank",4.39,1.679463722,28.05616088,6.404794953,56.6381388,1.85851511989406,2.0952326839757,13.8198318595997,12.0079849561358,6.98222541049869,399
"SAP","sapnawq",2021-04-29 10:15:00,"4","Spring","tank",4.41168,5.19403225806451,22.8954354838709,14.1756906077348,38.6174193548387,5.38032942329314,2.10039996191202,15.7780594612911,13.9059748554489,15.6842164827748,400
"GTM","gtmpcwq",2021-09-28 11:59:59.985,"9","Fall","isco",4.43,3.45,27.617,7.14,166.64,3.79575250024298,2.10475651798492,4.90858370841833,7.40246640068996,10.9318156848978,401
"GTM","gtmpcwq",2021-07-23 06:29:59.885,"7","Summer","isco",4.44,2.41,30.189,11.58,179.84,2.74439666026403,2.10713075057055,2.21484151379037,5.82855823618239,8.50501816826316,402
"OWC","owcwmwq",2021-01-08,"1","Winter","isco",4.45,1.13,2.65,44.46,57.43,0.935830815045967,2.1095023109729,7.57913384887698,7.83266168200944,5.93577591516592,403
"OWC","owcwmwq",2021-01-08 04:00:00,"1","Winter","isco",4.45,1.81,1.92,30.68,36.25,1.48822609053413,2.1095023109729,7.23007562567878,7.68686796788892,7.24331285985045,404
"NIW","niwolwq",2021-02-20 11:00:00,"2","Winter","tank",4.45683,1.5178527607362,9.72873312883436,7.10604294478527,118.70236196319,1.35180890716396,2.11112055553443,4.73227382002962,6.66687871644409,6.6656243143544,405
"OWC","owcwmwq",2021-03-02 04:00:00,"3","Spring","isco",4.47,1.33,1.461,55.17,132.47,1.08864510307855,2.1142374511866,8.23696173077058,8.65973987671239,6.30684607483234,406
"GTM","gtmpcwq",2021-09-29 03:59:59.905,"9","Fall","isco",4.49,2.99,28.365,6.88,136.45,3.32234926135193,2.11896201004171,6.18646435907972,7.12000362180467,9.82090703197363,407
"ELK","elksmwq",2021-05-05 04:00:00,"5","Spring","isco",4.49896063888778,0.99,15.52,2.42,16.97,0.93965790634809,2.1210753496488,5.55268670305763,5.57287407749838,5.68272032033132,408
"ELK","elksmwq",2021-01-12 14:00:00,"1","Winter","isco",4.50064642857143,0.55,11.637,3.48,13.15,0.49999522886674,2.12147270276368,3.51931452182751,3.82699956868346,4.92328898700702,409
"GRB","grblrwq",2021-05-26 08:54:00,"5","Spring","isco",4.52787625,0.94,20.075,7.69,53.99,0.940843844255178,2.12788069449394,2.41927977578168,2.36396837238521,5.59367921316042,410
"NIW","niwolwq",2021-02-21 15:52:00,"2","Winter","tank",4.52865,0.836739811912226,10.632724137931,5.78689655172413,66.5559874608151,0.752450111886132,2.12806249908221,4.54271092309219,5.40353219695938,5.41201659185769,411
"PDB","pdbbywq",2021-02-09 22:53:00,"2","Winter","isco",4.536023719,0.86,5.387,6.99,17.58,0.732069227354986,2.1297942903013,1.29215234472311,1.71785669674635,5.45267589076452,412
"PDB","pdbbywq",2021-02-10 22:41:00,"2","Winter","isco",4.544589796,0.98,3.616,15.42,16.19,0.819445185168386,2.13180435218619,1.41444696071062,1.99633772026369,5.6648558508557,413
"GRB","grbapwq",2021-06-16 20:00:00.045,"6","Summer","isco",4.5535121875,2.23,18.442,2.61,8.08,2.18921141455485,2.1338960114073,4.72104853072106,3.8229883249219,8.11587569590634,414
"GTM","gtmpcwq",2021-09-29 06:59:59.89,"9","Fall","isco",4.57,2.72,28.734,6.23,128.62,3.03723008503661,2.1377558326432,6.40152104381449,6.92138560847309,9.19656817550511,415
"WEL","welinwq",2021-03-26 06:30:00,"3","Spring","isco",4.58,0.92,5.31,3.28,4.82,0.78253044525553,2.14009345590327,2.26614669746709,2.62715476264364,5.55825963843711,416
"NIW","niwolwq",2021-02-20 14:32:00,"2","Winter","tank",4.61643,0.838016194331984,11.1236720647773,6.08493927125506,71.3032388663968,0.757597777722657,2.14858790837145,4.6667999578437,5.61984908265977,5.41424378945887,417
"PDB","pdbbywq",2021-05-12 18:18:00,"5","Spring","isco",4.621684496,0.69,12.187,0.81,6.62,0.631039909942846,2.14981033954161,2.69174423711195,2.49619612368675,5.15902018507672,418
"GRB","grbapwq",2021-06-24 08:30:00,"6","Summer","tank",4.6349775,1.30583333333333,20.83545,4.45716666666667,7.68516666666666,1.31901142449323,2.15289978865715,4.67138809144922,3.44948980689743,6.26141089275182,419
"GRB","grblrwq",2021-06-23 02:33:00,"6","Summer","isco",4.6480803125,1.79,23.131,9.73,28.42,1.8596294508519,2.1559407024545,5.92895258952633,5.04294044374937,7.20299970552147,420
"OWC","owcwmwq",2021-01-07 12:00:00,"1","Winter","isco",4.65,1.04,1.933,23.03,26.56,0.855222652969793,2.15638586528478,4.87218577126836,5.09923618708605,5.77246452802029,421
"ELK","elksmwq",2021-02-10 04:00:00,"2","Winter","isco",4.65003947797619,1.33,12.449,2.72,27.79,1.21984770019458,2.1563950190019,4.8018515658109,5.44786546367549,6.30684607483234,422
"GTM","gtmpcwq",2021-07-22 08:30:00,"7","Summer","isco",4.68,2.93,30.371,15.34,155.3,3.34483873922821,2.16333076527839,3.76102910251936,6.46593059484271,9.68039325056401,423
"GRB","grbsqwq",2021-10-01 09:50:00,"10","Fall","tank",4.6834009375,1.209833,18.55083,2.149167,36.85317,1.18922355369787,2.16411666448461,4.39726537932885,3.77253210601254,6.08254512571855,424
"GRB","grbsqwq",2021-07-01 20:35:59.995,"7","Summer","isco",4.702200625,1.74,24.245,4.71,8.75,1.83305431470745,2.16845581578228,6.90953947286264,4.91158729351238,7.10270899006167,425
"NIW","niwolwq",2021-02-21 16:34:00,"2","Winter","tank",4.70421,0.805882352941177,10.6792156862745,5.2793725490196,68.2891372549019,0.725063616163386,2.16891908562768,4.42816351705965,5.307340703568,5.35831192952209,426
"NIW","niwolwq",2021-02-27 11:13:00,"2","Winter","tank",4.70421,0.863003663003664,16.1570293040293,5.69472527472528,50.7644688644689,0.825085314229267,2.16891908562768,7.36932565306089,7.67897379034335,5.4579374501916,427
"OWC","owcwmwq",2021-03-02 18:00:00.03,"3","Spring","isco",4.75,1.31,4.486,34.01,114.19,1.10499375234334,2.17944947177034,6.82524792143817,7.47173952211456,6.2692328264927,428
"GTM","gtmpcwq",2021-09-28 19:59:59.945,"9","Fall","isco",4.76,3.83,29.199,7.71,147.13,4.30340926889195,2.18174242292714,6.499242653757,8.1520077454858,11.8944087700383,429
"PDB","pdbbywq",2021-05-13 04:30:00,"5","Spring","isco",4.789579621,0.96,11.796,0.68,7.57,0.874230101760112,2.18851082268286,2.89429253264053,2.76589087301975,5.62921128396661,430
"GTM","gtmpcwq",2021-04-06 08:51:00,"4","Spring","tank",4.79,2.994617,7.326304,4.839388,91.15253,2.60048545040001,2.18860686282393,1.87901141706785,1.13602714656322,9.83176151958921,431
"LKS","lksbawq",2021-06-09 08:30:00,"6","Summer","tank",4.79,2.57875,21.446375,9.11125,125.94625,2.62413906538024,2.18860686282393,18.8257591858936,21.8929290680793,8.87811494891411,432
"GTM","gtmpcwq",2021-09-28 20:59:59.94,"9","Fall","isco",4.8,3.34,29.199,7.79,146.29,3.75284254780655,2.19089023002066,6.09850255525138,7.71356432980793,10.6607497417313,433
"GTM","gtmpcwq",2021-07-23 03:29:59.9,"7","Summer","isco",4.81,2.58,30.677,13.52,168.16,2.95764005167869,2.19317121994613,2.90175457712686,6.21153814070476,8.8809085105428,434
"NIW_isco","niwwswq",2021-07-28 02:59:59.925,"7","Summer","isco",4.85184,1.45,29.343,8.78,91.18,1.63238656664213,2.20268926542079,10.5767403727767,11.4027235618201,6.53488798261086,435
"GTM","gtmpcwq",2021-01-20 02:00:00,"1","Winter","isco",4.86,1.9,14.983,4.8,78.92,1.79245835805134,2.20454076850486,2.23671797960261,1.18595104350677,7.4261141933566,436
"ELK","elksmwq",2021-01-13 04:00:00,"1","Winter","isco",4.87317767857143,0.86,11.042,3.61,16.02,0.776786080267766,2.20752750346885,3.71787721347689,4.18098837875447,5.45267589076452,437
"ELK","elksmwq",2021-02-10 06:00:00,"2","Winter","isco",4.90852153630952,0.72,12.453,2.8,23.68,0.660397653438636,2.21551834483705,3.87677068331323,4.32718869973906,5.21025117576293,438
"PDB","pdbbywq",2021-05-13 01:06:00,"5","Spring","isco",4.9157865,1.03,12.532,0.88,7.82,0.945554883676393,2.21715730159139,3.29062849756898,3.07783669051155,5.75445943844105,439
"GRB","grblrwq",2021-05-26 10:58:30,"5","Spring","isco",4.92352421875,1.16,20.063,12.23,46.48,1.16087459974265,2.21890157932929,3.15211179432136,2.86925305311172,5.99071927658747,440
"PDB","pdbgswq",2021-09-09 09:07:00,"9","Fall","tank",5.02260871,1.626029106,13.2536,0.2252,3.0661,1.50463781072594,2.24111773675548,7.41657801037622,6.7442634223362,6.87673243579777,441
"NIW","niwolwq",2021-04-04 11:50:00,"4","Spring","tank",5.05932,0.786716981132077,15.2923698113207,4.52143396226416,25.5186792452831,0.744787617254426,2.24929322232563,7.10817999076314,6.69290789708366,5.32509111815086,442
"GRB","grbapwq",2021-06-17 00:00:00.065,"6","Summer","isco",5.1089575,2.59,19.521,3.69,10.96,2.57524843381687,2.26030031190548,5.68322743708476,4.62481870811852,8.90327282333398,443
"OWC","owcwmwq",2021-01-08 06:00:00,"1","Winter","isco",5.13,1,2.625,46.52,64.79,0.82796386291279,2.26495033058122,7.53428738960574,7.77742162497146,5.70061291382767,444
"NIW","niwolwq",2021-02-21 11:15:00,"2","Winter","tank",5.13114,1.48373801916933,9.89096166134185,7.71733333333333,116.719936102236,1.32371323777166,2.26520197774945,4.79431712985198,6.70885636921893,6.59973137204799,445
"GRB","grbapwq",2021-06-16 23:00:00.06,"6","Summer","isco",5.1539628125,2.65,19.671,3.07,10.19,2.63961467911833,2.27023408759978,5.82210620301646,4.70176302746202,9.03804930451626,446
"GTM","gtmpcwq",2021-09-02 10:31:00,"9","Fall","tank",5.16,5.11646634615382,5.79880769230769,5.00983173076923,186.533533653846,4.37369259055767,2.27156333832011,7.23897370315035,6.85748508055617,15.4546765541777,447
"GRB","grblrwq",2021-05-25 12:18:00,"5","Spring","isco",5.16792015625,1.4,19.463,13.29,47.2,1.39106682654894,2.27330599705583,3.2553748167214,3.0187433162673,6.43937835067384,448
"MAR","marscwq",2021-01-26 15:00:00,"1","Winter","tank",5.19620367580597,0.85,18.53,6.57,6.18,0.835315759234354,2.27951829907241,6.75582830042172,7.14094847263519,5.43517703355828,449
"ELK","elksmwq",2021-01-13 02:00:00,"1","Winter","isco",5.20857767857143,1.07,11.263,3.86,16.19,0.968779017885268,2.28223085566983,4.17368520605726,4.65876008668533,5.82664854088233,450
"NIW_isco","niwwswq",2021-06-29 02:00:00,"6","Summer","isco",5.22291,1.42,27.703,11.2,79.35,1.56407950584807,2.2853686792288,11.0236755406254,10.9074280675754,6.47749783138648,451
"OWC","owcwmwq",2021-03-03 00:00:00.045,"3","Spring","isco",5.23,1.5,2.4,35.62,117.47,1.23918513018731,2.28691932520585,6.73350014240177,7.27036892632113,6.63110071506594,452
"PDB","pdbbywq",2021-08-19 07:17:00,"8","Summer","isco",5.261627295,1.15,16.572,3.04,6.94,1.10471297868799,2.29382372797039,6.02020932454627,5.64238099684156,5.97237669875956,453
"GRB","grbapwq",2021-06-16 16:00:00.025,"6","Summer","isco",5.26305796875,1.98,18.912,6.64,8.19,1.95456900283862,2.29413556023832,4.87079358231631,3.885326195516,7.5905167009934,454
"GRB","grbapwq",2021-06-16 21:00:00.05,"6","Summer","isco",5.3146146875,2.89,19.171,2.68,8.95,2.86163050699379,2.30534480880844,5.9994225722716,4.899686881694,9.58727987670538,455
"PDB","pdbbywq",2021-05-13 02:14:00,"5","Spring","isco",5.38463649,1.16,12.363,0.89,7.75,1.06292469274952,2.3204819520953,3.41970195817244,3.2301434819511,5.99071927658747,456
"GTM","gtmpcwq",2021-07-22 07:30:00,"7","Summer","isco",5.41,2.95,30.115,13.33,170.18,3.35594182283216,2.3259406699226,2.95941387621978,6.27649079729124,9.72711868161766,457
"OWC","owcwmwq",2021-01-07 22:00:00,"1","Winter","isco",5.44,1.22,2.826,42.74,61.46,1.01213022745211,2.33238075793812,7.62857325587419,7.91011256996187,6.10136534799006,458
"GTM","gtmpcwq",2021-01-19 21:00:00.135,"1","Winter","isco",5.49,1.13,15.02,3.26,64.51,1.06648620376138,2.343074902772,1.61937401314746,0.594480504475102,5.93577591516592,459
"GTM","gtmpcwq",2021-01-19 10:59:59.99,"1","Winter","isco",5.53,1.38,14.746,13.2,62.16,1.29841910730312,2.35159520326097,2.42181334074539,1.08586101025869,6.40137136604409,460
"SAP","sapnawq",2021-07-22 11:20:00,"7","Summer","tank",5.538,4.65786885245902,28.568393442623,14.1018032786885,101.675901639344,5.18963365558874,2.35329556154768,12.2380606096264,15.7714087852879,14.1321302817833,461
"GRB","grblrwq",2021-06-23 06:41:00.035,"6","Summer","isco",5.57610125,1.84,23.166,8.79,31.88,1.91240598944696,2.36137698176297,5.76108613674421,5.03156969069171,7.30399352149933,462
"SAP","sapnawq",2021-07-22 14:15:00,"7","Summer","tank",5.59896,6.29262295081967,30.8420655737705,48.142131147541,112.018524590164,7.23004835436154,2.36621216293045,13.7051964912768,17.8677792093834,19.1169608366033,463
"MAR","marscwq",2021-08-19 10:02:00,"8","Summer","tank",5.6,0.45,30.29,3.37,5.01,0.513144999285977,2.36643191323985,14.5955432387163,13.1854496627236,4.75828444230105,464
"GTM","gtmpcwq",2021-09-28 15:59:59.965,"9","Fall","isco",5.65,3.94,30.643,9.45,116.92,4.51460182633063,2.37697286480094,8.97947683071978,8.64624071798815,12.1806335603742,465
"GTM","gtmpcwq",2021-09-17 10:38:00,"9","Fall","tank",5.65,3.66426136363638,11.5448181818182,5.96924242424242,186.436344696969,3.32777997898829,2.37697286480094,4.07583334246136,4.49160854726108,11.469576036005,466
"GRB","grbsqwq",2021-07-01 18:35:59.995,"7","Summer","isco",5.65386359375,1.97,23.79,3.64,7.13,2.06352606354922,2.37778543896416,6.96771718431987,4.94970324328798,7.56986795346628,467
"PDB","pdbbywq",2021-05-13 03:22:00,"5","Spring","isco",5.665603841,1.01,11.997,0.81,7.49,0.92178064305664,2.38025289433707,3.0530222515946,2.90079705678965,5.71853363134474,468
"NIW_isco","niwwswq",2021-06-29 03:00:00,"6","Summer","isco",5.667795,1.38,27.507,14.12,83.96,1.5161067569681,2.38071312845542,10.915433439596,11.1506583799235,6.40137136604409,469
"NIW","niwolwq",2021-02-21 12:39:00,"2","Winter","tank",5.67777,1.3208832807571,10.1719085173502,6.50173501577286,106.915141955836,1.18196560280733,2.38280716802682,4.63098771992134,6.32645283307876,6.28968665128536,470
"GRB","grbapwq",2021-06-17 03:00:00.08,"6","Summer","isco",5.688899375,2.59,18.354,5.26,10.09,2.54000259338828,2.38514137421663,5.33641946741686,4.45391472251004,8.90327282333398,471
"GRB","grbapwq",2021-06-16 22:00:00.055,"6","Summer","isco",5.7396015625,2.52,19.451,4.37,9.31,2.50356330829442,2.39574655639949,5.66157969732709,4.55805936184544,8.74731323823086,472
"NIW","niwolwq",2021-02-20 12:32:00,"2","Winter","tank",5.7456,0.980292207792209,11.0021720779221,6.79454545454544,87.9521827411167,0.885058014098652,2.39699812265258,4.6343365254805,5.93800322653842,5.66537746567815,473
"NIW","niwolwq",2021-02-21 14:25:00,"2","Winter","tank",5.7456,0.992903225806451,10.754935483871,7.04078341013825,74.5211981566821,0.894057297279496,2.39699812265258,4.8399269187683,5.89646180325006,5.68791204697797,474
"MAR","marscwq",2021-08-19 06:42:00,"8","Summer","tank",5.75,0.66,28.52,4.17,5.99,0.734874946156715,2.39791576165636,13.4211138680656,12.51763356822,5.10804231057701,475
"ELK","elksmwq",2021-05-04 18:00:00,"5","Spring","isco",5.77693767913489,1.26,15.629,3.55,14,1.19740969558453,2.40352609287582,6.29138594872941,6.21618351014672,6.17569187600623,476
"GRB","grbsqwq",2021-07-02 04:35:59.995,"7","Summer","isco",5.8045459375,1.69,23.552,19.77,10.64,1.76497112877522,2.40926252980035,7.90753962654651,5.9307002963621,7.00312137511992,477
"GTM","gtmpcwq",2021-01-19 23:59:59.725,"1","Winter","isco",5.84,1.46,14.924,3.07,68.04,1.37644653822225,2.41660919471891,1.85469887755228,0.785410313759619,6.55407428106044,478
"GRB","grbgbewq",2021-09-28 07:35:00,"9","Fall","tank",5.84698765625,1.4325,19.51325,1.418,31.42133,1.42420983019472,2.41805451887463,5.23475257569033,4.28873838570087,6.50137963374898,479
"GTM","gtmpcwq",2021-01-19 22:00:00,"1","Winter","isco",5.86,1.55,14.937,3.36,65.99,1.46151019010904,2.42074368738204,1.99960391655856,0.85952806790591,6.72801654803908,480
"NIW_isco","niwwswq",2021-06-29 04:00:00,"6","Summer","isco",5.867295,1.42,27.312,17.86,89.44,1.55606533579383,2.42224998709877,10.9515631355166,11.5922790940572,6.47749783138648,481
"GRB","grbsqwq",2021-07-02 06:35:59.995,"7","Summer","isco",5.8751871875,1.4,22.549,15.26,8.15,1.44401754244129,2.4238785422335,6.66213586929627,4.92365231608567,6.43937835067384,482
"GRB","grbsqwq",2021-07-02 07:35:59.995,"7","Summer","isco",5.87604171875,1.56,22.338,11.41,8.4,1.6048712524236,2.42405480935353,6.35030475142388,4.69822277673176,6.74748408669587,483
"GTM","gtmpcwq",2021-07-22 14:29:59.965,"7","Summer","isco",5.88,2.32,30.49,11.8,157.51,2.65278262181326,2.42487113059643,3.1285763478324,5.87322341394534,8.3093079092455,484
"NIW","niwolwq",2021-02-21 09:58:00,"2","Winter","tank",5.89323,1.63827361563518,9.71084039087948,8.31013029315961,125.170781758958,1.45877845956715,2.42759757785346,4.94562781647957,7.056585435625,6.90083516442573,485
"GRB","grbsqwq",2021-07-02 02:35:59.995,"7","Summer","isco",5.90167765625,1.62,26.072,38.94,30.06,1.74684382470421,2.42933687582641,10.3003935612055,8.71941428110465,6.8648799230718,486
"LKS","lksbawq",2021-07-13 04:00:00,"7","Summer","isco",5.97,1.06,23.8,4.94,76.32,1.11046277002245,2.44335834457412,19.9008754941095,19.0726310394343,5.80855907924093,487
"WEL","welinwq",2021-03-25 17:00:00,"3","Spring","isco",5.98,1.09,6.526,3.18,8.24,0.93873962277804,2.4454038521275,2.92827345963304,3.23769054686344,5.86291183622731,488
"GRB","grbapwq",2021-09-29 13:30:00,"9","Fall","tank",5.99795484375,1.474333,19.68875,1.6605,27.81433,1.46886567451889,2.44907224143144,5.53064395935388,4.41633346304771,6.58162304598303,489
"GTM","gtmpcwq",2021-07-23 02:29:59.905,"7","Summer","isco",6.01,2.63,30.78,16.64,161.5,3.01922191281411,2.45153013442625,3.41038767743282,6.50147994997737,8.99301131470595,490
"GRB","grbapwq",2021-07-08 12:45:00,"7","Summer","tank",6.05492359375,1.428333,20.3326,2.2215,11.77817,1.43403682293348,2.460675434459,4.26993809230803,3.29023872756182,6.49341351327564,491
"OWC","owcwmwq",2021-01-07 16:00:00,"1","Winter","isco",6.06,1.07,3.151,41.12,67.33,0.890559469962262,2.46170672501823,7.27143313306912,7.52589307641217,5.82664854088233,492
"GTM","gtmpcwq",2021-07-22 09:29:59.99,"7","Summer","isco",6.07,2.6,30.071,15.15,144.37,2.95600979938796,2.46373699895098,4.07693734383421,6.18018172227445,8.92566526014589,493
"OWC","owcwmwq",2021-03-02 22:00:00.04,"3","Spring","isco",6.07,1.69,3.155,40.26,118.1,1.40664058568634,2.46373699895098,7.8240050945907,8.49940373615746,7.00312137511992,494
"GRB","grbsqwq",2021-07-01 17:35:59.995,"7","Summer","isco",6.07144453125,2.14,24.291,4.73,8.34,2.2557533622961,2.46403014008555,7.50555638861241,5.36699230643412,7.92472152824568,495
"OWC","owcwmwq",2021-03-03 02:00:00.05,"3","Spring","isco",6.08,1.6,2.18,45.25,121.62,1.31893083242188,2.46576560118759,7.87468076021165,8.44379251585399,6.82563548153027,496
"GRB","grblrwq",2021-06-22 22:24:59.98,"6","Summer","isco",6.101353125,2.41,23.592,11.65,32.01,2.51816948755169,2.47009172400541,6.8867440695913,6.00507041899164,8.50501816826316,497
"PDB","pdbgswq",2021-07-08 12:15:00,"7","Summer","tank",6.11403091,1.927962578,16.1494,0.111,7.2519,1.84309167351376,2.47265665024483,6.91889436446583,6.63937789900857,7.48337355126739,498
"GRB","grbapwq",2021-06-17 02:00:00.075,"6","Summer","isco",6.117304375,2.61,18.87,4.69,10.63,2.57520050202446,2.47331849445234,5.52222874888689,4.56430430486213,8.94808582097852,499
"GRB","grbsqwq",2021-07-02 08:35:59.995,"7","Summer","isco",6.11986796875,1.32,22.417,15.55,9.47,1.35928908986565,2.47383668999188,6.46195656811597,4.82687036429498,6.28802538865216,500
"GTM","gtmpcwq",2021-07-22 15:29:59.96,"7","Summer","isco",6.13,2.25,30.69,11.19,160.07,2.57979702157493,2.47588368062799,2.96027125067841,5.83980940857369,8.15866376405887,501
"GTM","gtmpcwq",2021-01-19 12:00:00,"1","Winter","isco",6.16,1.05,14.643,3.43,67.33,0.986783969893377,2.48193472919817,1.43644115428944,0.511651671237876,5.79049774162025,502
"GRB","grblrwq",2021-05-25 14:18:00,"5","Spring","isco",6.16316421875,1.66,19.222,24.45,41.68,1.64469796332355,2.48257209739214,4.45993839780706,4.00272691228415,6.94370629440354,503
"PDB","pdbgswq",2021-07-14 09:15:00,"7","Summer","tank",6.17450549,2.385374532,11.7889,0.2602,5.7108,2.17208853137596,2.484855225159,5.75679341992257,6.25630139847406,8.4512422678703,504
"NIW","niwolwq",2021-04-10 10:17:00,"4","Spring","tank",6.22041,0.772473404255319,19.7556781914894,4.67757978723405,24.0018882978724,0.770222991401752,2.49407497882481,9.88078969976085,8.66818944534649,5.30046854795608,505
"GRB","grblrwq",2021-06-22 20:20:59.985,"6","Summer","isco",6.23551453125,2.53,23.827,7.27,34.29,2.65134099038812,2.49710122567148,6.65861532791841,5.87649896846859,8.76950880689771,506
"OWC","owcwmwq",2021-01-07 08:00:00,"1","Winter","isco",6.28,1.14,2.187,28.43,39.81,0.939803069660123,2.50599281722833,5.6935578485998,5.94166757544827,5.95406224495238,507
"PDB","pdbbywq",2021-02-10 21:33:00,"2","Winter","isco",6.293211807,0.98,3.98,23.67,14.51,0.822438705716983,2.50862747473594,1.98297815441153,2.61231444792897,5.6648558508557,508
"GRB","grbsqwq",2021-07-02 05:35:59.995,"7","Summer","isco",6.295046875,1.58,22.872,23.42,7.96,1.63619571127435,2.50899319947265,7.93039091266215,5.93413211271403,6.78650353607163,509
"GTM","gtmpcwq",2021-05-26 11:32:00,"5","Spring","tank",6.32,3.98329758713137,10.0868981233244,7.44796246648794,84.6129758713136,3.56113347787309,2.51396101799531,3.90144357600975,2.77232851535822,12.2942291217097,510
"MAR","marscwq",2021-04-28 10:02:00,"4","Spring","tank",6.32364688059496,0.607540983606558,23.5544262295082,3.33032786885246,11.3740983606557,0.634511709362735,2.51468623899582,8.44366665114809,8.27068483708591,5.01950895514647,511
"GRB","grbapwq",2021-06-17 01:00:00.07,"6","Summer","isco",6.33464015625,2.75,19.519,4.19,11.88,2.73427211601801,2.51687110441715,5.92532888725419,4.87508050758316,9.26492669481117,512
"GTM","gtmpcwq",2021-09-28 12:59:59.98,"9","Fall","isco",6.35,3.46,28.012,8.95,154.05,3.82664204496859,2.51992063367083,5.7184885271352,7.61802469012305,10.9566267874918,513
"GRB","grbsqwq",2021-07-01 16:35:59.995,"7","Summer","isco",6.3577125,2.01,24.567,7.89,8.7,2.12611865496531,2.52145047542084,7.7600271572678,5.55458208385613,7.65263168769912,514
"GRB","grbapwq",2021-09-22 08:15:00,"9","Fall","tank",6.3850575,1.714667,17.31157,2.557,42.15517,1.66125742108432,2.52686713144953,4.51675836250201,4.14434360303442,7.05216405710375,515
"ELK","elksmwq",2021-07-07 16:00:00,"7","Summer","isco",6.40534913579413,3.06,22.18,19.91,20.43,3.14190937937044,2.53087912311002,15.751882422841,15.2907536206226,9.98611941989437,516
"SAP","sapnawq",2021-02-11 00:13:00,"2","Winter","tank",6.44464,0.829722222222223,15.2399166666667,8.77016666666667,75.0122777777778,0.785034639495539,2.53862955154942,3.69813272139074,4.32192576585871,5.39977957574845,517
"GTM","gtmpcwq",2021-09-28 16:59:59.96,"9","Fall","isco",6.48,2.91,30.74,6.78,111.59,3.33882650532382,2.54558441227157,8.20121929894857,7.68049972411843,9.63378031559325,518
"GRB","grblrwq",2021-06-23 08:45:00.055,"6","Summer","isco",6.49073453125,1.87,23.086,8.71,33.25,1.94165585208855,2.54769200086078,5.69376601936,5.03463855545358,7.36492729933472,519
"ELK","elksmwq",2021-07-07 10:00:00,"7","Summer","isco",6.49785158069909,2.01,19.649,9.1,17.88,2.00159829312617,2.54908838228475,11.1008827913617,11.1657626225532,7.65263168769912,520
"NIW","niwolwq",2021-02-27 10:00:00,"2","Winter","tank",6.53961,1.0256884057971,15.1172862318841,6.02094202898551,34.4443478260869,0.969101737393992,2.5572661183381,7.74149238412456,7.59476334396247,5.7467050515299,521
"GRB","grblrwq",2021-06-23 00:28:59.975,"6","Summer","isco",6.54599421875,2.85,23.072,12.05,26.85,2.9586937864226,2.55851406459882,7.52447673796266,6.39549112196344,9.4946164871783,522
"GRB","grbsqwq",2021-07-02 01:35:59.995,"7","Summer","isco",6.55112140625,1.68,26.93,15.89,44.41,1.83180876770786,2.55951585387745,7.27221155421498,6.70546727750571,6.98328822419374,523
"GTM","gtmpcwq",2021-09-27 06:52:00,"9","Fall","tank",6.56,3.57438888888888,8.21271388888889,3.63105555555555,193.947027777778,3.13278944387178,2.56124969497314,3.72372711762562,3.69058141155146,11.2424390754987,524
"OWC","owcwmwq",2021-03-03 04:00:00.055,"3","Spring","isco",6.59,1.43,1.612,37.1,119.73,1.1722307579201,2.56709953059869,6.51347478698932,6.96319745362958,6.49659975777389,525
"GRB","grbapwq",2021-08-13 10:15:00,"8","Summer","tank",6.60182359375,1.627667,23.66923,2.457,44.52683,1.7023653832507,2.56940140767261,4.61255765687006,4.44146497814359,6.87995410847938,526
"LKS","lksbawq",2021-06-16 12:25:00,"6","Summer","tank",6.61,2.615,22.462625,9.9675,110.4575,2.69434790107053,2.57099202643649,20.6554217721342,22.6225743278799,8.95930664790261,527
"NIW","niwolwq",2021-02-28 12:01:00,"2","Winter","tank",6.64335,0.93015444015444,18.8028108108108,6.94903474903475,49.2679536679537,0.917025559098165,2.57746968944351,9.11478848791091,9.17267457137102,5.57622887737196,528
"GTM","gtmpcwq",2021-09-28 17:59:59.955,"9","Fall","isco",6.66,4.05,30.502,8.96,118.91,4.63169518870376,2.58069758011279,8.88308098402675,8.67811529732476,12.4702613572174,529
"GTM","gtmpcwq",2021-07-22 13:29:59.97,"7","Summer","isco",6.71,2.01,30.401,11.74,150.52,2.29552234958922,2.59036676939772,3.26121207073786,5.65335915910498,7.65263168769912,530
"PDB","pdbbywq",2021-05-13 10:10:00,"5","Spring","isco",6.724371055,0.53,16.217,1.99,10.48,0.507060719266281,2.59313922784721,4.17584877512694,3.52015781075195,4.89006308590005,531
"GTM","gtmpcwq",2021-07-22 16:29:59.955,"7","Summer","isco",6.73,2.38,31.558,9.86,173.13,2.7617209250401,2.59422435421457,2.46153412423223,6.06075094447205,8.43952829907077,532
"SAP","sapnawq",2021-04-29 21:15:00,"4","Spring","tank",6.76386666666667,3.41032786885246,23.6814918032787,28.9944262295082,39.5490163934426,3.56738486625977,2.60074348344212,14.2896914419873,12.4893995258148,10.8336618591732,533
"MAR","marscwq",2021-06-29 07:22:00,"6","Summer","tank",6.80016526649222,0.782786885245902,26.5619836065574,2.0783606557377,10.3260655737705,0.849445144192558,2.60771265029186,11.3764123908418,11.2725116373701,5.31829154473615,534
"OWC","owcwmwq",2021-01-07 10:00:00,"1","Winter","isco",6.85,1.03,2.545,40.23,58.95,0.852127800842595,2.61725046566048,6.84763655453061,7.08631977852774,5.75445943844105,535
"GTM","gtmpcwq",2021-09-28 18:59:59.95,"9","Fall","isco",6.86,3.91,29.673,8.92,136.61,4.42145826985173,2.61916017074176,7.36853669569783,8.39107703744567,12.1022347656703,536
"MAR","marscwq",2021-08-19 14:03:00,"8","Summer","tank",6.86,0.56,31.12,3.62,4.69,0.645890965351177,2.61916017074176,15.5835171449607,13.8682677346508,4.93994412359159,537
"GRB","grblrwq",2021-06-23 10:49:00.075,"6","Summer","isco",6.86046171875,2.09,23.088,7.22,34.23,2.1701398452714,2.61924831177764,5.79312989482163,5.16422068442404,7.81950910915948,538
"GRB","grblrwq",2021-06-22 16:13:00,"6","Summer","isco",6.90917,2.44,23.833,7.14,34.11,2.55721679833006,2.62853000743762,6.5436792167824,5.76448902095469,8.57076115364204,539
"NIW","niwolwq",2021-04-04 10:25:00,"4","Spring","tank",6.91866,1.15576158940397,14.082559602649,5.30950331125828,29.2619205298015,1.07937949826759,2.63033457947844,7.14935888421002,7.02172143495595,5.98294150502471,540
"GTM","gtmpcwq",2021-07-22 21:29:59.93,"7","Summer","isco",6.94,3.2,31.476,22.17,125.09,3.70901776536561,2.6343879744639,6.19277077349378,7.34362554637836,10.320678426782,541
"GRB","grblrwq",2021-06-22 18:16:59.99,"6","Summer","isco",6.94591484375,3.05,23.936,7.36,33.84,3.20065277607618,2.63551035735965,7.42264118313085,6.52793150404693,9.96243327812924,542
"LKS","lksbawq",2021-05-06 20:00:00,"5","Spring","isco",6.95,2.91,11.984,7.23,164.43,2.65544667185464,2.63628526529281,14.3210364235619,16.3779942122779,9.63378031559325,543
"NIW_isco","niwwswq",2021-07-13 01:00:00.07,"7","Summer","isco",6.96654,2.32,29.281,11.16,75.21,2.60964024105726,2.63942039091919,13.2533619169301,12.5720872930078,8.3093079092455,544
"NIW","niwolwq",2021-04-10 11:30:00,"4","Spring","tank",6.9825,0.768779220779221,21.1476337662338,7.59319480519479,29.1862597402597,0.779476912062016,2.64244205234476,10.9500542634067,9.73050111291814,5.29409180933141,545
"NIW","niwolwq",2021-04-11 10:30:00,"4","Spring","tank",7.0224,0.828426395939086,20.1381015228427,6.15426395939086,23.2657106598985,0.829796816035248,2.6499811320083,10.4938973825807,9.14498291912416,5.39752147615786,546
"GTM","gtmpcwq",2021-05-03 17:00:00,"5","Spring","isco",7.03,3.09,30.231,9.63,97.96,3.52076296639065,2.65141471671257,6.27674814960684,5.09860288815936,10.0573465893141,547
"OWC","owcwmwq",2021-01-07 18:00:00,"1","Winter","isco",7.05,1.1,2.969,41.1,63.31,0.913872962640194,2.65518360947035,7.26212534100118,7.51419763015522,5.88108566993088,548
"GTM","gtmpcwq",2021-07-22 20:29:59.935,"7","Summer","isco",7.07,3.44,31.644,28.27,134.3,3.99650049476473,2.65894716006167,6.1042042914267,7.86832560997119,10.9070327063245,549
"LKS","lksbawq",2021-03-22 08:00:00,"3","Spring","tank",7.08,2.74,3.6522,5.092,116.358,2.29193148011337,2.66082693913001,12.6991303722254,12.3266631902676,9.24211239768843,550
"GTM","gtmpcwq",2021-07-23 00:29:59.915,"7","Summer","isco",7.09,2.93,31.276,31.37,113.27,3.38668088096697,2.66270539113887,7.50249061211509,7.87239485071683,9.68039325056401,551
"GRB","grbsqwq",2021-08-20 10:00:00,"8","Summer","tank",7.12080890625,1.705833,25.68698,4.712667,44.14983,1.8303102237231,2.66848438373733,5.69990368282313,5.3115993000415,7.03458071855679,552
"OWC","owcwmwq",2021-03-03 06:00:00.06,"3","Spring","isco",7.13,1.61,0.799,37.26,104.57,1.30934894216252,2.67020598456374,6.65277078701077,7.1039925456635,6.84524364029068,553
"WEL","welinwq",2021-03-25 19:15:00,"3","Spring","isco",7.14,1.23,5.46,2.92,4.23,1.04780789274422,2.67207784317748,2.77139958679968,3.18861935447682,6.11990479396302,554
"GTM","gtmpcwq",2021-07-06 12:00:00,"7","Summer","tank",7.15,4.58197885196375,10.5456737160121,8.16287009063444,137.638036253777,4.11655561672358,2.67394839142419,4.54762510326295,4.6863156782576,13.9189754810379,555
"GRB","grbapwq",2021-06-09 09:10:00,"6","Summer","isco",7.17037171875,1.59,22.635,5.73,13.55,1.64173287337578,2.6777549773551,5.76161607608769,4.36078624965002,6.80605544679059,556
"GRB","grbapwq",2021-06-16 14:00:00.015,"6","Summer","isco",7.17094140625,1.55,21.794,11.07,6.82,1.58398257830285,2.67786134933271,6.09595313223344,4.49832325798714,6.72801654803908,557
"ELK","elksmwq",2021-01-12 20:00:00,"1","Winter","isco",7.23722767857143,1.09,11.709,4.98,17.62,0.991675862661579,2.69020959751679,4.47417340323668,4.94707464345543,5.86291183622731,558
"LKS","lksbawq",2021-06-09 13:30:00,"6","Summer","tank",7.24,2.67,22.076,8.412,124.671,2.73797357125148,2.69072480941474,19.2603171758899,22.3408983391216,9.08319979040946,559
"ELK","elksmwq",2021-02-09 20:00:00,"2","Winter","isco",7.28584419464286,0.95,12.997,3.45,27.9,0.876588611657694,2.69923029670365,4.45153903972651,4.98571068424258,5.61143118655315,560
"GRB","grbsqwq",2021-07-01 10:36:00,"7","Summer","isco",7.3381446875,1.3,26.236,9.32,21.35,1.40475901891211,2.70890101101904,7.19947579390817,5.50546083925535,6.25046838835396,561
"GTM","gtmpcwq",2021-07-22 23:29:59.92,"7","Summer","isco",7.34,2.27,31.315,12.51,98.71,2.62522599672883,2.70924343682881,6.60693183336295,6.1372492319364,8.2015643282943,562
"NIW","niwolwq",2021-02-28 10:51:00,"2","Winter","tank",7.38948,0.865368098159508,16.8638374233129,5.13300613496932,35.657944785276,0.834086207420824,2.71835979958504,8.24331406161405,7.92797774473871,5.46208104988205,563
"GRB","grbsqwq",2021-07-02 03:35:59.995,"7","Summer","isco",7.39141046875,1.86,24.299,55.54,14.7,1.96080579862561,2.7187148560947,12.480729765515,9.94212089226361,7.34458791603553,564
"LKS","lksbawq",2021-07-13 06:00:00,"7","Summer","isco",7.41,0.92,23.45,5.12,76.44,0.95959026563723,2.72213151776324,19.3536730556256,18.5661365624793,5.55825963843711,565
"GTM","gtmpcwq",2021-01-19 22:59:59.86,"1","Winter","isco",7.42,0.88,14.939,3,64.09,0.829779337183871,2.72396769437525,1.36925461094468,0.440649593037947,5.48775797723916,566
"OWC","owcwmwq",2021-01-07 20:00:00,"1","Winter","isco",7.42,1.16,2.902,39.11,62.93,0.963079496803043,2.72396769437525,7.12777432970296,7.39642403790778,5.99071927658747,567
"ELK","elksmwq",2021-06-08 06:00:00,"6","Summer","isco",7.42314380350717,2.08,17.345,4.47,19.25,2.01599163440079,2.72454469655155,9.29402809182195,9.86781064762429,7.79855099740441,568
"GRB","grblrwq",2021-06-22 14:09:00,"6","Summer","isco",7.42673109375,2.55,23.975,9.92,32.17,2.67726592255756,2.72520294542443,7.07418889059133,6.13586671223615,8.81398431629358,569
"ELK","elksmwq",2021-07-07 20:00:00,"7","Summer","isco",7.43149834477519,2.27,17.744,22.19,2.98,2.21036695827203,2.7260774649256,12.6828900210609,12.3679013768041,8.2015643282943,570
"ELK","elksmwq",2021-05-04 20:00:00,"5","Spring","isco",7.44048215437588,1.43,15.679,2.87,14.54,1.35973761845118,2.72772472115056,6.54200586484918,6.48518653535239,6.49659975777389,571
"GRB","grbapwq",2021-06-16 15:00:00.02,"6","Summer","isco",7.4423975,2.01,19.645,9.09,8.49,2.00150295193407,2.72807578707044,5.42348842006886,4.27919041087859,7.65263168769912,572
"OWC","owcwmwq",2021-01-08 08:00:00,"1","Winter","isco",7.46,1.08,2.304,36.09,60.9,0.891367904629407,2.73130005674953,6.3808265676743,6.6467902537962,5.84476612654446,573
"GTM","gtmpcwq",2021-05-03 16:00:00,"5","Spring","isco",7.47,3.34,30.126,12.14,99.7,3.80017739377047,2.73313007374329,6.51375348582331,5.37394763283297,10.6607497417313,574
"LKS","lksbawq",2021-07-13 08:00:00,"7","Summer","isco",7.49,0.95,22.62,7.23,76.54,0.980727931251936,2.7367864366808,19.2336166700625,18.4627585099676,5.61143118655315,575
"LKS","lksbawq",2021-06-09 12:28:00,"6","Summer","tank",7.49,2.5,22.1568181818182,8.70181818181818,123.417272727273,2.5661889753164,2.7367864366808,19.0327589134595,22.0090326198159,8.70300647295932,576
"SAP","sapnawq",2021-02-11 01:12:00,"2","Winter","tank",7.50216,0.899277777777778,15.2341611111111,10.1560555555556,86.9294999999999,0.85078863318957,2.73900711937738,3.62696576153223,4.55012155248032,5.52167968648431,577
"ELK","elksmwq",2021-06-08 22:00:00,"6","Summer","isco",7.5052432378909,3.34,16.451,2.15,8.38,3.20401709616333,2.73956990016515,11.8805452458838,12.2944729132144,10.6607497417313,578
"GRB","grbsqwq",2021-07-02 09:35:59.99,"7","Summer","isco",7.52186890625,1.48,22.517,18.85,11.01,1.52593053086075,2.74260257898406,6.9736808033542,5.30832875599638,6.59253125002174,579
"SAP","sapnawq",2021-04-29 16:15:00,"4","Spring","tank",7.59546666666667,4.67852459016393,27.6476721311476,31.6381967213115,86.8360655737705,5.14947562368426,2.75598742135494,13.5277537486882,14.8065068139815,14.190427175971,580
"GTM","gtmpcwq",2021-09-28 13:59:59.975,"9","Fall","isco",7.61,4.34,29.52,9.39,150.73,4.8975724467017,2.75862284482674,6.85122503043994,8.76299727512656,13.2501374809139,581
"GTM","gtmpcwq",2021-07-23 01:29:59.91,"7","Summer","isco",7.67,2.81,30.896,34.31,147.43,3.23100606772766,2.76947648482525,5.35636030291546,7.96944368087843,9.40240308198278,582
"NIW","niwolwq",2021-02-27 15:32:00,"2","Winter","tank",7.68075,1.21360986547085,21.8732264573991,12.1105381165919,83.2140134529148,1.24141930687208,2.77141660527608,10.1217965420859,11.8999502306725,6.08953312047345,583
"GRB","grblrwq",2021-06-22 12:09:00,"6","Summer","isco",7.7802221875,2.9,24.035,12.16,31.43,3.0470292170521,2.78930496495095,7.76883990057056,6.70908015297389,9.61051603413895,584
"ELK","elksmwq",2021-06-08 12:00:00,"6","Summer","isco",7.79043567947729,1.29,17.715,4.38,15.37,1.25568758455336,2.79113519548539,8.0989050376614,8.38494846591783,6.23173207423595,585
"PDB","pdbbywq",2021-05-13 09:02:00,"5","Spring","isco",7.811120789,0.62,14.872,1.73,9.74,0.584175911561483,2.79483824022071,3.69542366512459,3.21269077618159,5.04046554753418,586
"GTM","gtmpcwq",2021-03-25 11:09:00,"3","Spring","tank",7.84,4.2780163599182,6.45425766871166,4.37971370143149,109.898916155419,3.68163149465718,2.8,3.51854809038933,2.7470164520586,13.0814619158155,587
"ELK","elksmwq",2021-05-05 02:00:00,"5","Spring","isco",7.84891746835336,1.87,17.049,2.51,21.85,1.80625703680727,2.80159195250725,7.79891435653089,7.80082394867937,7.36492729933472,588
"GTM","gtmpcwq",2021-07-22 17:29:59.95,"7","Summer","isco",7.88,2.05,31.56,9.87,176.53,2.37885925520388,2.80713376952364,2.17412983654895,5.87083378714081,7.73584540626352,589
"NIW_isco","niwwswq",2021-07-13 00:00:00.065,"7","Summer","isco",7.92414,2.57,29.287,12.4,68.74,2.89108481340969,2.81498490226857,14.3072639291858,12.9686111223315,8.85857232177234,590
"NIW","niwolwq",2021-04-10 09:07:00,"4","Spring","tank",7.93611,1.05387341772152,17.9822202531646,3.82921518987341,13.4037974683544,1.029042623583,2.81711022148584,9.66264357557987,8.27981318303862,5.79749031511238,591
"ELK","elksmwq",2021-07-07 12:00:00,"7","Summer","isco",7.93805935258801,2.14,20.756,10.71,19.22,2.15952375132585,2.81745618467937,12.1649670248485,12.0668624700738,7.92472152824568,592
"GRB","grbapwq",2021-06-16 10:00:00,"6","Summer","isco",7.94115890625,1.16,19.644,8.95,9.67,1.15508247609156,2.81800619343713,4.27548211139439,3.30345327181758,5.99071927658747,593
"GTM","gtmpcwq",2021-07-22 11:29:59.98,"7","Summer","isco",7.97,2.71,30.224,14.46,143.93,3.08749439298714,2.82311884269862,4.14165157197849,6.23603686883907,9.17383825044454,594
"GRB","grbapwq",2021-06-16 13:00:00.01,"6","Summer","isco",8.01635765625,1.72,21.495,18,7.03,1.75131034057037,2.83131730052462,6.81803828691746,5.1578299438161,7.0627895720228,595
"ELK","elksmwq",2021-02-09 16:00:00,"2","Winter","isco",8.10009079464286,1.41,13.717,6.67,30.81,1.31146146930814,2.84606584509966,5.7973674560886,6.42767955777829,6.4584240290198,596
"MAR","marscwq",2021-04-28 07:30:00,"4","Spring","tank",8.11127943809393,0.652295081967213,23.1351803278689,2.63737704918033,12.3598360655738,0.677703993260407,2.84803080006062,8.09703355488614,8.05092181952191,5.09499048443756,597
"GTM","gtmpcwq",2021-07-22 22:29:59.925,"7","Summer","isco",8.15,2.87,31.364,22.55,102.48,3.32136913400859,2.85482048472404,7.58179121020265,7.21377599721017,9.54089193390039,598
"GTM","gtmpcwq",2021-01-20 00:59:59.59,"1","Winter","isco",8.16,2.46,14.784,3.63,77.51,2.31556324678407,2.85657137141714,2.81050970827472,1.61266964272224,8.61473043066491,599
"GTM","gtmpcwq",2021-09-28 14:59:59.97,"9","Fall","isco",8.2,3.83,29.716,14.07,126.14,4.33351353640017,2.86356421265527,8.33515006261358,8.63361889966756,11.8944087700383,600
"GRB","grbsqwq",2021-07-01 15:35:59.995,"7","Summer","isco",8.20492421875,1.96,25.611,12.72,14.25,2.10097588278302,2.86442388950204,8.42935509361373,6.22894205437763,7.54924732995987,601
"ELK","elksmwq",2021-07-07 08:00:00,"7","Summer","isco",8.23290503817157,2.84,20.288,10.58,22.02,2.84981505303985,2.86930392920854,13.0688941858049,13.2270878710392,9.47152094984834,602
"GTM","gtmpcwq",2021-07-22 10:29:59.985,"7","Summer","isco",8.24,2.59,30.026,14.23,141.51,2.94284002242871,2.87054001888146,4.1536036051972,6.0940594988033,8.90327282333398,603
"GTM","gtmpcwq",2021-06-07 08:11:00,"6","Summer","tank",8.24,5.59979400749063,8.70492509363295,7.96408239700375,78.9295131086142,4.93341642615854,2.87054001888146,7.4653627642558,6.6367795044334,16.9125604880744,604
"GTM","gtmpcwq",2021-05-03 12:03:00,"5","Spring","tank",8.26,6.34599198396792,4.68141482965931,5.92951903807615,144.973206412826,5.36345905948121,2.87402157263998,7.75072494549824,7.22465750468299,19.2923671666047,605
"GTM","gtmpcwq",2021-09-28 08:59:00,"9","Fall","tank",8.32,4.0184708737864,4.71006067961165,3.74531553398059,192.855582524272,3.39728541184863,2.88444102037119,4.65338449781144,4.05835271474158,12.3868978886431,606
"NIW","niwolwq",2021-02-28 09:20:00,"2","Winter","tank",8.34708,1.15453237410072,15.786881294964,8.55672661870503,18.9703237410072,1.09915332909968,2.88913135734601,9.26469231401898,8.4428387041806,5.98068675647569,607
"NIW_isco","niwwswq",2021-07-28 08:59:59.895,"7","Summer","isco",8.36304,2,29.049,18.74,98.89,2.24269090237721,2.89189211417024,11.6695744842366,13.068527423542,7.63189856810983,608
"GTM","gtmpcwq",2021-05-03 13:00:00,"5","Spring","isco",8.4,4.29,28.82,11.48,106.36,4.79584467304844,2.89827534923789,6.6362105785716,5.74580932609519,13.1139886390333,609
"GRB","grbulbwq",2021-09-27 12:00:00,"9","Fall","tank",8.4068784375,1.710833,20.6511,1.5895,27.67067,1.7242585962402,2.89946174961837,6.33245833518579,5.01967666366893,7.04453010490866,610
"NIW_isco","niwwswq",2021-07-12 10:00:00,"7","Summer","isco",8.41092,2.46,28.822,12.95,62.33,2.75013830946024,2.90015861635187,14.5894148912278,12.7303898415505,8.61473043066491,611
"ELK","elksmwq",2021-05-04 22:00:00,"5","Spring","isco",8.43635953994832,1.9,17.16,2.39,20.14,1.83759051935114,2.90454119267542,7.96985018222822,7.88857794526739,7.4261141933566,612
"OWC","owcwmwq",2021-06-06 20:00:00.035,"6","Summer","isco",8.47,2.11,20.206,12.22,19.71,2.11521079949614,2.91032644217105,17.6821746221479,15.071762103895,7.86150970473179,613
"GTM","gtmpcwq",2021-07-22 19:29:59.94,"7","Summer","isco",8.63,3.72,31.976,18.84,163.25,4.34182401520466,2.93768616431368,4.02211618358408,7.46032942980379,11.6115869862099,614
"GTM","gtmpcwq",2021-07-22 12:29:59.975,"7","Summer","isco",8.67,2.32,30.325,11.93,150.93,2.6468108388625,2.94448637286709,3.42228930495003,5.83671617918957,8.3093079092455,615
"ELK","elksmwq",2021-06-08 08:00:00,"6","Summer","isco",8.68884341692293,1.47,16.812,2.76,16.95,1.41601541335652,2.9476844161007,7.68413577059062,8.18867884859676,6.57328870353073,616
"LKS","lksbawq",2021-06-16 08:25:00,"6","Summer","tank",8.77,2.47571428571429,21.829,10.3828571428571,112.408571428571,2.53107506799295,2.96141857899217,19.9654034850731,22.0204083798766,8.64935663920021,617
"GRB","grblrwq",2021-06-22 10:05:00,"6","Summer","isco",8.82132609375,2.9,24.078,9.39,32.78,3.04867640020633,2.9700717320883,7.49395905567944,6.52461696472213,9.61051603413895,618
"ELK","elksmwq",2021-07-07 22:00:00,"7","Summer","isco",8.84030964346942,2.92,18.934,33.27,11.3,2.88324451429993,2.97326582119215,15.4696594918252,15.2198407172361,9.65707272106827,619
"LKS","lksbawq",2021-06-09 14:29:00,"6","Summer","tank",8.88,2.56333333333333,22.1984444444444,7.96777777777778,123.477777777778,2.63254425995823,2.97993288515027,19.0891204501822,22.0799858895804,8.84369715371465,620
"NIW_isco","niwwswq",2021-06-29,"6","Summer","isco",8.883735,2.01,27.525,17.92,78.39,2.20876479382514,2.98055951123275,12.6058357005627,12.2956038757431,7.65263168769912,621
"NIW_isco","niwwswq",2021-07-13 02:00:00.075,"7","Summer","isco",8.90169,2.45,29.072,19.55,77.68,2.74814395400471,2.9835700092339,14.0921658957228,13.5630206782062,8.59273173014312,622
"NIW","niwolwq",2021-04-11 11:45:00,"4","Spring","tank",8.9376,0.836216931216932,21.7678703703704,8.83912698412698,29.7483333333334,0.854277561542569,2.98958191056877,11.6551872664681,10.3328798526252,5.41110433409487,623
"NIW_isco","niwwswq",2021-06-29 01:00:00,"6","Summer","isco",8.95755,2,27.719,13.08,74.42,2.20339325341267,2.992916637663,12.4041278176356,11.7910798526155,7.63189856810983,624
"ELK","elksmwq",2021-01-12 16:00:00,"1","Winter","isco",9.03139017857143,1.34,12.144,6.34,17.48,1.2249217357233,3.00522714259196,5.23385183021024,5.70236645223319,6.32569488503325,625
"GTM","gtmpcwq",2021-07-19 09:05:00,"7","Summer","tank",9.06,5.02249411764705,15.5590447058824,10.6828705882353,137.659011764706,4.76921089924754,3.00998338865848,5.5368303794404,6.07478493120168,15.178852368797,626
"NIW","niwolwq",2021-04-03 09:09:00,"4","Spring","tank",9.06528,0.906134969325152,11.9429969325153,6.07794478527608,33.6533435582823,0.826500659513472,3.01086034216136,5.57246283223971,5.76959110091948,5.53377099065541,627
"GRB","grbsqwq",2021-09-17 09:30:00,"9","Fall","tank",9.07711578125,2.500833,18.50888,4.667833,75.2455,2.45701982334247,3.01282521584808,5.16574880391607,5.81074482132709,8.7048496045767,628
"NIW_isco","niwwswq",2021-06-28 20:00:00,"6","Summer","isco",9.07725,1.89,27.758,18.92,91.25,2.08327705169319,3.01284749033203,11.6651986151932,12.4032378844563,7.40569043799525,629
"ELK","elksmwq",2021-02-09 18:00:00,"2","Winter","isco",9.12670880297619,1.84,13.335,4.53,30.23,1.70416975210524,3.02104432323926,6.23426163405546,6.9599290000439,7.30399352149933,630
"LKS","lksbawq",2021-04-30 13:30:00,"4","Spring","tank",9.18,2.522,12.0582,9.524,153.798,2.30325209252807,3.02985148150862,13.8455756552186,15.4244685728231,8.75175010204257,631
"NIW","niwolwq",2021-04-11 09:08:00,"4","Spring","tank",9.22488,1.00291777188329,19.2264588859416,8.66904509283819,20.422148541114,0.993725280593032,3.03724875504131,10.7195680385103,9.35518280771418,5.70583886457796,632
"NIW_isco","niwwswq",2021-07-13 07:00:00.1,"7","Summer","isco",9.2568,2.53,28.942,16.06,83.22,2.8329391470104,3.04249897288397,13.2167206468517,13.19126673725,8.76950880689771,633
"LKS","lksbawq",2021-06-09 11:27:00,"6","Summer","tank",9.26,2.4375,22.05625,8.4975,125.12375,2.49894928655013,3.04302481094059,18.68926433348,21.7754051042577,8.56527290389501,634
"LKS","lksbawq",2021-06-09 09:27:00,"6","Summer","tank",9.3,2.33375,21.44575,8.6325,125.52875,2.3748087119844,3.04959013639538,18.2172591160053,21.216414357871,8.33906065631665,635
"MAR","marscwq",2021-07-14 14:07:00,"7","Summer","tank",9.30395262360556,1.00686274509804,29.0334509803921,5.1621568627451,17.2352941176471,1.12880559245557,3.05023812572159,13.518726680845,13.4139941814948,5.71290841788079,636
"ELK","elksmwq",2021-05-04 08:00:00,"5","Spring","isco",9.32042799262147,1.3,16.435,2.69,21.29,1.24684366565366,3.05293760051225,6.45320836907492,6.50063170834517,6.25046838835396,637
"NIW_isco","niwwswq",2021-07-27 19:59:59.96,"7","Summer","isco",9.41241,2.07,29.338,16.74,99.49,2.33021568960192,3.06796512366096,11.5633199631497,13.0131958165139,7.77762100967006,638
"GTM","gtmpcwq",2021-06-10 13:48:00,"6","Summer","tank",9.45,4.95633495145631,9.54226941747573,7.15650485436893,79.6687621359221,4.40539328135373,3.07408522978788,6.14048382912887,5.27923329399198,14.9861539183093,639
"OWC","owcwmwq",2021-01-07 06:00:00,"1","Winter","isco",9.49,1.16,2.317,29.68,43.07,0.957518015839496,3.08058436014987,5.91269092207328,6.16162164181145,5.99071927658747,640
"GTM","gtmpcwq",2021-07-07 08:30:00,"7","Summer","tank",9.49,4.69656686626747,16.2052395209581,12.7543113772455,119.10998003992,4.49268714428308,3.08058436014987,5.69480465229845,5.67477666637225,14.2414462524511,641
"NIW_isco","niwwswq",2021-07-12 18:00:00.035,"7","Summer","isco",9.64383,2.26,29.273,15.73,82.15,2.54187600538916,3.10545165797183,13.1122822914073,13.0365483194283,8.18009998416622,642
"LKS","lksbawq",2021-06-09 07:32:00,"6","Summer","tank",9.65,2.58,21.472,7.91375,127.05125,2.62623001750793,3.10644491340181,18.5922663870201,21.7416111370437,8.8809085105428,643
"NIW_isco","niwwswq",2021-06-28 19:00:00,"6","Summer","isco",9.70368,1.81,27.851,22.8,88.44,1.9975447835386,3.11507303285172,12.3398202636692,12.8644026859338,7.24331285985045,644
"NIW_isco","niwwswq",2021-07-13 03:00:00.08,"7","Summer","isco",9.70368,2.52,28.999,24.95,77.71,2.8238971395342,3.11507303285172,14.7771849265429,14.2054718343776,8.74731323823086,645
"ELK","elksmwq",2021-07-07 18:00:00,"7","Summer","isco",9.71116346115614,2.8,19.914,28.72,8.87,2.79712330677733,3.11627397081132,15.5745085157123,14.9195280005676,9.37942004073571,646
"ELK","elksmwq",2021-06-09 06:00:00,"6","Summer","isco",9.74563933257462,2.78,18.025,5.01,20.5,2.71585581428804,3.12180065548308,11.157811476343,11.7248090636096,9.33353833030372,647
"LKS","lksbawq",2021-07-13 10:00:00,"7","Summer","isco",9.81,2.14,22.95,6.11,75.78,2.21825591078137,3.13209195267317,22.1883495245972,21.1939567930316,7.92472152824568,648
"ELK","elksmwq",2021-06-08 20:00:00,"6","Summer","isco",9.82886341674442,2.55,16.044,2.11,5.28,2.4348125151932,3.13510181919893,9.90697682350343,10.209541781986,8.81398431629358,649
"OWC","owcwmwq",2021-05-10 08:00:00.065,"5","Spring","isco",9.91,2.02,9.462,87.42,47.96,1.79392804010464,3.14801524773944,18.5749138671686,18.0919718436102,7.67339293130914,650
"NIW_isco","niwwswq",2021-07-12 11:00:00,"7","Summer","isco",9.91116,2.9,28.803,11.38,60.02,3.24120965596243,3.1481994854202,15.2004892931388,13.0291224510451,9.61051603413895,651
"OWC","owcwmwq",2021-01-07 04:00:00,"1","Winter","isco",9.95,0.79,1.945,14.61,21.95,0.649716956114091,3.1543620591175,3.64789676203081,3.80828047809271,5.33077449475603,652
"LKS","lksbawq",2021-06-16 11:25:00,"6","Summer","tank",10.04,2.64818181818182,22.1732727272727,10.1618181818182,111.421818181818,2.71884315870508,3.16859590355097,20.5606257099586,22.5805177596097,9.03395029320777,653
"PDB","pdbgswq",2021-08-11 09:45:00,"8","Summer","tank",10.0726597,3.686025878,14.9305,0.1952,3.8014,3.47533520329983,3.17374537415969,10.2554776168486,10.1955823206669,11.5249237074311,654
"NIW_isco","niwwswq",2021-06-29 05:00:00,"6","Summer","isco",10.09271,1.92,27.324,31.89,81.95,2.10430657784199,3.17690257955764,13.9362585605381,13.8818515174791,7.46704607614147,655
"SAP","sapnawq",2021-04-29 13:15:00,"4","Spring","tank",10.1109333333333,2.97049180327869,25.3275573770492,28.6819672131147,46.1626229508197,3.17262138133394,3.1797693836713,14.0721653038749,12.5439134557364,9.77510977822124,656
"ELK","elksmwq",2021-09-14 08:00:00,"9","Fall","isco",10.1306310539875,2.29,19.638,5.7,22.97,2.28012921897808,3.18286522711653,14.3821409235093,13.6705291728629,8.24457738861261,657
"ELK","elksmwq",2021-07-07 06:00:00,"7","Summer","isco",10.1455594410289,4,21.269,15.54,25.31,4.06163768066592,3.18520948149866,16.2205154983588,16.3094658561939,12.3381904983415,658
"NIW_isco","niwwswq",2021-07-28 07:59:59.9,"7","Summer","isco",10.21839,2.11,29.057,26.64,96.06,2.36629275446629,3.1966216541843,12.986688265338,14.1490264568751,7.86150970473179,659
"NIW_isco","niwwswq",2021-06-28 22:00:00,"6","Summer","isco",10.22039,2.04,27.615,23.23,88.73,2.24438589716004,3.19693446914384,12.5001361745056,13.0117563420289,7.71499979059134,660
"PDB","pdbbywq",2021-09-09 10:10:00,"9","Fall","tank",10.226133,2.782384473,13.4019,0.7918,7.8561,2.57889756511707,3.19783254721069,10.1354147434879,9.58472559689727,9.3390026087182,661
"SAP","sapnawq",2021-02-10 23:10:00,"2","Winter","tank",10.2648,0.980888888888888,15.0768833333333,8.42405555555556,67.6083333333333,0.926350897234952,3.20387265664539,3.996812959054,4.4638464799427,5.66644266484874,662
"GRB","grbsqwq",2021-07-07 09:54:00,"7","Summer","tank",10.27232015625,2.06916666666667,27.59835,5.85466666666667,36.3056666666667,2.27597617017212,3.20504604588608,7.50542410253891,6.36708469712682,7.77587811351257,663
"SAP","sapnawq",2021-07-22 10:23:00,"7","Summer","tank",10.29744,3.32590163934426,28.4005901639344,12.7318032786885,86.1616393442622,3.69733612062024,3.20896244914147,11.7865398869167,14.0964504220036,10.6262540826253,664
"NIW_isco","niwwswq",2021-06-29 08:00:00,"6","Summer","isco",10.35206,1.81,27.534,23.54,90.4,1.98922247034889,3.21746173248416,12.1341358194355,12.8107438191105,7.24331285985045,665
"ELK","elksmwq",2021-05-05,"5","Spring","isco",10.3613850904526,2.57,18.068,2.71,23.87,2.51196314471945,3.21891054402768,9.67990614171074,9.6106447116188,8.85857232177234,666
"NIW_isco","niwwswq",2021-07-12 23:00:00.06,"7","Summer","isco",10.40991,3.15,29.389,13.45,65.64,3.54841660341049,3.22643921374632,15.503569995403,13.6990478988352,10.200560276713,667
"ELK","elksmwq",2021-05-04 16:00:00,"5","Spring","isco",10.489126561988,1.4,17.174,4.34,18.39,1.35423334746824,3.238692106698,7.30141145395664,7.13447947632701,6.43937835067384,668
"NIW_isco","niwwswq",2021-06-28 18:00:00,"6","Summer","isco",10.49969,1.88,27.934,22.69,87.01,2.07707315823735,3.24032251481238,12.5521329404667,12.9498224898422,7.38529480665462,669
"NIW_isco","niwwswq",2021-07-13 05:00:00.09,"7","Summer","isco",10.53759,2.57,28.969,30.97,77.54,2.87876950733581,3.24616543016526,15.5561081302077,14.9193381236242,8.85857232177234,670
"ELK","elksmwq",2021-06-09 02:00:00,"6","Summer","isco",10.5515446251153,4.12,18.395,4.21,16.31,4.04241120400867,3.24831412045007,14.6466441458597,14.9972021287535,12.6563417685141,671
"NIW_isco","niwwswq",2021-07-13 09:00:00.11,"7","Summer","isco",10.60143,2.24,28.984,19,81.99,2.50962632441954,3.25598372231803,13.3725946075553,13.2799979457231,8.13725566797224,672
"LKS","lksbawq",2021-05-06 22:00:00,"5","Spring","isco",10.61,3.7,11.717,7.91,163.54,3.36653218833469,3.25729949498047,16.818209690056,19.068065650728,11.560530455965,673
"NIW","niwolwq",2021-06-25 09:32:00,"6","Summer","tank",10.62138,1.465893,25.0976,14.77609,11.75115,1.56105590649161,3.25904587264432,18.5463124764971,15.6163167425223,6.56539393685695,674
"ELK","elksmwq",2021-06-08 18:00:00,"6","Summer","isco",10.6354247549937,2.24,17.583,2.79,10.41,2.1770735489982,3.26119989497634,9.9771453051942,10.1310200602139,8.13725566797224,675
"NIW","niwolwq",2021-02-27 12:18:00,"2","Winter","tank",10.64931,1.24905027932961,17.3923268156424,8.80620111731845,60.9346368715083,1.21127738558063,3.26332805583502,8.69883511917929,9.37510089993121,6.15530077780936,676
"NIW_isco","niwwswq",2021-07-28 09:59:59.89,"7","Summer","isco",10.70118,1.95,28.993,16.75,107.15,2.18498281728104,3.27126581004968,10.690419450482,12.750540076017,7.52865483047419,677
"NIW_isco","niwwswq",2021-07-27 13:00:00,"7","Summer","isco",10.75305,2.09,29.122,14.34,89.89,2.34590844212111,3.27918434980408,12.0172107655048,12.6452127202973,7.81950910915948,678
"NIW_isco","niwwswq",2021-07-13 06:00:00.095,"7","Summer","isco",10.85679,2.45,28.919,26.05,79.2,2.74251539289616,3.29496433971599,14.6700318513093,14.2490369303078,8.59273173014312,679
"MAR","marscwq",2021-04-28 14:01:00,"4","Spring","tank",10.90428315659,0.934262295081967,24.0540327868852,2.99032786885246,10.8801639344262,0.981863950786305,3.30216340549495,9.27505223867916,8.95275387412337,5.58350635241366,680
"LKS","lksbawq",2021-04-30 12:00:00,"4","Spring","tank",10.92,2.814,10.7878,7.47,165.784,2.53475648976099,3.30454232837166,13.849150258003,15.6009222885318,9.41160417320741,681
"NIW_isco","niwwswq",2021-06-29 07:00:00,"6","Summer","isco",10.92063,1.78,27.488,27.6,87.59,1.95506995686325,3.30463765033324,12.8429919013416,13.2931994441738,7.18288531438807,682
"GTM","gtmpcwq",2021-07-22 18:29:59.945,"7","Summer","isco",10.94,3.86,32.529,14.01,174.15,4.5402704742864,3.30756708170825,3.3299236191498,7.36672351990571,11.9721325882449,683
"NIW_isco","niwwswq",2021-07-13 04:00:00.085,"7","Summer","isco",10.94856,2.45,28.883,37.05,75.11,2.74119437467172,3.30886083116229,16.4308962875426,15.5476403978225,8.59273173014312,684
"NIW_isco","niwwswq",2021-07-27 12:00:00,"7","Summer","isco",10.95654,1.87,29.182,14.02,102.77,2.10066253778035,3.3100664645895,10.703548872672,12.4206769526068,7.36492729933472,685
"LKS","lksbawq",2021-07-12 14:00:00,"7","Summer","isco",11,1.05,23.69,6.7,76.25,1.09847292300787,3.3166247903554,20.1422448365951,19.3002714208111,5.79049774162025,686
"GTM","gtmpcwq",2021-06-09 12:30:00,"6","Summer","tank",11.01,5.32465020576132,14.1687119341564,7.98654320987654,76.9633744855968,4.97754346765554,3.31813200460741,7.72021850462227,6.43050486742767,16.0745765217218,687
"LKS","lksbawq",2021-03-22 11:00:00,"3","Spring","tank",11.15,2.596,3.6584,3.906,114.654,2.17161428851274,3.3391615714128,12.0823341623898,11.6717775806114,8.91670491053864,688
"NIW_isco","niwwswq",2021-07-13 08:00:00.105,"7","Summer","isco",11.15604,2.44,28.851,18.71,82.25,2.72883744414759,3.34006586761399,13.4699902738693,13.3670020603054,8.57076115364204,689
"GND","gndblwq",2021-06-15 10:48:00,"6","Summer","tank",11.16,2.15,23.761,5.24,48.07,2.2512537873635,3.34065861769801,12.6511715390524,10.6974524406688,7.94584838412508,690
"LKS","lksbawq",2021-07-13 02:00:00,"7","Summer","isco",11.34,1.21,24.01,4.57,76.58,1.2709474373122,3.36749164809655,20.3033557962274,19.4709957015561,6.08285402603782,691
"NIW","niwolwq",2021-06-25 11:15:00,"6","Summer","tank",11.36352,1.308849,26.01751,13.09207,17.0354,1.41033914370644,3.37098205275555,18.3056301894743,15.6418682662829,6.26707160741919,692
"LKS","lksbawq",2021-06-16 14:25:00,"6","Summer","tank",11.38,2.77142857142857,22.5805714285714,11.45,109.814285714286,2.859678965306,3.3734255586866,21.3257241610144,23.2551053501437,9.31390917769498,693
"NIW_isco","niwwswq",2021-07-28 01:59:59.93,"7","Summer","isco",11.42736,1.98,29.34,11.15,81.19,2.22896197649473,3.38043784146374,12.3374220233997,12.2470278514633,7.5905167009934,694
"SAP","sapnawq",2021-02-10 13:10:00,"2","Winter","tank",11.43464,0.974111111111111,15.5907944444444,13.9143888888889,77.9892222222223,0.925320525721041,3.38151445361394,4.38414037106544,5.1387615666225,5.65434882080357,695
"NIW_isco","niwwswq",2021-07-28 10:59:59.885,"7","Summer","isco",11.47923,1.98,29.041,21.77,96.51,2.22002583219861,3.38810123815685,12.2190122035761,13.4294222629246,7.5905167009934,696
"ELK","elksmwq",2021-06-08 14:00:00,"6","Summer","isco",11.5413301576798,1.76,20.307,4.06,16.73,1.76648532727074,3.39725332550869,10.4828246995119,10.3721125277623,7.14274090418342,697
"LKS","lksbawq",2021-05-06 18:00:00,"5","Spring","isco",11.58,3.37,12.116,7.21,164.3,3.07964411386395,3.40293990543471,15.7246405583267,17.9812513248876,10.7343393288916,698
"ELK","elksmwq",2021-07-07 14:00:00,"7","Summer","isco",11.6859547646943,2.28,22.071,11.4,21.13,2.33790149736297,3.41847257773034,13.2362304530907,12.9605634905518,8.22305679644309,699
"SAP","sapnawq",2021-02-10 15:13:00,"2","Winter","tank",11.73008,2.78866666666667,16.5881055555556,16.8517222222222,106.797277777778,2.67934464502372,3.42492043703208,6.68631222685842,8.76466229750613,9.35340659280518,700
"LKS","lksbawq",2021-03-22 15:00:00,"3","Spring","tank",11.75,1.848,4.302,4.116,111.74,1.55591249433255,3.42782730020052,9.88510099274118,9.34924497521285,7.32021777978387,701
"ELK","elksmwq",2021-06-08 16:00:00,"6","Summer","isco",11.8001870501089,2.5,20.528,4.21,15.77,2.51588577212887,3.4351400335516,12.1979014476708,11.9630788898169,8.70300647295932,702
"NIW_isco","niwwswq",2021-07-12 22:00:00.055,"7","Summer","isco",11.88222,3.17,29.457,13.74,75.64,3.57422037662923,3.44705961654277,14.6317706384257,13.7696529631403,10.2485231646785,703
"NIW_isco","niwwswq",2021-06-29 09:00:00,"6","Summer","isco",11.88621,1.84,27.679,16.37,93.04,2.02605407522296,3.44763832209819,11.1221950112427,12.0009271532022,7.30399352149933,704
"GND","gndblwq",2021-06-17 11:08:00,"6","Summer","tank",11.89,2.36,24.73,6.32,58.55,2.50149609588031,3.44818792991333,12.924553300035,11.5319188477244,8.39600900637946,705
"GND","gndblwq",2021-06-17 07:04:00,"6","Summer","tank",11.93,2.72,11.39,7.33,74.53,2.46608164854967,3.45398320783411,7.45629624316395,7.79277191655199,9.19656817550511,706
"LKS","lksbawq",2021-06-16 13:23:00,"6","Summer","tank",11.94,2.58375,22.572625,9.70625,100.64875,2.66576276812819,3.4554305086342,21.4292154785832,22.5687210135579,8.88929183205581,707
"LKS","lksbawq",2021-05-07 04:00:00,"5","Spring","isco",12.04,2.87,10.737,7.12,167.54,2.5837855143745,3.46987031457949,13.9187472605598,15.730600377053,9.54089193390039,708
"NIW_isco","niwwswq",2021-07-27 22:59:59.945,"7","Summer","isco",12.09768,2.25,29.361,18.74,90.2,2.53362761727348,3.4781719336456,12.7915388200662,13.4212671911354,8.15866376405887,709
"GRB","grbsqwq",2021-07-01 11:36:00,"7","Summer","isco",12.15399796875,1.87,27.347,15.05,31.55,2.05012494297568,3.48625844835835,8.39486116881225,6.92857023675982,7.36492729933472,710
"ELK","elksmwq",2021-01-12 18:00:00,"1","Winter","isco",12.2237839285714,1.44,12.081,9.17,18.53,1.3154278755985,3.49625284105304,5.62536086926978,6.1477791436121,6.51572980818201,711
"GND","gndblwq",2021-07-13 02:00:00.035,"7","Summer","isco",12.27,2.41,27.239,14.38,107.94,2.63840380132325,3.5028559776274,11.2497836266292,13.5166862914528,8.50501816826316,712
"GTM","gtmpcwq",2021-07-22 07:30:00,"7","Summer","tank",12.27,5.75411764705883,18.1696512605042,12.3925840336134,127.362016806723,5.63086605771289,3.5028559776274,7.13655512622771,7.53485183706407,17.3918918077796,713
"ELK","elksmwq",2021-07-08,"7","Summer","isco",12.2824877553934,4.33,21.08,9.1,17.42,4.38665532750237,3.50463803486087,16.8839293108945,16.490984212313,13.2228514644963,714
"NIW_isco","niwwswq",2021-07-28 05:59:59.91,"7","Summer","isco",12.2892,2,29.041,35.19,89.62,2.24245033555415,3.5055955271537,14.5916290757924,15.1956155069996,7.63189856810983,715
"LKS","lksbawq",2021-07-12 22:00:00,"7","Summer","isco",12.31,1.34,24.27,5.49,74.17,1.41210726956757,3.50856095856977,21.1786762510465,20.086309127808,6.32569488503325,716
"GND","gndblwq",2021-07-13 00:00:00.03,"7","Summer","isco",12.35,2.55,28.31,14.71,113.24,2.83137240722848,3.51425667816112,11.3776465227063,14.1617196725997,8.81398431629358,717
"GND","gndblwq",2021-09-14 10:55:00,"9","Fall","tank",12.38,2.7,19.555,8.03,62.9,2.68570769611683,3.51852241715184,14.4152371324768,12.6362628627241,9.15113644940469,718
"SAP","sapnawq",2021-07-22 09:20:00,"7","Summer","tank",12.42352,2.47786885245902,28.12,15.1147540983607,68.4813114754098,2.74435851161524,3.52470140579312,12.3423365823702,13.2935116894248,8.65410961067604,719
"NIW_isco","niwwswq",2021-06-28 23:00:00,"6","Summer","isco",12.4488,2.41,27.545,20.72,81.77,2.64901620471812,3.5282857027174,13.1389420469642,13.0274516597237,8.50501816826316,720
"MAR","marscwq",2021-06-29 14:00:00,"6","Summer","tank",12.4688059495937,0.878032786885246,28.762737704918,4.80016393442623,7.7827868852459,0.980812999662575,3.53111964532409,13.8991575636799,13.0394013690853,5.48430229180423,721
"GND","gndblwq",2021-08-17 15:45:00,"8","Summer","tank",12.51,2.69,30.339,8.07,75.29,3.06951782854752,3.53694783676548,14.9610218364199,14.3997839263201,9.12846277238556,722
"LKS","lksbawq",2021-05-07 06:00:00,"5","Spring","isco",12.52,2.45,10.31,7.6,168.13,2.19557722711877,3.53836120259083,12.6508104607211,14.2144837485933,8.59273173014312,723
"ELK","elksmwq",2021-09-14 18:00:00,"9","Fall","isco",12.5544387846175,2.93,18.121,6.69,10.92,2.8656087056703,3.54322434861491,15.7492378166005,14.6763039022428,9.68039325056401,724
"LKS","lksbawq",2021-07-14 12:30:00,"7","Summer","tank",12.65,2.088,22.85,4.38,69.85,2.16167475453446,3.55668384875575,22.2389048438472,20.7476970839003,7.81531523688681,725
"NIW","niwolwq",2021-02-27 14:05:00,"2","Winter","tank",12.68421,1.66420080037665,20.7389436363636,14.5171272727273,77.2856909090909,1.67903811670222,3.56148985678747,10.986027580687,12.4564963048003,6.95201075082653,726
"GND","gndblwq",2021-07-13 06:00:00.045,"7","Summer","isco",12.74,2.33,28.172,12.98,99.32,2.58236522443469,3.56931365951495,12.0031879031249,13.6562186317041,8.3309409974979,727
"LKS","lksbawq",2021-06-16 07:24:00,"6","Summer","tank",12.78,2.485,21.668,10.76,112.908333333333,2.53557738875264,3.5749125863439,19.9342316290264,22.0124445588476,8.66985022456006,728
"SAP","sapnawq",2021-02-10 21:18:00,"2","Winter","tank",12.81504,2.97755555555556,13.71025,10.5932777777778,45.8746111111111,2.76925973236787,3.57981005082672,7.6213519962917,7.80310898492859,9.79168021354192,729
"NIW_isco","niwwswq",2021-07-28 00:59:59.935,"7","Summer","isco",12.82386,2.45,29.535,12.56,80.77,2.76531841108596,3.5810417478717,13.1950455655723,12.9652462778104,8.59273173014312,730
"LKS","lksbawq",2021-07-12 20:00:00,"7","Summer","isco",12.87,0.85,24.49,4.53,75.08,0.898230014318266,3.58747822293042,19.9463638615517,19.0165253415885,5.43517703355828,731
"GND","gndblwq",2021-06-15 08:08:00,"6","Summer","tank",12.87,2.65,19.951,5.35,67.71,2.64844807392722,3.58747822293042,10.5683395278269,10.1899626394269,9.03804930451626,732
"GND","gndblwq",2021-09-14 13:24:00,"9","Fall","tank",12.87,2.92,26.844,5.16,67.46,3.1802917807906,3.58747822293042,17.8887429289127,15.5520475808885,9.65707272106827,733
"LKS","lksbawq",2021-04-30 10:20:00,"4","Spring","tank",12.88,2.852,10.013,7.726,167.118,2.54772198677965,3.58887168898527,13.8459562487692,15.4465331413163,9.49923896952678,734
"NIW_isco","niwwswq",2021-07-27 18:59:59.965,"7","Summer","isco",12.8877,2.13,29.367,23.95,95.57,2.39869461824437,3.58994428926132,12.8419231171631,13.9666966216501,7.90362279638699,735
"NIW_isco","niwwswq",2021-07-12 19:00:00.04,"7","Summer","isco",12.91563,2.65,29.312,17.05,82.27,2.98208260199524,3.59383221645085,13.7067951763705,13.5584745963606,9.03804930451626,736
"GRB","grbsqwq",2021-07-01 14:35:59.995,"7","Summer","isco",12.9205125,2.29,27.142,27.99,25.08,2.50385128456646,3.59451144107235,10.5230768057152,8.38217350936683,8.24457738861261,737
"LKS","lksbawq",2021-03-22 16:50:00,"3","Spring","tank",12.95,2.758,4.3604,4.392,111.044,2.3234477198422,3.59861084308932,12.9480057204529,12.5844640883037,9.28319838180428,738
"LKS","lksbawq",2021-07-13,"7","Summer","isco",12.97,1.22,24.17,4.29,75.54,1.28403173962862,3.60138862107382,20.4795053100819,19.5472841428222,6.10136534799006,739
"NIW_isco","niwwswq",2021-07-28 06:59:59.905,"7","Summer","isco",12.97548,2.27,29.104,40.63,92.1,2.54733293423049,3.60214935836925,15.262035499268,16.0394929722654,8.2015643282943,740
"NIW_isco","niwwswq",2021-06-29 10:00:00,"6","Summer","isco",13.03334,1.97,27.82,18.5,90.43,2.1732341889413,3.61017174106718,11.7930534947687,12.4571115038124,7.56986795346628,741
"ELK","elksmwq",2021-06-09,"6","Summer","isco",13.0374892564262,4.56,18.333,2.45,14.69,4.47087257107186,3.61074635725443,15.7168462835646,16.0237546151003,13.8575452193434,742
"NIW_isco","niwwswq",2021-07-12 13:00:00,"7","Summer","isco",13.11114,2.67,29.175,13.48,62.33,2.9990596774122,3.62093081955455,15.1071806197982,13.1416151806733,9.08319979040947,743
"ELK","elksmwq",2021-06-09 04:00:00,"6","Summer","isco",13.2031876582417,4.49,18.465,5.32,20.48,4.40906463452789,3.6336190854631,15.444941718678,16.0363537162529,13.6628026096643,744
"LKS","lksbawq",2021-05-06 14:00:00,"5","Spring","isco",13.21,3.16,11.856,6.46,164.76,2.87955563049764,3.63455636907725,14.9603363225163,17.0851946007578,10.2245276586854,745
"NIW_isco","niwwswq",2021-07-12 12:00:00,"7","Summer","isco",13.24281,3.79,29.147,11.26,62.85,4.25549166651577,3.63906718816787,16.3113668957671,14.1119341035627,11.7911707487197,746
"NIW_isco","niwwswq",2021-06-29 06:00:00,"6","Summer","isco",13.31264,1.98,27.381,41.54,81.05,2.17168857982984,3.64864906506504,15.4126346295265,15.2267800712584,7.5905167009934,747
"LKS","lksbawq",2021-05-07 02:00:00,"5","Spring","isco",13.34,2.98,11.26,7.15,165.43,2.69800719759778,3.65239647354993,14.3893401820572,16.314417208669,9.79741775835355,748
"NIW","niwolwq",2021-06-15 11:33:00,"6","Summer","tank",13.39842,1.29559228650138,27.8104380165289,10.1153719008265,19.8823415977961,1.42907122754252,3.66038522562858,19.0547086630944,16.1909820142458,6.24220649171613,749
"GND","gndblwq",2021-07-30 07:45:00,"7","Summer","tank",13.42,2.49,21.912,8.23,75.36,2.54826612770657,3.66333181680284,10.94482229984,10.873882740084,8.68089527635463,750
"LKS","lksbawq",2021-03-22 13:00:00,"3","Spring","tank",13.46,2.084,3.8246,4.194,112.154,1.74621769119133,3.66878726556883,10.4739181581858,9.95237389303007,7.80693086722395,751
"NIW_isco","niwwswq",2021-06-28 21:00:00,"6","Summer","isco",13.46625,2.5,27.667,28.91,84.15,2.75235594992281,3.66963894681752,14.0485359624818,14.0877645161502,8.70300647295932,752
"NIW","niwolwq",2021-06-15 13:02:00,"6","Summer","tank",13.53009,1.70380239520958,27.9053892215569,6.91005988023953,17.0762874251497,1.88169413180073,3.67832706539264,19.5839830457933,16.3305283390205,7.03054207178523,753
"OWC","owcwmwq",2021-06-06 06:00:00,"6","Summer","isco",13.54,3.82,19.632,32.92,44.48,3.8032626144624,3.67967389859482,21.6903453388527,20.5675963912386,11.8685570786776,754
"ELK","elksmwq",2021-08-03 08:00:00,"8","Summer","isco",13.5415465795962,2.74,21.219,7.66,14.95,2.78053361540246,3.67988404431392,13.5615970478118,13.0756729240495,9.24211239768843,755
"GND","gndblwq",2021-07-13 04:00:00.04,"7","Summer","isco",13.55,2.66,27.845,12.29,105.09,2.93538585691396,3.68103246386119,11.7601700494682,13.8305603953672,9.0606104854525,756
"NIW","niwolwq",2021-04-10 15:03:00,"4","Spring","tank",13.55403,1.86161803713528,24.1457214854112,11.5025464190981,38.2110875331563,1.95872657730138,3.68157982393428,14.9555542178868,13.5816208694357,7.34787699664835,757
"NIW","niwolwq",2021-06-16 14:31:00,"6","Summer","tank",13.65378,1.736875,28.3725911458333,7.05843749999999,14.8259114583333,1.93012960093384,3.69510216367559,20.3122958465777,16.6544590928076,7.09646416547982,758
"OWC","owcwmwq",2021-05-10 06:00:00.06,"5","Spring","isco",13.67,3.25,7.443,166.75,59.64,2.8256809713452,3.69729630946723,28.2359235600921,28.1285992108276,10.4414996773691,759
"LKS","lksbawq",2021-05-07,"5","Spring","isco",13.69,3.14,11.539,7.46,164.59,2.85148024836949,3.7,14.9705136723343,17.0004806400076,10.1766210187614,760
"LKS","lksbawq",2021-05-19 11:27:00,"5","Spring","tank",13.69,3,17.3192,6.64,156.186,2.9068109905676,3.7,15.6952958797406,18.7938784027329,9.84442442961442,761
"NIW_isco","niwwswq",2021-07-12 17:00:00.03,"7","Summer","isco",13.71762,2.68,29.365,21.02,79.42,3.01799456953701,3.70373055175454,14.4773879068546,14.0367928302947,9.10581721938715,762
"LKS","lksbawq",2021-05-07 08:00:00,"5","Spring","isco",13.77,2.93,10.203,8.14,166.96,2.62272365503392,3.71079506305589,14.1582525191583,15.8339030645373,9.68039325056401,763
"MAR","marscwq",2021-07-14 10:00:00,"7","Summer","tank",13.7799201211954,1.56491803278689,28.9687049180328,15.2850819672131,42.4675409836065,1.75292626732421,3.71213147951355,13.4758138844198,15.5742409300277,6.75706860296307,764
"ELK","elksmwq",2021-05-04 10:00:00,"5","Spring","isco",13.8430196657048,2.15,19.028,3.96,25.48,2.12529589327292,3.72062087099785,9.39429619416832,9.22148300631738,7.94584838412508,765
"LKS","lksbawq",2021-05-19 07:25:00,"5","Spring","tank",13.85,4.018,17.0056,6.582,155.43,3.87909319732377,3.72155881318568,18.4764204080424,21.7596385284952,12.3856550103571,766
"ELK","elksmwq",2021-09-14 06:00:00,"9","Fall","isco",13.8794636742489,2.43,20.034,7.44,19.64,2.43098842858286,3.72551522265699,15.4024784415373,14.3614583063307,8.54881870116169,767
"NIW_isco","niwwswq",2021-07-12 20:00:00.045,"7","Summer","isco",13.94904,3.1,29.372,18.86,82.27,3.49129298563253,3.73484136209291,14.4171198029783,14.1649660336994,10.0811452271621,768
"NIW","niwolwq",2021-02-28 15:19:00,"2","Winter","tank",13.98096,1.72513131313132,24.3605292929293,17.6831111111111,75.6765252525253,1.82003946128474,3.739112194091,13.4089741366943,14.7831578145167,7.07302079498598,769
"LKS","lksbawq",2021-06-16 10:25:00,"6","Summer","tank",13.99,2.604375,22.0074375,10.196875,111.845,2.66843427664493,3.74032084185301,20.3602164352214,22.3955943724599,8.93547079493731,770
"LKS","lksbawq",2021-07-14 10:30:00,"7","Summer","tank",14.02,2.431,23.04,4.953,69.59,2.52271168865011,3.74432904536981,23.3636458024079,21.7659322587169,8.55101168082879,771
"GTM","gtmpcwq",2021-07-21 10:00:00,"7","Summer","tank",14.06,6.58669421487604,5.83406336088154,12.6606887052342,131.742258953168,5.63251277003388,3.74966665185053,9.07293575205421,9.16387778245721,20.0934292498338,772
"NIW","niwolwq",2021-04-04 09:20:00,"4","Spring","tank",14.06475,1.53310924369748,13.0363739495799,5.81138655462185,35.2886974789916,1.41525289548679,3.75029998800096,7.26181764414499,7.46585917197127,6.6951982732968,773
"ELK","elksmwq",2021-06-08 10:00:00,"6","Summer","isco",14.0698240392306,1.22,16.671,2.67,13.02,1.17329074638791,3.75097641144684,7.26082579404027,7.61778785981346,6.10136534799006,774
"OWC","owcwmwq",2021-06-06 04:00:00,"6","Summer","isco",14.36,3.53,19.328,26.63,38.15,3.5018582357364,3.78945906429928,20.7425330403303,19.3088922155729,11.1310919782302,775
"LKS","lksbawq",2021-05-04 13:00:00,"5","Spring","tank",14.41,2.516,11.3888,9.552,161.636,2.28109584607586,3.79605057922046,13.4403983967592,15.1186513602038,8.73844288548992,776
"LKS","lksbawq",2021-05-06 12:00:00,"5","Spring","isco",14.49,2.9,11.207,6.31,166.57,2.62407169289554,3.80657326213486,14.0145585480012,15.93118894987,9.61051603413895,777
"ELK","elksmwq",2021-09-14 20:00:00,"9","Fall","isco",14.5056124426481,8.21,20.39,7.05,21.65,8.24846993831397,3.80862343145763,31.560395588118,29.9830066323232,25.9213210623012,778
"NIW_isco","niwwswq",2021-07-12 21:00:00.05,"7","Summer","isco",14.55153,3.17,29.414,27.46,75.7,3.57214926453571,3.81464677263833,16.0329011010823,15.074028856837,10.2485231646785,779
"NIW_isco","niwwswq",2021-07-27 21:59:59.95,"7","Summer","isco",14.5635,2.65,29.376,24.15,91.56,2.98465318202439,3.81621540272559,13.6894516595689,14.3639205045005,9.03804930451626,780
"GND","gndblwq",2021-07-12 22:00:00.025,"7","Summer","isco",14.77,2.9,28.982,16.14,101.98,3.24898273435271,3.84317577011513,13.0835558026686,14.958316566622,9.61051603413895,781
"PDB","pdbgswq",2021-07-23 11:45:00,"7","Summer","tank",14.775617,4.990983333,11.3903,0.5332,4.2074,4.52507810315616,3.84390647648977,12.0506572394522,13.2335871071173,15.0869189745844,782
"NIW","niwolwq",2021-02-28 13:53:00,"2","Winter","tank",14.78295,1.68547794117648,22.1158658088235,17.1740257352941,80.1612316176471,1.72923267444523,3.84486020552113,11.8474905935292,13.5178322135458,6.99414922422446,783
"LKS","lksbawq",2021-07-12 18:00:00,"7","Summer","isco",14.8,1.44,24.38,5.75,74.19,1.51959493545702,3.84707681233427,21.5341340102134,20.4179042316023,6.51572980818201,784
"SAP","sapnawq",2021-02-10 17:09:00,"2","Winter","tank",14.82928,1.72605555555556,14.9476222222222,10.2307222222222,53.5818888888889,1.62770965899844,3.85088041881334,5.60116147983635,5.78562837975793,7.07486441055428,785
"LKS","lksbawq",2021-06-16 09:25:00,"6","Summer","tank",14.84,2.44166666666667,21.93,10.3483333333333,111.47,2.49935238265318,3.85227205685164,19.998739370809,21.9873314175342,8.57442096333523,786
"LKS","lksbawq",2021-07-14 09:30:00,"7","Summer","tank",14.94,2.136,22.9,4.749,70.34,2.21273818357702,3.86522961801754,22.4115767007228,20.9477891457124,7.91627866061972,787
"ELK","elksmwq",2021-07-08 02:00:00,"7","Summer","isco",14.9693698151503,4.65,21.871,19.69,20.63,4.75642356340003,3.86902698558052,18.4792343810461,17.9807622647489,14.1099535041371,788
"GND","gndblwq",2021-07-12 20:00:00.02,"7","Summer","isco",15,2.91,28.992,19.71,98.02,3.26062297423523,3.87298334620742,13.8242855540274,15.3526950876726,9.63378031559325,789
"SAP","sapnawq",2021-07-22 21:05:00,"7","Summer","tank",15.10792,3.8985,28.723,10.6585,32.4028333333334,4.35253768354275,3.88689078827795,17.40229821831,14.6924579598228,12.0722490053116,790
"LKS","lksbawq",2021-05-04 14:00:00,"5","Spring","tank",15.13,2.924,11.5288,11.868,160.588,2.65503336740178,3.88973006775535,14.9338865532608,16.7549389064372,9.66639755798408,791
"LKS","lksbawq",2021-05-19 12:26:00,"5","Spring","tank",15.14,3.024,17.66,6.692,153.782,2.94168195257931,3.89101529166874,15.9569066376959,19.0127337550843,9.90098092995688,792
"NIW_isco","niwwswq",2021-06-28 17:00:00,"6","Summer","isco",15.164,2.24,28.007,21.26,86.92,2.47719982006639,3.89409809840482,12.7881117918365,13.1255771627278,8.13725566797224,793
"LKS","lksbawq",2021-05-04 08:00:00,"5","Spring","tank",15.17,2.88,10.221,8.68,166.484,2.57846410201305,3.89486841883009,14.0800913036572,15.7292710694816,9.56407184329253,794
"SAP","sapnawq",2021-07-22 12:20:00,"7","Summer","tank",15.21744,5.40704918032787,28.6850655737705,27.5337704918033,104.41606557377,6.03372365287358,3.90095372953846,13.3789257659728,17.0906401740081,16.3232993115313,795
"OWC","owcwmwq",2021-08-08 12:00:00.015,"8","Summer","isco",15.28,9.48,24.768,12.52,54.8,10.0532250185594,3.90896405713841,34.6260128865422,32.2642751177328,30.9975046822415,796
"LKS","lksbawq",2021-05-19 13:25:00,"5","Spring","tank",15.3,4.392,17.601,6.062,153.038,4.26951243046062,3.91152144312159,19.7004794650312,23.0848405448735,13.3924781254994,797
"LKS","lksbawq",2021-05-19 14:26:00,"5","Spring","tank",15.33,3.122,17.6428,7.348,153.924,3.03640668279647,3.91535439009038,16.2723332164762,19.3625635737156,10.1336012269807,798
"OWC","owcwmwq",2021-06-06 18:00:00.03,"6","Summer","isco",15.35,3.24,21.137,15.75,26.19,3.28466163204274,3.91790760483195,20.9499868796632,18.2757415168864,10.4172791792102,799
"SAP","sapnawq",2021-04-29 17:15:00,"4","Spring","tank",15.3548,3.41508196721311,27.9264754098361,25.5083606557377,102.549508196721,3.7726967850606,3.91852012882415,10.8200444279025,13.506440481838,10.8454007510211,800
"NIW","niwolwq",2021-04-11 14:06:00,"4","Spring","tank",15.38544,1.88545020242915,23.8186598778004,19.7563951120163,35.7781262729124,1.97567152856421,3.92242781960357,16.1485572294041,14.5574638445103,7.3964073516009,801
"MAR","marscwq",2021-06-29 10:00:00,"6","Summer","tank",15.4022861864757,0.960327868852459,27.9448196721312,3.40590163934426,8.9088524590164,1.06114703370333,3.92457465038897,13.0415808185308,12.4778483843119,5.62979471414607,802
"NIW_isco","niwwswq",2021-07-27 14:59:59.985,"7","Summer","isco",15.52908,2.85,29.869,11.26,95.17,3.23136681174745,3.94069537010919,12.3726585903591,13.3546838091735,9.4946164871783,803
"GTM","gtmpcwq",2021-07-16 08:15:00,"7","Summer","tank",15.57,6.98896385542169,14.7797831325301,11.4464096385542,143.481373493976,6.57830068725878,3.94588393138977,8.93198749297983,9.89796358708668,21.4685621854544,804
"OWC","owcwmwq",2021-05-10 04:00:00.055,"5","Spring","isco",15.64,3.59,8.418,41.63,73.35,3.15325659094732,3.95474398665704,14.519240702847,15.3080289310593,11.2817304070998,805
"LKS","lksbawq",2021-09-09 08:00:00,"9","Fall","isco",15.65,0.61,18.67,0.41,50.27,0.600449813728685,3.9560080889705,20.1000515825111,16.4640094873629,5.02364166682527,806
"SAP","sapnawq",2021-04-29 18:15:00,"4","Spring","tank",15.6502666666667,3.4855737704918,27.7332295081967,20.705737704918,103.175737704918,3.84076489927997,3.9560417928362,10.4073092993931,13.1034734553023,11.0202060617352,807
"ELK","elksmwq",2021-05-04 14:00:00,"5","Spring","isco",15.6566111665718,2.15,19.011,4.7,24.22,2.12486887595673,3.95684358631622,9.52316246976664,9.29018880152974,7.94584838412508,808
"ELK","elksmwq",2021-08-03 10:00:00,"8","Summer","isco",15.7303962257513,1.8,21.302,7.96,16.67,1.82846965660511,3.96615635417356,11.6855888243844,11.3459222488983,7.2231422206756,809
"LKS","lksbawq",2021-07-14 07:30:00,"7","Summer","tank",15.78,1.971,23.08,4.79,70.21,2.04637357644318,3.97240481320824,22.128557316614,20.6632678817897,7.57193156263805,810
"OWC","owcwmwq",2021-05-09 16:00:00.025,"5","Spring","isco",15.79,2.66,11.909,36.01,12.17,2.42533051555081,3.97366329726111,15.5502064486987,13.7974442381886,9.0606104854525,811
"LKS","lksbawq",2021-05-04 09:00:00,"5","Spring","tank",15.82,2.998,10.728,8.554,164.024,2.69875905199655,3.97743636027027,14.5677382321401,16.3176654774578,9.8397187001646,812
"NIW","niwolwq",2021-06-25 12:29:00,"6","Summer","tank",15.82434,1.621034,27.21078,17.10891,24.04313,1.77400941992528,3.97798190041131,19.861294411246,17.38487480403,6.86691191906807,813
"GRB","grbsqwq",2021-07-01 13:35:59.995,"7","Summer","isco",15.91564453125,2.89,28.065,22.39,41.2,3.19848352646115,3.98944163151311,9.78490033162438,8.59067890258721,9.58727987670538,814
"GTM","gtmpcwq",2021-06-29 12:10:00,"6","Summer","tank",16.02,6.9968281938326,5.94259471365639,12.4662775330397,127.164735682819,5.98988069930387,4.0024992192379,10.2435372828609,10.3789564275228,21.4958994819652,815
"NIW","niwolwq",2021-06-24 09:59:00,"6","Summer","tank",16.03581,2.001538,24.88957,15.00279,13.07503,2.12584201030518,4.00447374819713,19.2524291380758,16.3644792163676,7.63508549179445,816
"NIW_isco","niwwswq",2021-07-27 17:59:59.97,"7","Summer","isco",16.04778,2.32,29.349,35.53,86.53,2.61202949951932,4.00596804780068,15.2727493561354,15.518444377913,8.3093079092455,817
"NIW_isco","niwwswq",2021-07-28 03:59:59.92,"7","Summer","isco",16.05576,2.29,29.246,17.92,91.96,2.57468271090882,4.00696393794604,12.5338194709801,13.3090416579691,8.24457738861261,818
"GRB","grbsqwq",2021-07-01 12:35:59.995,"7","Summer","isco",16.0794296875,2.71,27.897,33.46,36.16,2.99261590887903,4.00991641901674,10.9872704529078,9.36797579984834,9.17383825044454,819
"ELK","elksmwq",2021-09-14 10:00:00,"9","Fall","isco",16.2369170675003,2.02,19.944,6.62,22.83,2.01864813868747,4.02950580933944,14.10115255392,13.3216927747962,7.67339293130914,820
"NIW","niwolwq",2021-04-10 13:39:00,"4","Spring","tank",16.28319,1.5966875,24.26899375,20.5071666666667,36.9552291666667,1.6825861452585,4.03524348707733,16.0258947713205,14.4813618612963,6.81914647995788,821
"SAP","sapnawq",2021-02-10 20:15:00,"2","Winter","tank",16.28736,3.57577777777778,13.4355944444444,12.6181111111111,42.7063333333333,3.31550509370775,4.03576015144607,8.98209010462254,9.16021262848793,11.2459319678889,822
"LKS","lksbawq",2021-06-30 13:22:00,"6","Summer","tank",16.36,2.85875,24.363625,6.55,81.34875,3.01614201468746,4.04474968323134,24.336584877148,23.6741818734538,9.51484815282777,823
"ELK","elksmwq",2021-07-08 04:00:00,"7","Summer","isco",16.427665704432,6.01,22.176,16.23,25.88,6.17057123523335,4.05310568631413,20.8263978029882,20.5577677417217,18.201425985341,824
"LKS","lksbawq",2021-05-04 07:00:00,"5","Spring","tank",16.63,3.028,10.3924,8.412,166.176,2.71595258824111,4.07798970082074,14.5349256807904,16.2739735043182,9.91042276279889,825
"LKS","lksbawq",2021-07-12 16:00:00,"7","Summer","isco",16.66,1.22,24.09,5.37,76.4,1.28274013947731,4.08166632639171,20.5482215021854,19.6889528890065,6.10136534799006,826
"LKS","lksbawq",2021-07-13 12:00:00,"7","Summer","isco",16.7,1.1,23.02,6.92,75.64,1.14121525569964,4.08656334834051,19.8794983062884,19.0026058564219,5.88108566993088,827
"GRB","grbapwq",2021-06-16 11:00:00,"6","Summer","isco",16.8131871875,2.85,20.401,45.41,6.39,2.86373283997586,4.10038866298062,10.1416175345528,8.16616776861803,9.4946164871783,828
"SAP","sapnawq",2021-07-22 20:10:00,"7","Summer","tank",16.82624,3.83816666666667,28.7945166666667,11.2298333333333,30.9241666666667,4.28927326409394,4.10198000970263,17.5507800245751,14.6843722643533,11.9155418472044,829
"LKS","lksbawq",2021-06-23 10:24:00,"6","Summer","tank",16.85,3.70571428571429,19.6874285714286,8.99857142857143,84.5785714285714,3.69191411831701,4.10487515035476,24.3073403477364,24.1073904910962,11.5751065568428,830
"LKS","lksbawq",2021-06-23 08:25:00,"6","Summer","tank",16.87,3.54714285714286,19.1928571428571,8.75714285714286,84.5414285714286,3.51323184863029,4.10731055558257,23.6051739500496,23.4333849018741,11.1740282166066,831
"ELK","elksmwq",2021-08-03 06:00:00,"8","Summer","isco",16.887473413995,4.32,21.744,10.82,17.62,4.41201679977516,4.10943711644247,17.3386999982637,16.7444089352964,13.1955935720995,832
"SAP","sapnawq",2021-04-29 12:15:00,"4","Spring","tank",16.9510666666667,4.24901639344262,23.9271475409836,22.5081967213115,39.2649180327869,4.45839851205678,4.11716731098782,15.0533160865007,13.0898284258501,13.0029155770073,833
"ELK","elksmwq",2021-05-04 12:00:00,"5","Spring","isco",17.0181871742507,2.55,20.689,4.88,25.74,2.57118537215677,4.12531055488562,11.1825671372156,10.6948555773124,8.81398431629358,834
"ELK","elksmwq",2021-07-08 06:00:00,"7","Summer","isco",17.038256817457,3.75,21.321,16.8,23.05,3.81019121020916,4.12774233903438,16.0208765682792,15.9416155188586,11.6883827117326,835
"OWC","owcwmwq",2021-04-13 22:00:00.04,"4","Spring","isco",17.07,0.67,15.002,23.83,49.42,0.63221293867193,4.13158565202272,10.4335959410442,9.62913805375405,5.12500681138953,836
"NIW_isco","niwwswq",2021-07-27 20:59:59.955,"7","Summer","isco",17.10912,2.84,29.438,19.02,93.95,3.20132051228329,4.13631720253658,13.1200417216484,13.983087404016,9.47152094984834,837
"LKS","lksbawq",2021-05-07 10:00:00,"5","Spring","isco",17.13,3.11,10.272,7.6,167.56,2.78590431767116,4.13884041731498,14.648462899137,16.4264735473249,10.1049719890309,838
"LKS","lksbawq",2021-07-14 08:30:00,"7","Summer","tank",17.13,2.269,23.02,5.047,70.57,2.35401583198407,4.13884041731498,22.8578855367404,21.3784509606979,8.19941662830055,839
"NIW","niwolwq",2021-06-15 14:40:00,"6","Summer","tank",17.2,2.27227799227799,28.668222007722,10.8411583011583,21.1386872586872,2.53506413745355,4.14728827066554,21.4139903866513,18.0914869875989,8.20645782233969,840
"GND","gndblwq",2021-07-12 18:00:00.015,"7","Summer","isco",17.35,2.92,29.606,24.89,93.34,3.29896960931789,4.16533311993171,15.0578393967848,16.165497757196,9.65707272106827,841
"SAP","sapnawq",2021-06-30 11:00:00,"6","Summer","tank",17.37592,3.42,27.61,13.61,59.52,3.76239943922494,4.16844335453896,13.917116583919,14.0285093991782,10.8575511212401,842
"MAR","marscwq",2021-07-14 06:48:00,"7","Summer","tank",17.407519625396,2.67923076923077,27.8900769230769,4.84365384615385,66.1182692307692,2.95836740012786,4.17223197166648,11.1204393465846,15.1058645415233,9.10407641867216,843
"NIW","niwolwq",2021-06-17 08:30:00,"6","Summer","tank",17.46024,1.97540469973891,25.4728955613577,15.194908616188,40.0692428198434,2.11374654299973,4.17854520138289,17.2715059642831,16.6501356120453,7.58102448903157,844
"ELK","elksmwq",2021-09-14 16:00:00,"9","Fall","isco",17.5308266463835,1.36,17.711,6.31,8.01,1.32376403290493,4.18698300048896,11.8165649430182,10.8023702361536,6.36347687749722,845
"NIW","niwolwq",2021-06-16 12:30:00,"6","Summer","tank",17.57,1.86968416180031,27.8997765567766,14.0237728937729,17.4405494505494,2.06474233722887,4.19165838302694,21.0139199709466,17.6171378816729,7.3642844738097,846
"GTM","gtmpcwq",2021-07-13 12:10:00,"7","Summer","tank",17.67,6.23481042654029,11.1738436018957,14.0438862559242,126.282298578199,5.63955924125565,4.20356991139674,8.1251440778146,8.25778007412871,18.9278540853888,847
"SAP","sapnawq",2021-04-29 11:15:00,"4","Spring","tank",17.774,4.62147540983606,23.3519836065574,17.1962295081967,37.2249180327869,4.81446477914131,4.21592220042069,15.2016450942185,13.1959998674515,14.0297086640288,848
"NIW_isco","niwwswq",2021-07-28 04:59:59.915,"7","Summer","isco",18.06672,2.28,29.117,18.4,101.2,2.55900109911798,4.25049644159362,11.7427219501026,13.3013907604478,8.22305679644309,849
"NIW","niwolwq",2021-06-24 11:46:00,"6","Summer","tank",18.11061,1.900987,25.6375,19.09689,27.11752,2.0384107321893,4.25565623611682,19.0412311560946,17.1899562747203,7.42813154291893,850
"GTM","gtmpcwq",2021-08-31 09:57:00,"8","Summer","tank",18.2,7.01110389610389,3.82565800865801,5.82705627705628,190.435800865801,5.87478092830777,4.26614580154031,10.0876958392188,10.6438498327218,21.5455678223039,851
"NIW","niwolwq",2021-06-16 09:52:00,"6","Summer","tank",18.29814,1.97953051171207,27.1169438502674,12.6665240641711,32.94064171123,2.16367978712829,4.27763252278641,18.7532042162758,17.1503606820081,7.58954663728143,852
"GND","gndblwq",2021-07-12 14:00:00,"7","Summer","isco",18.4,2.66,30.076,18.65,86.89,3.0244310132606,4.28952211790544,14.9113172774787,15.4563131338187,9.0606104854525,853
"ELK","elksmwq",2021-09-15 06:00:00,"9","Fall","isco",18.4409494857675,2.95,18.889,6.68,19.31,2.91131990996287,4.29429266419599,15.8078111557431,15.016927623741,9.72711868161766,854
"NIW_isco","niwwswq",2021-06-29 11:00:00,"6","Summer","isco",18.44577,2.44,28.06,29,83.33,2.70027106653395,4.29485389739861,14.2513766902908,14.2206025420127,8.57076115364204,855
"LKS","lksbawq",2021-07-14 13:30:00,"7","Summer","tank",18.48,2.751,22.91,4.189,69.41,2.8501858348827,4.29883705204094,24.0277102930499,22.3800801539464,9.26720967134458,856
"NIW","niwolwq",2021-06-16 15:45:00,"6","Summer","tank",18.50961,2.44913043478261,28.5427877237851,11.8968030690537,20.705652173913,2.72780435014915,4.3022796282901,21.814343734506,18.4065721648184,8.59082012877548,857
"GTM","gtmpcwq",2021-07-20 08:30:00,"7","Summer","tank",18.55,8.3618556701031,4.96415979381443,18.0569329896907,132.085463917526,7.08746616284648,4.30697109347161,14.3279082537733,14.8532901054433,26.5044106034644,858
"NIW_isco","niwwswq",2021-07-12 14:00:00.015,"7","Summer","isco",18.58143,3.4,29.634,14.99,62.27,3.84271968645304,4.31061828511874,16.4237247756031,14.1659110361356,10.8081820322385,859
"LKS","lksbawq",2021-07-14 11:30:00,"7","Summer","tank",18.63,2.314,22.85,4.789,68.41,2.39564912930686,4.31624837098145,23.0192966834569,21.3564311909213,8.296341555824,860
"LKS","lksbawq",2021-06-30 14:22:00,"6","Summer","tank",18.66,4.18375,24.457,6.0675,80.84375,4.41929799292898,4.31972221329104,27.7176772232127,26.7806781254229,12.8270068634757,861
"NIW","niwolwq",2021-04-11 15:25:00,"4","Spring","tank",18.76098,1.8790977443609,24.5393032581454,14.5271428571429,40.2138847117794,1.98695798071008,4.33139469455278,15.5216759971835,14.1989428138876,7.38345598254237,862
"GND","gndblwq",2021-07-12 16:00:00.01,"7","Summer","isco",18.84,3.01,29.612,24.73,84.27,3.40092587350128,4.34050688284214,16.0117612827513,16.2143235018584,9.86796995127594,863
"OWC","owcwmwq",2021-06-06 16:00:00.025,"6","Summer","isco",18.88,4.09,20.994,20.93,28.99,4.13920242834109,4.34511219648009,23.1015123810486,20.4767935244769,12.5764242766912,864
"LKS","lksbawq",2021-06-23 09:27:00,"6","Summer","tank",18.89,3.43375,19.499,8.24125,84.26125,3.41329988947731,4.34626276242015,23.377626079608,23.1726989049923,10.8915576264455,865
"OWC","owcwmwq",2021-05-09 18:00:00.03,"5","Spring","isco",18.91,3.07,11.687,39.81,15.48,2.79240032848922,4.34856298103178,16.6193741002452,15.0185004157531,10.0098336856802,866
"NIW_isco","niwwswq",2021-07-12 16:00:00.025,"7","Summer","isco",18.94053,3.21,29.567,23.62,77.96,3.62469708158914,4.35207192036161,15.5104767132656,14.7816607081946,10.344786428858,867
"NIW","niwolwq",2021-07-09 11:06:00,"7","Summer","tank",18.95649,1.884496,27.70311,19.97791,47.10074,2.07570834026403,4.35390514366126,18.7754260899596,18.4231674299909,7.39446120272253,868
"NIW","niwolwq",2021-06-17 09:45:00,"6","Summer","tank",19.10412,1.93885117493473,26.3137832898172,11.7479373368146,35.625091383812,2.09719927514033,4.37082600889123,17.6938477640779,16.5410325854421,7.50572976907991,869
"LKS","lksbawq",2021-08-31 14:40:00,"8","Summer","tank",19.39,3.054,21.48,7.355,46.03,3.10902620798442,4.4034077712608,26.5293204060835,22.8868520232605,9.97190435995281,870
"LKS","lksbawq",2021-06-30 12:23:00,"6","Summer","tank",20.14,2.76125,23.933,6.35375,76.59125,2.89753107006154,4.48776113446338,24.2944620828435,23.2088535730119,9.29062639606777,871
"ELK","elksmwq",2021-08-04 06:00:00,"8","Summer","isco",20.2780113565749,4.14,22.394,9.84,20.73,4.26201771376977,4.50311129737817,17.0028313521457,16.4704048852815,12.7097607164996,872
"LKS","lksbawq",2021-09-09 06:00:00,"9","Fall","isco",20.28,0.73,18.73,0.46,50.19,0.719078965158194,4.50333209967908,20.531148162982,16.8455638838018,5.22738442069978,873
"GRB","grbsqwq",2021-08-31 09:20:00,"8","Summer","tank",20.41161828125,3.8963,20.22873,2.9843,65.34,3.90698682169098,4.51792189853366,5.71066296008971,6.65731866213521,12.066516837272,874
"OWC","owcwmwq",2021-09-12 22:00:00,"9","Fall","isco",20.71,4.86,23.096,9.21,65.38,5.04685524249892,4.5508241011931,26.5279967915858,25.0429355477041,14.7077652351832,875
"LKS","lksbawq",2021-07-14 14:30:00,"7","Summer","tank",20.77,2.523,22.59,4.273,69.59,2.60364261884111,4.55741154604234,23.2178363776768,21.6598026382581,8.75396895580873,876
"GTM","gtmpcwq",2021-02-08 09:45:00,"2","Winter","tank",20.79,10.3956092436975,8.37095168067227,6.96598739495798,109.337521008403,9.12641556045426,4.5596052460712,21.778144718657,21.3530273482094,34.9385941223517,877
"OWC","owcwmwq",2021-06-07 00:00:00.045,"6","Summer","isco",20.86,7.03,24.791,27.1,63.55,7.45725656328817,4.56727489866769,27.4166771786814,26.4349070045194,21.6113997097706,878
"OWC","owcwmwq",2021-04-13 20:00:00.035,"4","Spring","isco",20.87,0.68,16.613,31.5,65.67,0.653529398364447,4.56836951220017,11.9166984942272,11.6255384378704,5.14199943622276,879
"NIW_isco","niwwswq",2021-07-27 23:59:59.94,"7","Summer","isco",20.87169,3.33,29.572,19.23,90.04,3.76045367489452,4.56855447598034,14.0465541039376,14.4647830143337,10.6362761273859,880
"LKS","lksbawq",2021-05-04 10:00:00,"5","Spring","tank",20.9,3.278,10.6596,8.838,163.784,2.94864009494487,4.57165178026498,15.4613615386702,17.2884026141793,10.5094666920041,881
"SAP","sapnawq",2021-07-22 19:23:00,"7","Summer","tank",20.98032,4.76131147540984,28.7471967213115,24.2634426229508,28.6716393442623,5.31755414603934,4.58042792760676,19.9935035324644,16.4507363163748,14.4252816538196,882
"OWC","owcwmwq",2021-04-13 12:00:00.015,"4","Spring","isco",21.15,0.8,13.778,38.82,59.29,0.744596822611368,4.59891291502677,11.7902111501354,11.3771297327024,5.34810460783793,883
"LKS","lksbawq",2021-04-30 14:45:00,"4","Spring","tank",21.24,2.822,11.8006,7.382,160.226,2.57000098126454,4.60868744872116,14.1973992786405,16.0301304976183,9.43001985518662,884
"GND","gndblwq",2021-07-12 12:00:00,"7","Summer","isco",21.31,2.99,29.027,15.36,80.15,3.35183405432591,4.61627555503352,15.1132772707365,14.985797298798,9.82090703197363,885
"SAP","sapnawq",2021-04-29 15:17:00,"4","Spring","tank",21.3638666666667,5.07704918032787,27.4005901639344,30.547868852459,66.6340983606557,5.57000179715698,4.62210630196523,15.5296309196879,15.0016480966114,15.3386781989372,886
"LKS","lksbawq",2021-06-30 07:25:00,"6","Summer","tank",21.4,3.44777777777778,21.7707777777778,8.9,85.4777777777778,3.52236806599612,4.62601340248815,24.4440610520654,24.2209840427145,10.926305925855,887
"LKS","lksbawq",2021-06-30 08:23:00,"6","Summer","tank",21.45,3.16125,22.002125,8.2725,86.1525,3.2387957930899,4.63141447076376,23.662096413076,23.5134825083656,10.2275255589022,888
"OWC","owcwmwq",2021-04-13 10:00:00.01,"4","Spring","isco",21.46,0.82,11.968,31.52,36.4,0.74813956987324,4.63249392876019,10.3779363629718,9.45129135613406,5.38284920606391,889
"ELK","elksmwq",2021-08-04 04:00:00,"8","Summer","isco",21.5101589180393,4.93,22.472,8.25,19.9,5.0801796271915,4.63790458267948,18.7370299211256,18.0463033587635,14.9097919662294,890
"SAP","sapnawq",2021-02-10 19:12:00,"2","Winter","tank",21.51824,3.55577777777778,13.4991333333333,13.1861111111111,43.6924444444444,3.29928530836754,4.63877570054858,8.97318458882421,9.16980186971672,11.1956866593974,891
"OWC","owcwmwq",2021-08-09 04:00:00.055,"8","Summer","isco",21.6,7.71,26.019,15.36,55.31,8.30800465029268,4.6475800154489,30.1631429080432,27.867029674481,24.0472723658316,892
"LKS","lksbawq",2021-05-04 09:30:00,"5","Spring","tank",21.63,3.406,10.438,8.508,164.738,3.05649317801875,4.65080638169339,15.7796922255001,17.6273709400512,10.8229809468503,893
"OWC","owcwmwq",2021-06-06 22:00:00.04,"6","Summer","isco",21.7,5.4,23.895,20.83,47.48,5.66381533338366,4.65832587954085,25.6867213189111,23.6464684656428,16.301946542693,894
"GTM","gtmpcwq",2021-06-22 12:55:00,"6","Summer","tank",21.77,8.96679723502305,10.3937442396313,13.62133640553,112.483594470046,8.04284917714187,4.66583325891528,15.640418709229,15.8537698477919,28.8916203057833,895
"GRB","grbgbewq",2021-09-23 09:45:00,"9","Fall","tank",22.04206390625,5.498983,20.97505,3.04661,41.90661,5.56385936637188,4.69489764598228,12.8705640208199,11.6440193013265,16.6030569327425,896
"NIW_isco","niwwswq",2021-06-28 16:00:00,"6","Summer","isco",22.0647,3.13,28.251,37.96,78.87,3.47265030806791,4.69730773954613,16.316827994695,15.6781993589266,10.1527098848305,897
"LKS","lksbawq",2021-06-23 11:24:00,"6","Summer","tank",22.1,3.57375,20.300375,9.08625,84.445,3.58663351219303,4.70106370941726,24.2249835958911,23.9823324718137,11.2408325271761,898
"LKS","lksbawq",2021-05-06 16:00:00,"5","Spring","isco",22.13,2.83,12.016,7.02,164.03,2.58334681414782,4.70425339453563,14.0820790348482,16.1039753865801,9.4484535365391,899
"LKS","lksbawq",2021-06-23 07:27:00,"6","Summer","tank",22.18,3.38909090909091,18.9968181818182,7.26272727272727,84,3.34891485819018,4.70956473572665,22.9197176145937,22.7276675612648,10.7813008539421,900
"LKS","lksbawq",2021-06-30 10:23:00,"6","Summer","tank",22.23,3.265625,22.36,7.619375,84.574375,3.3604657463177,4.71487009365051,24.166089622458,23.857030926135,10.4794005087135,901
"NIW","niwolwq",2021-06-17 11:00:00,"6","Summer","tank",22.30011,2.13617647058823,27.0080909090909,12.7883689839572,30.7992245989305,2.33158055562381,4.7222992281303,19.1617317012539,17.3348659035887,7.91665104519173,902
"GRB","grbapwq",2021-06-16 12:00:00.005,"6","Summer","isco",22.31095640625,4.24,21.932,123.4,1.78,4.34027858923415,4.72344751280778,18.11204188614,14.1347281470609,12.9785428976706,903
"OWC","owcwmwq",2021-09-13,"9","Fall","isco",22.43,4.28,22.843,11.6,67.36,4.43063515394728,4.73603209448585,24.9587155365344,23.7760709414417,13.0868432427193,904
"SAP","sapnawq",2021-02-10 18:10:00,"2","Winter","tank",22.45288,3.27611111111111,14.0005388888889,12.9466111111111,38.7150555555556,3.05679900157967,4.73844700297471,8.73926543939707,8.67838480722505,10.5048746800976,905
"OWC","owcwmwq",2021-07-12 10:00:00.01,"7","Summer","isco",22.49,9.34,24.27,13.12,114.06,9.84259843116502,4.74236228055175,27.6224170234874,32.0972751007422,30.4156792851639,906
"NIW","niwolwq",2021-06-16 11:12:00,"6","Summer","tank",22.59138,2.11516049382716,27.5847901234568,14.8277283950617,23.2945925925926,2.32615209214772,4.75303902782209,20.6565646895389,17.8883115227876,7.87236515363604,907
"SAP","sapnawq",2021-02-10 16:09:00,"2","Winter","tank",22.64176,4.05183333333333,16.0240944444444,24.545,67.7325555555555,3.86792654328606,4.75833584354867,10.7151284713886,11.5467244225034,12.4751173181921,908
"ELK","elksmwq",2021-09-14 22:00:00,"9","Fall","isco",22.678629879711,8.2,20.36,11.37,22.48,8.23545467994701,4.76220850863452,31.1584413293582,29.6292863707157,25.8831510498641,909
"OWC","owcwmwq",2021-05-09 14:00:00.02,"5","Spring","isco",22.71,4.03,12.026,35.78,17.96,3.67916052299795,4.76550102297754,18.5471481630218,17.0025910788306,12.4173486416049,910
"NIW","niwolwq",2021-07-09 13:05:00,"7","Summer","tank",22.73901,3.544521,29.57896,33.26989,148.4282,4.0030810665969,4.76854380288155,13.0491006737123,22.4720269840186,11.1674561230621,911
"ELK","elksmwq",2021-08-03 22:00:00,"8","Summer","isco",22.8705165551166,7.06,22.919,6.82,15.17,7.31536025317363,4.78231288762212,24.5018653199434,22.9469128368728,21.7161225878705,912
"LKS","lksbawq",2021-06-30 11:22:00,"6","Summer","tank",22.95,3.06125,23.27125,7.03625,82.3,3.18588120690557,4.79061582680139,24.2318053040257,23.6907565343706,9.98908216508522,913
"OWC","owcwmwq",2021-09-13 02:00:00,"9","Fall","isco",22.97,4.34,22.643,11.28,67.48,4.4816506763032,4.7927027865287,24.9777644966828,23.8317359197053,13.2501374809139,914
"OWC","owcwmwq",2021-06-07 06:00:00.06,"6","Summer","isco",23.02,5.17,21.964,42.52,39.15,5.29434760421882,4.79791621435806,26.3847346319446,23.9238984909394,15.6129171798106,915
"OWC","owcwmwq",2021-09-13 04:00:00,"9","Fall","isco",23.19,4.31,22.478,12.71,67.97,4.44162134378091,4.8155996511338,24.9115366766663,23.8277167366549,13.1683638037234,916
"NIW_isco","niwwswq",2021-06-28 15:00:00,"6","Summer","isco",23.24175,3.08,28.106,22.51,85.78,3.41061519431026,4.82096981944505,13.9578431723007,14.0532870115502,10.0335760754868,917
"OWC","owcwmwq",2021-07-13 04:00:00.055,"7","Summer","isco",23.31,7.18,24.647,14.24,115.59,7.60248545022607,4.82804308182932,22.5868437693893,27.0826544641535,22.1375452621352,918
"ELK","elksmwq",2021-08-04,"8","Summer","isco",23.4901985872459,6.22,22.957,13.44,16.39,6.44801360259271,4.84666881344763,22.3750260684889,20.9936970510919,18.8795599195699,919
"ELK","elksmwq",2021-09-14 14:00:00,"9","Fall","isco",23.5906271354051,2.18,19.548,7.43,15.13,2.1682797403348,4.8570183379729,14.7671667815024,13.593732718814,8.00939769588764,920
"ELK","elksmwq",2021-09-14 12:00:00,"9","Fall","isco",23.6765691232246,1.38,20.137,7.07,22.27,1.38226461951811,4.86585749105176,12.9374600041468,12.1264779095452,6.40137136604409,921
"ELK","elksmwq",2021-08-03 12:00:00,"8","Summer","isco",23.7631136020009,3.27,22.382,7.37,16.68,3.36587905630761,4.87474241391285,15.2417525559451,14.5181727087689,10.490025045749,922
"OWC","owcwmwq",2021-04-14 00:00:00.045,"4","Spring","isco",23.78,0.72,15.47,36.47,58.24,0.682999945967305,4.87647413609464,12.3907897032465,11.8151170753508,5.21025117576293,923
"OWC","owcwmwq",2021-08-08 04:00:00,"8","Summer","isco",23.86,6.94,24.883,10.91,55.25,7.3703884298152,4.88466989672793,28.3691154763811,26.6373191842718,21.2987497725899,924
"OWC","owcwmwq",2021-04-13 18:00:00.03,"4","Spring","isco",23.89,0.74,15.86,32.46,68.61,0.705091644025358,4.88773976393998,11.585983064947,11.4572185213958,5.24454578965735,925
"OWC","owcwmwq",2021-08-08 06:00:00,"8","Summer","isco",23.97,7.87,24.602,11.47,55.3,8.328340879586,4.89591666595746,30.5737749502278,28.7199158389545,24.6393182150654,926
"OWC","owcwmwq",2021-07-13 02:00:00.05,"7","Summer","isco",23.99,7.1,24.823,14.71,113.21,7.53456944663583,4.89795875850338,22.6341230370087,26.8847195820942,21.8561468282939,927
"OWC","owcwmwq",2021-08-09 06:00:00.06,"8","Summer","isco",24.13,8.77,25.777,12.8,57.68,9.42084200592651,4.91222963632605,32.4161692851398,30.2243699456782,28.1037276958507,928
"GTM","gtmpcwq",2021-06-23 12:20:00,"6","Summer","tank",24.16,8.46153034300792,14.0279577836412,10.5872823218997,111.2827176781,7.89750785185794,4.9152822909778,13.7101818239717,13.6440149218038,26.8906630809189,929
"LKS","lksbawq",2021-06-30 09:23:00,"6","Summer","tank",24.21,3.18,22.2358571428571,8.41428571428571,85.9085714285714,3.26736245973184,4.92036584005702,23.8644849209279,23.6830301396296,10.2725467946923,930
"LKS","lksbawq",2021-08-11 12:00:00,"8","Summer","isco",24.39,6.72,22.44,9.09,61,6.9219777415362,4.9386232899463,36.6554606407952,33.3677833438973,20.5440846616588,931
"NIW","niwolwq",2021-07-09 12:10:00,"7","Summer","tank",24.49062,3.06089,28.35923,34.93301,105.1247,3.40085819143201,4.94879985451018,16.6375303362447,21.8763378355804,9.98822884941558,932
"NIW","niwolwq",2021-07-09 14:05:00,"7","Summer","tank",24.49461,3.816597,30.76403,28.76911,147.7401,4.3804667172975,4.94920296613505,13.0548598248811,22.597635846768,11.859766161848,933
"OWC","owcwmwq",2021-07-12 08:00:00.005,"7","Summer","isco",24.61,8.52,24.227,12.5,111.79,8.97361033600929,4.96084670192498,26.021255929786,30.2456162764986,27.1185409621291,934
"OWC","owcwmwq",2021-08-09 02:00:00.05,"8","Summer","isco",24.77,8.73,26.295,19.04,55.07,9.44069487345626,4.97694685525172,32.0701473175559,29.3350631571809,27.9449166095849,935
"OWC","owcwmwq",2021-04-14 02:00:00.05,"4","Spring","isco",24.8,0.86,14.36,33.82,46.05,0.805660614345027,4.97995983919549,12.0082855128027,11.0632711997579,5.45267589076452,936
"ELK","elksmwq",2021-08-03 16:00:00,"8","Summer","isco",24.9422151818886,2.68,22.081,9.9,10.62,2.74839667370015,4.9942181752391,14.5467482930528,13.5278862011467,9.10581721938715,937
"ELK","elksmwq",2021-09-15,"9","Fall","isco",24.9524843055305,9.62,20.201,11.01,25.15,9.64317927163538,4.99524617066372,35.4584107778298,34.1344408195158,31.5848423873807,938
"ELK","elksmwq",2021-08-03 20:00:00,"8","Summer","isco",25.0391225051224,6.48,20.163,5.93,3.92,6.49265591294467,5.00391072113825,22.7822704665084,21.5879713347122,19.7363380909908,939
"LKS","lksbawq",2021-05-26 07:26:00,"5","Spring","tank",25.07,4.56636363636364,13.971,11.1818181818182,194.595454545455,4.25927453430717,5.00699510684802,18.4190326343872,23.0823998090219,13.875317427348,940
"ELK","elksmwq",2021-08-04 02:00:00,"8","Summer","isco",25.0799847806832,5.97,22.921,11.54,18.92,6.18608825147911,5.00799209071692,21.5326348172183,20.4440717645458,18.0736638179526,941
"OWC","owcwmwq",2021-09-13 06:00:00,"9","Fall","isco",25.2,4.42,22.392,15.49,68.91,4.55015808423304,5.01996015920445,25.2949339193453,24.2718671030228,13.4694380770005,942
"WEL","welinwq",2021-08-25 13:15:00,"8","Summer","isco",25.2,0.62,19.461,2.38,5.5,0.616029240541489,5.01996015920445,9.43582453380121,8.04259922587565,5.04046554753418,943
"GTM","gtmpcwq",2021-06-22 09:25:00,"6","Summer","tank",25.32,9.8686546184739,15.3265220883534,13.755843373494,104.073855421687,9.34630232440379,5.03189825016365,17.2446056501172,16.8266404787942,32.6416051146534,944
"OWC","owcwmwq",2021-04-13 06:00:00,"4","Spring","isco",25.37,1.06,12.382,33.94,37.22,0.97149551949162,5.03686410378521,11.4259819968446,10.4447995687567,5.80855907924093,945
"OWC","owcwmwq",2021-08-09 00:00:00.045,"8","Summer","isco",25.43,10.3,26.11,16.11,54.09,11.111921136998,5.04281667324919,35.94770496286,32.7085584549274,34.5160352964018,946
"SAP","sapnawq",2021-06-30 15:15:00,"6","Summer","tank",25.48664,5.83,28.42,16.17,41.07,6.48276332338159,5.04842945875249,19.547956331259,17.1772805949744,17.6300398587041,947
"LKS","lksbawq",2021-06-23 14:22:00,"6","Summer","tank",25.63,3.83285714285714,21.115,8.48428571428571,82.6071428571429,3.88465488099809,5.06260802353886,25.4021616758508,24.942316220947,11.9018001332064,948
"OWC","owcwmwq",2021-04-14 04:00:00.055,"4","Spring","isco",25.72,0.93,15.156,40.44,55.59,0.879076938184688,5.07148893324239,13.283728472782,12.5965893228638,5.5759553637884,949
"LKS","lksbawq",2021-05-26 10:23:00,"5","Spring","tank",25.97,4.89363636363636,14.6000909090909,9.52,194.135454545455,4.59679458034695,5.09607692249636,19.2438447150701,24.2804116799007,14.8046710168933,950
"OWC","owcwmwq",2021-09-12 06:00:00,"9","Fall","isco",26.04,5.2,21.212,15.32,67.44,5.27647687721842,5.10294032886923,26.8903130512584,25.8383532534096,15.7019468543475,951
"SAP","sapnawq",2021-06-30 12:43:00,"6","Summer","tank",26.10392,4.83,28.23,13.55,39.21,5.35726164423928,5.10919954591715,18.0851494584565,15.882197631067,14.62160421076,952
"NIW_isco","niwwswq",2021-07-12 15:00:00.02,"7","Summer","isco",26.16642,3.99,29.796,19.15,65.29,4.51944019147788,5.11531230718125,17.2696853133707,15.078532472739,12.3118606986284,953
"ELK","elksmwq",2021-08-03 18:00:00,"8","Summer","isco",26.2428726594883,5.89,20.013,6.15,1.57,5.89091581901397,5.12277977854683,21.2404457383119,19.9851629330859,17.8194894361704,954
"OWC","owcwmwq",2021-07-13 06:00:00.06,"7","Summer","isco",26.31,6.94,24.482,15.72,115.47,7.33304252645025,5.12932744129286,22.1079138072319,26.5659313743634,21.2987497725899,955
"OWC","owcwmwq",2021-09-12 18:00:00,"9","Fall","isco",26.45,5.2,21.938,11.78,64.67,5.32337417252552,5.14295634824952,27.2059947910305,25.7950398121021,15.7019468543475,956
"ELK","elksmwq",2021-08-03 14:00:00,"8","Summer","isco",26.7187869606305,1.65,22.264,8.26,32.58,1.69591602170877,5.16902185724054,11.0954080715666,11.5488777338537,6.92395751553952,957
"LKS","lksbawq",2021-09-09 04:00:00,"9","Fall","isco",26.73,0.83,18.88,1.8,50.72,0.819030132310398,5.17010638188423,21.1999810999052,17.4672582620904,5.40026369120798,958
"SAP","sapnawq",2021-06-30 14:05:00,"6","Summer","tank",26.91112,6.07,27.83,14.56,35.84,6.69709240406496,5.18759289073458,20.2187392827558,17.4134902070112,18.3939129570454,959
"LKS","lksbawq",2021-08-31 13:45:00,"8","Summer","tank",27.06,3.222,21.58,7.893,45.74,3.28405124494011,5.20192272145598,27.1815884825328,23.435727181797,10.3737531550565,960
"LKS","lksbawq",2021-06-23 13:27:00,"6","Summer","tank",27.14,3.97,21.0455714285714,8.24714285714286,84.4471428571429,4.02026806947958,5.20960651105244,25.572077031483,25.2710697687257,12.2592854712646,961
"OWC","owcwmwq",2021-06-07 02:00:00.05,"6","Summer","isco",27.15,7.53,24.198,31.05,56.52,7.92800626261559,5.21056618804521,28.836931795257,27.120104170558,23.3898267357846,962
"OWC","owcwmwq",2021-07-12 14:00:00.02,"7","Summer","isco",27.28,7.79,24.692,13.07,112.73,8.25308171785528,5.22302594288024,24.1759906205136,28.4272575528685,24.3423953217854,963
"LKS","lksbawq",2021-08-31 10:25:00,"8","Summer","tank",27.4,3.647,20.62,8.937,47.11,3.67424224931412,5.23450093132096,27.7838691290995,24.293488493225,11.4257747099969,964
"SAP","sapnawq",2021-06-30 12:10:00,"6","Summer","tank",27.59288,5.43,28.07,15.29,39.53,6.01000517371129,5.25289253649834,18.9660370523133,16.652740522055,16.3929167746597,965
"MAR","marscwq",2021-05-27 07:04:00,"5","Spring","tank",27.7036220906211,3.21,26.59,3.95,28.81,3.48461462093449,5.26342303929877,13.4668023111136,13.6532928369275,10.344786428858,966
"SAP","sapnawq",2021-06-30 14:42:00,"6","Summer","tank",27.79816,6.63,28.06,14.17,38.31,7.33721195537708,5.2723960397527,20.9148036646752,18.1352063335693,20.2392813262595,967
"GRB","grbapmwq",2021-09-08 09:15:00,"9","Fall","tank",27.80217421875,5.059333,22.75038,5.736333,74.41617,5.23139857821921,5.27277670859956,10.56591811793,11.0902106105628,15.2866846739697,968
"OWC","owcwmwq",2021-07-12 16:00:00.025,"7","Summer","isco",27.96,9.88,25.342,13.35,112.02,10.5542397054196,5.28772162656091,28.6322743944135,32.7469751733065,32.6902369019862,969
"LKS","lksbawq",2021-05-26 08:26:00,"5","Spring","tank",27.98,4.46,13.859125,10.43,195.74625,4.15487898315559,5.28961246217528,18.0054138359257,22.6269601564711,13.5797633515412,970
"OWC","owcwmwq",2021-05-09 06:00:00,"5","Spring","isco",28.12,8.33,13.834,28.46,44.39,7.7579500077957,5.30282943342514,29.6777023810912,29.1933116836825,26.3815548851625,971
"OWC","owcwmwq",2021-06-07 04:00:00.055,"6","Summer","isco",28.22,7.74,23.755,35.82,58.8,8.10390477784541,5.31224999411737,28.6901359526244,27.2580805880413,24.1577325441589,972
"OWC","owcwmwq",2021-09-12 04:00:00,"9","Fall","isco",28.25,4.84,21.367,15.26,67.48,4.92043696468375,5.31507290636732,26.0165859025897,24.9797558417974,14.6502964282137,973
"OWC","owcwmwq",2021-05-09 04:00:00,"5","Spring","isco",28.34,9.14,14.047,28.76,47.23,8.53256609314233,5.32353266168247,32.0461153328622,31.7406444548545,29.5940623135271,974
"LKS","lksbawq",2021-05-26 12:23:00,"5","Spring","tank",28.34,5.37666666666667,15.5825,8.97,190.875,5.10688282277298,5.32353266168247,20.7060836461466,26.1601024949606,16.2313669117367,975
"OWC","owcwmwq",2021-07-12 06:00:00,"7","Summer","isco",28.42,6.84,24.254,15.17,108.16,7.20661683550647,5.33104117410474,22.6202583004001,26.3875609564873,20.9540327354688,976
"LKS","lksbawq",2021-06-23 12:30:00,"6","Summer","tank",28.45,3.78142857142857,20.6111428571429,8.80857142857143,84.6014285714286,3.80926848036273,5.33385414123783,24.9019099958982,24.6476666847211,11.7691068594598,977
"LKS","lksbawq",2021-08-31 11:23:00,"8","Summer","tank",28.57,3.308,20.79,8.918,46.76,3.33954993874688,5.34509120595711,26.9300671039794,23.4419152634574,10.5825331723791,978
"OWC","owcwmwq",2021-04-14 06:00:00.06,"4","Spring","isco",28.64,1.04,14.971,57.36,57.39,0.981002291416682,5.35163526410386,16.0339960459921,15.3344509518656,5.77246452802029,979
"LKS","lksbawq",2021-09-09 02:00:00,"9","Fall","isco",28.86,0.6,19.03,3.47,50.1,0.593119853550146,5.37215040742532,21.033853014436,17.2519149679846,5.00684591013709,980
"LKS","lksbawq",2021-09-09 10:00:00,"9","Fall","isco",28.87,1.73,18.82,8.9,47.53,1.70592723386619,5.37308105280388,25.5357731393278,21.1923441753355,7.08273521903187,981
"ELK","elksmwq",2021-09-15 04:00:00,"9","Fall","isco",28.9381494265769,4.59,19.722,8.49,24.01,4.57479103905677,5.37941906032398,20.3730249359388,19.5498590800333,13.9414281980881,982
"OWC","owcwmwq",2021-08-08 08:00:00.005,"8","Summer","isco",28.98,9.81,24.502,14.57,55.24,10.3682034117289,5.38330753347791,35.1817440985675,32.8741196159764,32.3907604391375,983
"LKS","lksbawq",2021-05-26 14:24:00,"5","Spring","tank",28.98,4.90142857142857,16.143375,8.13875,191.19875,4.68533989894168,5.38330753347791,19.111872294928,24.5548212729759,14.8271656277206,984
"WEL","welinwq",2021-08-25 08:45:00,"8","Summer","isco",29.1,0.6,19.841,2.95,37.41,0.59886130643944,5.39444158370447,8.19987094608429,8.2597548117375,5.00684591013709,985
"MAR","marscwq",2021-05-27 10:03:00,"5","Spring","tank",29.3177248312905,2.82,27.39,6.27,23.59,3.09337617427173,5.41458445601234,13.9618872276469,13.583223437559,9.42541424725058,986
"OWC","owcwmwq",2021-04-13 08:00:00,"4","Spring","isco",29.33,1.2,13.922,49.48,49.99,1.11868825852736,5.4157178656204,14.574824945412,13.7242962393016,6.06437082810631,987
"OWC","owcwmwq",2021-08-08 22:00:00.04,"8","Summer","isco",29.72,8.97,25.543,15.72,53.8,9.60680637611056,5.4516052681756,33.0802389466549,30.4147753300738,28.904532892153,988
"LKS","lksbawq",2021-08-31 12:50:00,"8","Summer","tank",29.79,3.089,21.29,8.086,46.03,3.13739974280931,5.45802161959808,26.5977586355357,22.9829586986148,10.0549682723504,989
"OWC","owcwmwq",2021-07-12 18:00:00.03,"7","Summer","isco",30.21,11.89,25.293,12.99,111.98,12.6934622501912,5.49636243346452,33.4423401621104,37.5000384771754,41.8773941501064,990
"SAP","sapnawq",2021-07-22 18:10:00,"7","Summer","tank",30.22472,7.12377049180328,29.1869016393443,34.3444262295082,39.0377049180328,8.0030070851778,5.49770133783202,21.549616511258,18.1939234884476,21.9395711145961,991
"OWC","owcwmwq",2021-09-12 20:00:00,"9","Fall","isco",30.52,7.02,21.955,14.1,66.41,7.18805111782634,5.52449092677325,32.0587045958502,30.5333943962776,21.5765483317788,992
"NIW","niwolwq",2021-07-09 15:00:00,"7","Summer","tank",30.55143,3.893251,31.16232,27.04044,123.7384,4.49300771630076,5.52733480078781,15.3785047695886,22.6125746289627,12.0585748239877,993
"NIW_isco","niwwswq",2021-06-28 14:00:00,"6","Summer","isco",30.67113,3.54,27.912,16.23,85.97,3.90994805957078,5.53815221892645,13.8083629138039,13.8750543367616,11.15612807299,994
"LKS","lksbawq",2021-09-09 22:00:00,"9","Fall","isco",30.7,0.7,19.24,3.87,49.81,0.693695279785246,5.54075807087803,21.61866784064,17.7396667012941,5.1760690579514,995
"OWC","owcwmwq",2021-09-12 16:00:00,"9","Fall","isco",30.75,7.35,22.644,12.29,65.06,7.58998600311494,5.54526825320471,33.262872908649,31.3825518114778,22.7414932884515,996
"LKS","lksbawq",2021-05-26 11:27:00,"5","Spring","tank",31.34,4.37333333333333,15.1783333333333,9.055,192.918333333333,4.13491105059751,5.59821400091136,17.6509915335379,22.5820804694726,13.3412939869,997
"GTM","gtmpcwq",2021-06-24 10:20:00,"6","Summer","tank",31.38,12.7394796380091,8.90738235294118,11.4577375565611,104.875203619909,11.2474677393468,5.60178542966437,31.2059653936063,32.5234608434979,46.1017080045516,998
"OWC","owcwmwq",2021-08-08 18:00:00.03,"8","Summer","isco",31.42,12.53,25.836,18.02,52.69,13.4700896151822,5.60535458289661,41.0154244834053,36.9807281464451,45.0411498452325,999
"GND","gndblwq",2021-07-12 10:00:00,"7","Summer","isco",31.43,3.99,27.753,16.15,68.97,4.39773948474858,5.60624651616391,17.0516927673735,15.7456457223128,12.3118606986284,1000
"OWC","owcwmwq",2021-06-06 14:00:00.02,"6","Summer","isco",31.44,7.88,22.706,35.07,46.14,8.14352618591999,5.60713830755047,30.154546627926,27.7245259383133,24.6765601348187,1001
"ELK","elksmwq",2021-09-15 02:00:00,"9","Fall","isco",31.4648626126331,6.25,19.928,8.21,24.71,6.2446232205439,5.60935491947453,25.0380833327147,24.0928939247641,18.9774486606343,1002
"NIW","niwolwq",2021-07-09 16:17:00,"7","Summer","tank",31.78833,3.753499,30.57997,24.56483,95.11572,4.29719048105192,5.63811404638111,17.9234850512898,22.0856765765123,11.6973561356904,1003
"NIW_isco","niwwswq",2021-06-28 13:00:00,"6","Summer","isco",31.8023,3.7,27.754,19.45,79.91,4.07815803728019,5.63935279974573,14.7646865723949,14.2602373109863,11.560530455965,1004
"OWC","owcwmwq",2021-09-12 08:00:00,"9","Fall","isco",31.93,5.86,21.17,16.42,67.19,5.94315461896268,5.65066367783467,28.678566178707,27.5308711456607,17.724638089344,1005
"OWC","owcwmwq",2021-04-14 08:00:00.065,"4","Spring","isco",32.27,1.25,14.753,64.42,55.68,1.17619690361063,5.68066897468951,17.4337509108964,16.6299958675264,6.15706805797111,1006
"OWC","owcwmwq",2021-07-12 20:00:00.035,"7","Summer","isco",32.71,8.91,25.381,16.68,112.76,9.52278851713731,5.71926568713152,26.1124238052314,30.2551427871003,28.663110124392,1007
"LKS","lksbawq",2021-09-09 12:00:00,"9","Fall","isco",33.17,2.8,19.01,6.7,47.96,2.76723838854759,5.75934023999277,28.678660323561,24.0885151430884,9.37942004073571,1008
"OWC","owcwmwq",2021-07-12 04:00:00,"7","Summer","isco",33.21,5.54,24.338,10.36,112.71,5.84312239091351,5.76281181368956,19.4552797996686,23.6060303772585,16.7286398414668,1009
"LKS","lksbawq",2021-09-09 14:00:00,"9","Fall","isco",33.23,6.86,19.3,8.7,47.92,6.80305111037559,5.76454681653293,43.7633553739002,37.9770192398394,21.0227511507272,1010
"OWC","owcwmwq",2021-08-08 16:00:00.025,"8","Summer","isco",33.67,14.09,25.841,15.64,52.09,15.148105611265,5.8025856305616,45.8073825662667,41.1530089624804,53.235412547696,1011
"OWC","owcwmwq",2021-04-13 04:00:00,"4","Spring","isco",33.85,1.59,15.146,59.91,46.54,1.50276812002926,5.81807528311554,17.8336557281165,16.5604756029445,6.80605544679059,1012
"OWC","owcwmwq",2021-09-12 14:00:00,"9","Fall","isco",33.95,5.68,22.497,12.7,64.73,5.85483014988482,5.82666285278289,28.7093684256919,27.1088295710754,17.160845448302,1013
"LKS","lksbawq",2021-08-04 11:00:00,"8","Summer","tank",34.23,6.142,23.4,9.263,59.69,6.40231515499129,5.85064099052403,35.3111867333512,31.7485071875745,18.6262337765553,1014
"SAP","sapnawq",2021-07-22 17:16:00,"7","Summer","tank",34.5716,6.80114754098361,29.7790491803279,15.5193442622951,46.9275409836066,7.70183549730428,5.87976189994119,20.6449322030231,18.2555455431249,20.8208603015349,1015
"OWC","owcwmwq",2021-08-08 20:00:00.035,"8","Summer","isco",34.6,12.02,25.182,17.19,53.87,12.8140879310023,5.8821764679411,40.1901879057706,36.7955253288069,42.5107089128094,1016
"LKS","lksbawq",2021-09-09 16:00:00,"9","Fall","isco",34.83,1.12,19.4,3.71,48.93,1.11202101347983,5.9016946718718,23.0470662596617,18.9592664302007,5.91751770940018,1017
"OWC","owcwmwq",2021-04-13 16:00:00.025,"4","Spring","isco",35.08,1.04,16.494,40.43,63.58,0.998150393294534,5.92283715798434,13.9445922248543,13.5213070565091,5.77246452802029,1018
"NIW_isco","niwwswq",2021-07-27 13:59:59.99,"7","Summer","isco",35.40726,4.37,29.911,10.42,81.81,4.95758566261689,5.95039998655553,15.438922551012,14.882011314531,13.332164274291,1019
"OWC","owcwmwq",2021-08-08 10:00:00.01,"8","Summer","isco",35.56,12.33,24.656,15.16,53.87,13.0570096644447,5.96322060635023,41.8245274567575,38.6094177528975,44.0401016213878,1020
"OWC","owcwmwq",2021-05-10 00:00:00.045,"5","Spring","isco",36,14.86,9.774,42.92,59.69,13.2407900142684,6,50.2592085454262,54.3076059316357,57.5323031018008,1021
"NIW","niwolwq",2021-06-25 16:17:00,"6","Summer","tank",36.03768,3.996676,29.82564,44.75871,49.93917,4.52882031241344,6.00313917879637,25.0108206469109,23.8374949108286,12.3294353524128,1022
"LKS","lksbawq",2021-08-04 13:00:00,"8","Summer","tank",36.28,6.326,23.53,9.198,60.65,6.60481681998864,6.02328813855024,35.7807593334462,32.2444420651698,19.2265663068855,1023
"MAR","marscwq",2021-05-27 13:55:00,"5","Spring","tank",36.7134003580774,3.66,27.86,6.09,21.71,4.03971404110213,6.0591583869443,15.7501834094182,14.9270057444292,11.4587548837239,1024
"WEL","welinwq",2021-08-25 20:00:00,"8","Summer","isco",36.9,0.7,23.6,2.11,36.61,0.731491645809471,6.07453701939498,10.6289315209876,10.1936872977344,5.1760690579514,1025
"OWC","owcwmwq",2021-08-08 14:00:00.02,"8","Summer","isco",37.55,11.54,24.773,12.23,54.35,12.2385626076219,6.12780547994141,40.2764533998298,37.314534038368,40.1959401202356,1026
"NIW_isco","niwwswq",2021-06-28 12:00:00,"6","Summer","isco",37.55987,4.68,27.625,19.28,83.39,5.14956281206611,6.12861077243448,15.6147229350473,15.2473647438141,14.1945958314413,1027
"LKS","lksbawq",2021-09-09 18:00:00,"9","Fall","isco",37.81,3.3,19.39,5.43,48.31,3.27610149850165,6.14898365585728,30.4208127213532,25.649929089523,10.5630240284742,1028
"LKS","lksbawq",2021-09-10,"9","Fall","isco",38.02,0.73,19.11,2.13,50,0.722312263627768,6.1660360037872,21.2160694336391,17.4073805946629,5.22738442069978,1029
"OWC","owcwmwq",2021-06-06 08:00:00.005,"6","Summer","isco",38.39,9.3,21.088,55,52.82,9.42259790274455,6.19596642986387,29.8472526603022,28.2506515728652,30.2504559221734,1030
"OWC","owcwmwq",2021-09-12 12:00:00,"9","Fall","isco",38.68,6.04,21.649,14.56,64.68,6.16150408616017,6.21932472218649,29.4788780409024,27.9867232860894,18.2975429131,1031
"OWC","owcwmwq",2021-05-10 02:00:00.05,"5","Spring","isco",38.77,13.01,9.407,37.22,61.77,11.5472173524651,6.22655603042324,45.2059004269179,48.9303325715565,47.4895639842784,1032
"OWC","owcwmwq",2021-05-09 08:00:00,"5","Spring","isco",38.96,11.19,13.32,39.81,51.28,10.362223832292,6.24179461373089,36.5830157626694,36.986341995178,38.5489380157495,1033
"LKS","lksbawq",2021-08-04 12:00:00,"8","Summer","tank",39.22,7.613,23.83,8.677,60.79,7.97842603362208,6.26258732474047,39.7196496265783,35.7532860025287,23.6918500882965,1034
"OWC","owcwmwq",2021-09-12 10:00:00,"9","Fall","isco",39.29,6.64,21.292,18.65,64.75,6.74420212564818,6.26817357768593,31.0390765130072,29.5163166099141,20.2730358674432,1035
"LKS","lksbawq",2021-08-04 10:00:00,"8","Summer","tank",39.48,5.106,23.32,9.64,61.31,5.31710413324778,6.283311228962,32.1375641623977,29.0399362451256,15.4238331780085,1036
"NIW","niwolwq",2021-06-24 13:29:00,"6","Summer","tank",39.97182,4.10240286909743,27.7294,54.45566,50.69582,4.52022275589919,6.32232710321129,24.7556025940237,24.0265310264457,12.6094337919854,1037
"NIW_isco","niwwswq",2021-07-27 16:59:59.975,"7","Summer","isco",40.52643,4.41,29.569,23.24,88.19,4.97985852020085,6.36603722892036,15.6316372737219,15.6324042186858,13.4419270684172,1038
"OWC","owcwmwq",2021-04-13 14:00:00.02,"4","Spring","isco",40.77,1.28,17.058,39.89,62.45,1.23649699854039,6.38513899613783,14.6500509415033,14.130235415358,6.21302388413865,1039
"LKS","lksbawq",2021-09-09 20:00:00,"9","Fall","isco",40.81,0.78,19.36,1.81,49.71,0.774075566619186,6.38827050147378,21.5380372000467,17.6533609105567,5.31347250569485,1040
"NIW","niwolwq",2021-06-24 14:57:00,"6","Summer","tank",41.97879,4.3765206185567,28.6481726804124,37.9855154639175,62.3304896907216,4.88135410310881,6.47910410473547,22.5365898242783,23.0123421416162,13.3500266088452,1041
"GTM","gtmpcwq",2021-06-17 12:30:00,"6","Summer","tank",42.63,18.956333938294,11.9133121597096,6.22306715063521,99.3535390199638,17.2847883280478,6.52916533716217,63.5249738870287,66.1235385131821,83.1945314669988,1042
"OWC","owcwmwq",2021-05-09 20:00:00.035,"5","Spring","isco",42.93,8.81,10.975,34.35,31.69,7.95178638101798,6.55209890035247,31.1813765099336,31.245029955755,28.262988766448,1043
"SAP","sapnawq",2021-07-22 16:14:00,"7","Summer","tank",45.6128,8.8355737704918,29.6207868852459,27.6367213114754,76.5272131147541,9.98428555050202,6.75372489815805,19.1789811180912,19.4595349953355,28.3650472336336,1044
"OWC","owcwmwq",2021-05-09 22:00:00.04,"5","Spring","isco",46.55,11.25,10.545,35.33,43.79,10.1071866476157,6.82275604136627,39.1050078439963,40.6331263905796,38.8288344438586,1045
"NIW","niwolwq",2021-06-25 14:52:00,"6","Summer","tank",46.75482,4.043596,28.85762,62.34971,39.52814,4.52266115398156,6.83774962981243,27.5587927503138,25.1278267273948,12.4533064620568,1046
"LKS","lksbawq",2021-08-04 09:00:00,"8","Summer","tank",47.06,6.507,22.57,9.7,61.62,6.71332619051705,6.860029154457,35.9574017277968,32.7456473569131,19.8264008739751,1047
"OWC","owcwmwq",2021-05-09 10:00:00.01,"5","Spring","isco",47.77,15.86,12.871,41.39,54.02,14.6140973814131,6.91158447825099,51.5719102868442,53.4079376790785,63.361578028186,1048
"OWC","owcwmwq",2021-05-09 12:00:00.015,"5","Spring","isco",49.14,16.73,12.205,36.41,54.35,15.3034441189762,7.00999286732875,58.5283129238769,61.3973694935069,68.6618220607062,1049
"LKS","lksbawq",2021-08-11 20:00:00,"8","Summer","isco",50.22,0.73,22.85,3.91,64.13,0.755757936211759,7.08660708661063,19.2591916774453,17.5164491899476,5.22738442069978,1050
"WEL","welinwq",2021-08-25 11:00:00,"8","Summer","isco",52,0.64,19.413,2.84,5.86,0.635538677954362,7.21110255092798,9.48857239516137,8.11560377539252,5.07419768101415,1051
"OWC","owcwmwq",2021-06-06 10:00:00.01,"6","Summer","isco",52.02,14.74,22.839,53.57,56.45,15.2580206565581,7.21248916810278,34.7715527800924,31.9477603859796,56.85168945256,1052
"OWC","owcwmwq",2021-06-06 12:00:00.015,"6","Summer","isco",53.41,12.43,25.153,44.3,60.87,13.2462768043049,7.30821455623738,33.0817286223771,30.2963120590443,44.539219532274,1053
"WEL","welinwq",2021-08-26 09:30:00,"8","Summer","isco",53.8,0.64,20.422,3.13,60.19,0.643246184176894,7.3348483283569,7.55276158183015,8.63415169607801,5.07419768101415,1054
"WEL","welinwq",2021-08-25 17:45:00,"8","Summer","isco",54.2,0.97,23.596,3.19,36.52,1.01358775753176,7.36206492772238,11.2743770488318,10.8000895975574,5.64701950540079,1055
"WEL","welinwq",2021-08-26 07:15:00,"8","Summer","isco",54.9,0.45,20.738,4.22,78.46,0.454006842271582,7.40945342113708,6.70731351984037,8.60178316435404,4.75828444230105,1056
"WEL","welinwq",2021-08-26 02:45:00,"8","Summer","isco",56.9,0.16,18.815,1.22,6.73,0.157764314997865,7.54320886625844,7.8877559681244,6.77262911009214,4.29567539637216,1057
"GRB","grborwq",2021-09-07 10:55:00,"9","Fall","tank",59.7533825,10.5,22.03123,7.107167,73.8565,10.7614035657443,7.73003120951009,22.2857707274981,22.7393665301642,35.4028999961142,1058
"LKS","lksbawq",2021-08-12,"8","Summer","isco",60.45,0.48,22.36,2.35,63.2,0.493940228358276,7.77495980697007,18.0382617484584,16.3300170621117,4.80749050349526,1059
"OWC","owcwmwq",2021-07-12 22:00:00.04,"7","Summer","isco",60.5,6.07,25.207,11.25,114.67,6.47307088362066,7.77817459305202,20.4240890999216,24.8048902955387,18.3939129570454,1060
"LKS","lksbawq",2021-08-11 16:00:00,"8","Summer","isco",60.68,5.17,22.97,9.58,61.12,5.36038645046072,7.78973683766018,32.1854008304826,29.1341489210352,15.6129171798106,1061
"NIW_isco","niwwswq",2021-07-27 15:59:59.98,"7","Summer","isco",62.27991,7.68,29.637,18.99,92.89,8.6803776126678,7.89176216063307,18.5949426833498,18.3497273483417,23.9370653036908,1062
"OWC","owcwmwq",2021-07-13 00:00:00.045,"7","Summer","isco",62.33,6.66,25.009,12.39,114.75,7.08436072773468,7.89493508523028,21.6081380764772,26.0143151719599,20.3406293218728,1063
"WEL","welinwq",2021-08-25 15:30:00,"8","Summer","isco",63.1,0.29,21.192,1.61,6.43,0.294193658377591,7.9435508432942,9.89316855696974,8.19569129727035,4.50012696708173,1064
"LKS","lksbawq",2021-08-12 08:00:00,"8","Summer","isco",64.14,6.45,21.87,9.34,60.76,6.5975390778682,8.00874522007037,35.6856220678882,32.5903938975653,19.6365087924965,1065
"WEL","welinwq",2021-08-26 05:00:00,"8","Summer","isco",65.9,0.68,20.423,2.64,20.78,0.683457285395539,8.11788149704096,9.48116842923602,8.6416111378104,5.14199943622276,1066
"LKS","lksbawq",2021-08-11 10:00:00,"8","Summer","isco",67.07,3.17,21.91,7.62,61.3,3.24409875664367,8.18962758616044,25.7825746780656,23.4143736828787,10.2485231646785,1067
"WEL","welinwq",2021-08-25 22:15:00,"8","Summer","isco",67.1,0.9,20.902,2.54,10.2,0.909813922015759,8.19145896650896,10.7966323801372,9.25672043519697,5.52295255979669,1068
"WEL","welinwq",2021-08-26 00:30:00,"8","Summer","isco",68.6,0.75,19.212,2.2,6.11,0.742998395416359,8.28251169633946,9.46353917067715,8.14281003608363,5.26173528263564,1069
"LKS","lksbawq",2021-08-11 18:00:00,"8","Summer","isco",72.12,6.3,22.96,7.25,62.43,6.5311891562539,8.49234949822486,35.3057495744259,32.1560286288059,19.1411590428228,1070
"LKS","lksbawq",2021-08-11 14:00:00,"8","Summer","isco",74.3,2.19,22.69,9.27,61.4,2.2627914370902,8.61974477580398,23.96065392131,21.6503680171746,8.03063704784993,1071
"LKS","lksbawq",2021-08-11 22:00:00,"8","Summer","isco",76.27,0.73,22.61,2.42,63.6,0.75351896364939,8.7332697198701,18.8244494604908,17.079435577909,5.22738442069978,1072
"LKS","lksbawq",2021-08-12 06:00:00,"8","Summer","isco",77.72,2.21,21.93,3.61,63.01,2.26221246375298,8.81589473621368,22.4207877101918,20.4258624114525,8.07320012383669,1073
"LKS","lksbawq",2021-08-12 02:00:00,"8","Summer","isco",79.95,3.16,22.27,6.33,62.15,3.24817568770267,8.94147638815872,25.7240735918935,23.3914662129182,10.2245276586854,1074
"GRB","grborwq",2021-09-30 09:15:00,"9","Fall","tank",84.4487659375,21.35933,18.99203,5.338833,41.93517,21.1049312140315,9.18960096726185,72.2618111663627,70.6523485495527,100.444722690696,1075
"LKS","lksbawq",2021-08-12 04:00:00,"8","Summer","isco",92.01,1.16,22.11,2.22,63.82,1.19002776699107,9.59218431849597,19.4716469247386,17.72161273305,5.99071927658747,1076
