"reserve","station","datetime_collected","month","season","method","extracted","sensor_rfu","temp","turb","fdom_qsu","rfu_temp_corrected","response","preds_ols","preds_nofdom_ols","preds_rfu","preds_rfu_season","preds_rfu_reserve","preds_rfu_season_res","preds_tc_rfu_season","preds_tc_rfu_reserve","preds_tc_rfu_season_res","rownum"
"GRB","grblrwq",2021-08-26 18:29:59.99,"8","Summer","isco",0.00370296875,1.71,24.665,2.54,118.84,1.81103256887503,0.0608520233846008,2.25286376739672,4.910986559589,6.65810503717592,8.99112583696908,4.08132451851884,4.32841987411535,8.9323022096532,4.15246004054618,4.3515413720759,1
"WEL","welinwq",2021-01-20 14:00:00,"1","Winter","isco",0.28,0.19,5.674,1.13,2.33,0.162210135957084,0.529150262212918,1.96757992004704,2.05330242608583,4.11662398573397,1.34820749927189,4.18914711028465,1.57241552383909,1.43260891748156,4.21195698308563,1.68942887042711,2
"GRB","grblrwq",2021-07-27 14:09:00,"7","Summer","isco",0.3287096875,1.22,22.243,1.82,117.96,1.25362644098001,0.573332091810671,1.35530804020859,3.34904873985387,5.77239862331097,8.09332926241279,3.49834820178229,3.8792791086035,7.95053061627984,3.48575777737177,3.84433284483218,3
"WEL","welinwq",2021-01-20 09:30:00,"1","Winter","isco",0.34,0.3,3.636,1.82,11.99,0.250900744416583,0.58309518948453,1.13296469590482,1.3881087937477,4.28013743754999,1.42949436239371,4.32797481815737,1.63547053443616,1.49771302312818,4.32420495971899,1.74166933107369,4
"WEL","welinwq",2021-01-20 23:00:00,"1","Winter","isco",0.35,0.38,4.211,1.32,9.4,0.319645844845201,0.591607978309962,1.42794418936796,1.63854272585785,4.40105647077907,1.49010651362346,4.43036182454441,1.68210728102511,1.54917116672163,4.41222512801084,1.78270873169163,5
"WEL","welinwq",2021-01-20 11:45:00,"1","Winter","isco",0.37,0.27,3.696,1.97,13.08,0.225946257765907,0.608276253029822,1.12964964532447,1.3916816419103,4.23522704517445,1.40708925486452,4.28988828432688,1.61815078330152,1.47924871434968,4.29247300785837,1.7268902439655,6
"WEL","welinwq",2021-01-21 05:45:00,"1","Winter","isco",0.39,0.23,5.359,0.69,2.08,0.195730166586893,0.62449979983984,1.84502188347401,1.93552338441829,4.17571497238252,1.37749106837392,4.23936807618351,1.59520120019517,1.45704453292461,4.25420684954876,1.70907930350894,7
"WEL","welinwq",2021-01-21 08:00:00,"1","Winter","isco",0.4,0.25,4.523,0.91,3.1,0.210955404671339,0.632455532033676,1.47946943787099,1.63236884878221,4.20541837301056,1.39225083444565,4.26459077497463,1.60665550340456,1.46821175462783,4.27346692820681,1.71804231296431,8
"GTM","gtmpcwq",2021-02-23 02:30:00,"2","Winter","isco",0.42,4.33,18.053,4.58,132.06,4.23147615853367,0.648074069840786,2.23903046479253,2.79973163895378,12.4661399156572,6.04790551182139,5.24271392865658,2.76762189266045,5.90915849370414,4.90971038603496,2.66411687513941,9
"WEL","welinwq",2021-01-20 20:45:00,"1","Winter","isco",0.43,0.29,4.266,1.62,8.81,0.244075287844338,0.6557438524302,1.38404004762409,1.59841148567066,4.26514098887418,1.42200632963053,4.31526060424026,1.62968703988605,1.49265135713491,4.31551414650715,1.7376207547673,10
"WEL","welinwq",2021-01-21 10:15:00,"1","Winter","isco",0.43,0.27,3.053,1.76,10.61,0.224501632018746,0.6557438524302,0.911547771525668,1.16955653559611,4.23522704517445,1.40708925486452,4.28988828432688,1.61815078330152,1.47818331456201,4.2906396100601,1.72603660464469,11
"GTM","gtmpcwq",2021-02-23 03:30:00,"2","Winter","isco",0.45,4.35,17.979,4.43,132.52,4.24734794671345,0.670820393249937,2.19364393175129,2.77688777571966,12.5174239811335,6.07878941905726,5.27075884617352,2.78270279119821,5.93258099511967,4.93127908421731,2.67578006680781,12
"GTM","gtmpcwq",2021-02-23 01:30:00,"2","Winter","isco",0.46,4.3,18.155,5.23,131.26,4.20717385469059,0.678232998312527,2.34512596474858,2.85658101646091,12.3894112015724,6.00172712786846,5.20078682218329,2.745077376143,5.87338458945561,4.87677678661096,2.64630798539951,13
"WEL","welinwq",2021-01-21 01:15:00,"1","Winter","isco",0.46,0.26,4.539,1.42,9.61,0.2194290489889,0.678232998312527,1.46268283920492,1.66830320167007,4.22030955015052,1.39966021286169,4.27723017833061,1.6123980212671,1.47444536557208,4.28420501508914,1.72304085185533,14
"WEL","welinwq",2021-01-20 16:15:00,"1","Winter","isco",0.52,0.22,5.763,0.96,2.17,0.18799308309377,0.721110255092798,2.03999250465413,2.10945502878585,4.16090274889444,1.37014068071823,4.22678478074837,1.58948941484831,1.45138596805109,4.2444360308819,1.70453351012356,15
"GTM","gtmpcwq",2021-02-23 00:30:00,"2","Winter","isco",0.53,4.35,18.18,5.38,130.52,4.25733980908512,0.728010988928052,2.40412717079419,2.90176725716571,12.5174239811335,6.07878941905726,5.27075884617352,2.78270279119821,5.94735006671525,4.94488160398619,2.68313553251136,16
"WEL","welinwq",2021-01-21 03:30:00,"1","Winter","isco",0.53,0.22,5.578,0.86,2.02,0.187638354643982,0.728010988928052,1.94638266117677,2.02598846106798,4.16090274889444,1.37014068071823,4.22678478074837,1.58948941484831,1.45112679910304,4.24398832941851,1.70432524051586,17
"WEL","welinwq",2021-01-20 18:30:00,"1","Winter","isco",0.54,0.26,5.483,1.05,2.71,0.221539755874706,0.734846922834953,1.93755728458921,2.02978654914823,4.22030955015052,1.39966021286169,4.27723017833061,1.6123980212671,1.47600015503214,4.28688186993566,1.7242870715018,18
"GTM","gtmpcwq",2021-02-22 22:30:00,"2","Winter","isco",0.55,4.32,18.145,5.92,129.18,4.22624761185815,0.741619848709566,2.48235421365687,2.90552433689216,12.440537359745,6.03249305358362,5.22871952385854,2.76009680964941,5.90145270619829,4.90261549231578,2.66028031898487,19
"GTM","gtmpcwq",2021-02-22 23:30:00,"2","Winter","isco",0.6,4.32,18.223,5.63,129.91,4.23010773099892,0.774596669241483,2.45392196844391,2.91502466457432,12.440537359745,6.03249305358362,5.22871952385854,2.76009680964941,5.90714123114516,4.90785299814001,2.66311249555695,20
"OWC","owcwmwq",2021-07-12 12:00:00.015,"7","Summer","isco",0.63,9.8,24.496,12.48,114.18,10.356848986213,0.793725393319377,21.537052586748,30.3719641445592,30.4152098120016,30.6383946000642,32.2986313287873,33.2746839678142,31.1377336600407,34.2710675591927,34.1896515875739,21
"GTM","gtmpcwq",2021-02-22 21:30:00,"2","Winter","isco",0.64,4.33,18.248,6.9,127.92,4.24114122476391,0.8,2.64957788834879,3.00642400152148,12.4661399156572,6.04790551182139,5.24271392865658,2.76762189266045,5.92341602244428,4.92283893583834,2.67121609910879,22
"WEL","welinwq",2021-04-22 00:45:00,"4","Spring","isco",0.65,2.35,9.014,8.71,14.17,2.07711280085232,0.806225774829855,4.99294960400098,4.86996969792379,7.91011153593433,7.56737236813481,7.3292949207185,5.67049894204105,7.26802423965835,6.96359726209403,5.53624280562232,23
"GTM","gtmpcwq",2021-02-22 14:30:00,"2","Winter","isco",0.73,4.31,17.213,6.04,129.18,4.17098579931703,0.854400374531753,2.21377015278256,2.5938288711124,12.4149611217167,6.01710025893265,5.21474382170078,2.75258197081026,5.82031570194994,4.82794143845522,2.61989981872783,24
"GTM","gtmpcwq",2021-02-23 04:30:00,"2","Winter","isco",0.75,4.36,18.095,6.2,131.16,4.26288592497681,0.866025403784439,2.42761714484618,2.92747882476845,12.5431054906977,6.09426086805538,5.28480935889241,2.79025860672493,5.95555576018286,4.95243994879558,2.6872226385906,25
"WEL","welinwq",2021-06-17 15:30:00,"6","Summer","isco",0.752,0.15,12.259,1.46,4.18,0.13729069886111,0.867179335547152,3.70074338720494,3.65545471171813,4.0579540852288,6.29694699695923,4.1392253866303,6.17948465011439,6.15611591106232,4.18068425598458,6.05990331433275,26
"WEL","welinwq",2021-05-26 12:00:00,"5","Spring","isco",0.762,0.32,10.94,2.62,26.37,0.288718582707126,0.872926113711808,3.31487831445768,3.40349560172169,4.31020928855349,4.47054028887684,4.35345935391244,3.69351057678252,4.63806484992282,4.37251659739429,3.80556427798488,27
"GTM","gtmpcwq",2021-02-22 11:30:00,"2","Winter","isco",0.77,4.45,16.677,5.49,130.77,4.27992141910826,0.877496438739212,2.00356686462983,2.47008167594289,12.7754233815529,6.23438877044379,5.4121055921751,2.85872193420054,5.98079580777497,4.97569231564767,2.69979607694327,28
"GTM","gtmpcwq",2021-02-22 00:30:00,"2","Winter","isco",0.78,4.44,16.928,5.57,129.68,4.28266728600302,0.883176086632785,2.11206281168199,2.54832276913265,12.7495050110331,6.2187403491646,5.39788675569368,2.85107392112679,5.98486912064564,4.97944534585467,2.7018254735281,29
"GTM","gtmpcwq",2021-02-22 13:30:00,"2","Winter","isco",0.78,4.38,16.964,5.79,130.43,4.22654850919626,0.883176086632785,2.09900645510701,2.53840628541395,12.5945474634778,6.12526275681197,5.31296649225103,2.80540097029404,5.90189602978796,4.90302365683591,2.66050103377039,30
"GTM","gtmpcwq",2021-02-23 05:30:00,"2","Winter","isco",0.79,4.43,18.005,6.24,130.6,4.3267736518908,0.888819441731559,2.44174164142034,2.9383378225083,12.7236129583973,6.2031115914722,5.38368662185253,2.84343615222494,6.05048803328728,5.03992348663063,2.7345277903458,31
"WEL","welinwq",2021-06-18 02:45:00,"6","Summer","isco",0.796,0.24,12.519,1.26,68.82,0.220292028576704,0.892188320927819,2.70685901690549,3.87151796445895,4.19055351375456,6.43937292891654,4.25197007425893,6.28116749985235,6.28164677829832,4.28529936782185,6.15213953250328,32
"GTM","gtmpcwq",2020-12-08 01:30:00.065,"12","Winter","isco",0.83,2.81,15.765,3.36,146.6,2.67454744302599,0.91104335791443,0.921142593335342,1.28156530002487,8.8765754533391,3.93087118163271,3.33019589922947,1.74137139161842,3.83672021613203,3.02370623928275,1.6438387398219,33
"GTM","gtmpcwq",2021-02-22 10:30:00,"2","Winter","isco",0.83,4.41,16.661,6.99,130.2,4.24066982171503,0.91104335791443,2.12583441669785,2.52604166732769,12.6719078067776,6.17191306684775,5.35534246209109,2.8281913469369,5.92272022853195,4.92219819852224,2.67086962308374,34
"GTM","gtmpcwq",2021-02-22 20:30:00,"2","Winter","isco",0.83,4.27,18.536,8,126.82,4.19652919264376,0.91104335791443,2.86833406987063,3.14315960647416,12.3129193484433,5.9557257161966,5.15902803947255,2.72262505717259,5.85774945371749,4.86238643077894,2.63852631516423,35
"WEL","welinwq",2021-04-22 03:00:00,"4","Spring","isco",0.83,0.32,6.214,8.52,6.04,0.274710545262178,0.91104335791443,1.30016420329933,1.56017847911439,4.31020928855349,4.47054028887684,4.35345935391244,3.69351057678252,4.6197867071685,4.35459027660633,3.79328489797591,36
"WEL","welinwq",2021-06-17 13:15:00,"6","Summer","isco",0.834,0.09,12.944,1.41,4.18,0.0829966977191284,0.91323600454647,4.1113288915259,3.99881100683057,3.97073877098989,6.2028812370597,4.06490388035723,6.11215707135758,6.07468734115516,4.11295135859455,5.99994535956591,37
"WEL","welinwq",2021-06-18 07:15:00,"6","Summer","isco",0.842,0.09,12.814,1.56,7,0.0828778792992698,0.917605579756357,3.96375821073392,3.93134132922269,3.97073877098989,6.2028812370597,4.06490388035723,6.11215707135758,6.07450973523543,4.11280373675542,5.99981447289409,38
"WEL","welinwq",2021-04-22 07:30:00,"4","Spring","isco",0.87,2.3,5.924,6.99,3.18,1.96862108121725,0.932737905308881,3.16790112437148,3.16835191140963,7.80841664033453,7.48136224047749,7.24674067124676,5.61673378224355,7.09172045121784,6.78931062392951,5.42203724002775,39
"WEL","welinwq",2021-06-17 22:15:00,"6","Summer","isco",0.92,0.88,16.779,2.44,11.15,0.847360577441776,0.959166304662544,8.20503871787838,7.45388219929372,5.19496136020473,7.49811369489957,5.09739944287225,7.02817592797381,7.27096623891975,5.11743599964633,6.87149012179418,40
"WEL","welinwq",2021-06-17 20:00:00,"6","Summer","isco",0.934,0.19,15.466,1.22,7.47,0.180227918727966,0.966436754267966,6.1512666477393,5.72455999233667,4.11662398573397,6.36005077529462,4.18914711028465,6.22457458605679,6.22089580175558,4.23464104479166,6.10753083416396,41
"GTM","gtmpcwq",2021-02-22 18:30:00,"2","Winter","isco",0.95,4.31,18.687,7.96,126.8,4.24337161599397,0.974679434480896,2.92616663873896,3.21797976529474,12.4149611217167,6.01710025893265,5.21474382170078,2.75258197081026,5.92670864827069,4.92587107877549,2.67285571667165,42
"GTM","gtmpcwq",2021-02-22 19:30:00,"2","Winter","isco",1.01,4.26,18.565,7.72,126.73,4.1881287151995,1.00498756211209,2.85339726708046,3.13051099936837,12.2874746998348,5.94043123947956,5.1451458505162,2.7151614391929,5.84542534185292,4.85104496501232,2.63239332216298,43
"GTM","gtmpcwq",2021-02-22 09:30:00,"2","Winter","isco",1.07,4.51,16.869,7.96,128.74,4.34722826259102,1.03440804327886,2.34045633193552,2.7065680582484,12.9314862802347,6.32869223344141,5.49781136650959,2.90482514025277,6.08104065724706,5.06809451828434,2.74976047008924,44
"PDB","pdbbywq",2021-02-10 06:49:00,"2","Winter","isco",1.073044009,0.38,7.267,1.42,6.96,0.329783830242023,1.03587837558277,1.41630006079208,1.59481315590543,4.40105647077907,1.49010651362346,2.54591399944782,1.04454315568604,1.55683334492034,2.55308049160062,1.10705590234234,45
"GRB","grblrwq",2021-07-28 00:29:00.015,"7","Summer","isco",1.088103125,1.24,22.235,2.09,117.19,1.27405244660302,1.0431218169514,1.38939191416648,3.3701862930497,5.80731296496336,8.12904983197902,3.52126412939258,3.8971299086679,7.9854988038638,3.50915978363965,3.86236479444995,46
"GTM","gtmpcwq",2021-02-22 17:30:00,"2","Winter","isco",1.09,4.33,18.753,7.3,127.08,4.26637771791032,1.04403065089106,2.88149185608861,3.21146433031315,12.4661399156572,6.04790551182139,5.24271392865658,2.76762189266045,5.96072490511913,4.95720158699137,2.68979744554661,47
"GRB","grblrwq",2021-07-28 02:33:00,"7","Summer","isco",1.0909515625,1.22,22.345,2.01,114.56,1.25519971656858,1.04448626726252,1.47805592122014,3.41202833855446,5.77239862331097,8.09332926241279,3.49834820178229,3.8792791086035,7.95322124934009,3.48755749098721,3.84572022296738,48
"WEL","welinwq",2021-05-27 06:00:00,"5","Spring","isco",1.104,0.31,13.14,3.36,29.56,0.286496780896478,1.0507140429251,4.75141416215891,4.74318315298644,4.29516020410976,4.45729064428927,4.34070773471476,3.68481662337337,4.63516336270934,4.36967086328327,3.80361533288458,49
"GRB","grblrwq",2021-07-28 04:36:59.975,"7","Summer","isco",1.10519375,1.24,22.381,2.05,114.13,1.27634209637507,1.05128195551907,1.50517412283134,3.44116063951873,5.80731296496336,8.12904983197902,3.52126412939258,3.8971299086679,7.98942333975351,3.5117879077462,3.86438871265793,50
"WEL","welinwq",2021-05-26 21:00:00,"5","Spring","isco",1.116,0.59,8.411,3.29,78.35,0.518185127480832,1.05640901169954,1.60826673133389,2.42896748721536,4.72648272867162,4.83571352854612,4.70482267027625,3.93211961580471,4.94261765172779,4.67141083573947,4.00953841567331,51
"WEL","welinwq",2021-05-27 10:30:00,"5","Spring","isco",1.122,0.36,8.404,2.24,27.8,0.316157511371172,1.05924501414923,1.94815133903883,2.18214716044302,4.37066880516803,4.52373550309497,4.40465285710596,3.72838883213802,4.67397263169761,4.40773736099708,3.82967461602025,52
"GTM","gtmpcwq",2020-12-07 23:30:00.055,"12","Winter","isco",1.13,2.67,17.243,3.18,136.62,2.58477956159903,1.06301458127346,1.43540547358235,1.63806649468897,8.57653905507814,3.75873026538119,3.17577539084249,1.65875204689289,3.73082224163738,2.92883439995429,1.59248657382516,53
"GTM","gtmpcwq",2021-02-22 08:30:00,"2","Winter","isco",1.15,4.52,16.783,8.93,127.93,4.35255253779691,1.07238052947636,2.42736386695658,2.74099495684399,12.9575888759422,6.3444782998281,5.51216112147299,2.91254486252977,6.08900603672201,5.07544023336734,2.75373243174939,54
"GRB","grblrwq",2021-09-20 21:29:00.015,"9","Fall","isco",1.16529578125,1.13,19.873,1.73,109.33,1.12828641139466,1.07948866656857,1.81056146044844,3.02215142154044,5.61658682113132,8.21788187501736,3.39615230822999,3.63871570872399,8.09101076490382,3.34387037458175,3.61320485929315,55
"WEL","welinwq",2021-06-18 05:00:00,"6","Summer","isco",1.184,0.11,12.424,1.22,6.33,0.100862002415693,1.08811764069884,3.71786154399191,3.69950276876027,3.99970527086701,6.2341578360124,4.08960290522046,6.13455862092228,6.1014213631045,4.1351776348065,6.01964146799689,56
"GRB","grblrwq",2021-07-27 22:25:00.01,"7","Summer","isco",1.1912165625,1.26,22.155,2.78,117.86,1.29333037807159,1.09142867952973,1.3937021109022,3.38138882614677,5.84233257815159,8.1648490558924,3.54425486756399,3.91502168541988,8.01857193458578,3.53131826130789,3.87942193174505,57
"WEL","welinwq",2021-06-17 17:45:00,"6","Summer","isco",1.194,0.13,12.903,57.83,4.26,0.119829937433173,1.09270307037182,6.2504228536498,8.6216762581921,4.02877704227998,6.26551308931224,4.11437674064482,6.15700114717455,6.12986962809863,4.15884124881794,6.04058852716902,58
"WEL","welinwq",2021-05-27 01:30:00,"5","Spring","isco",1.214,0.39,10.223,3.23,23.83,0.349174490766269,1.10181668166715,3.02202041367241,3.12375766758809,4.41628978041053,4.56383838141981,4.44324436222406,3.75465508745951,4.71736364093935,4.45030542741239,3.85878726125363,59
"GRB","grblrwq",2021-07-27 10:05:00,"7","Summer","isco",1.217991875,1.23,21.854,2.52,119.9,1.25788917034138,1.10362669186641,1.24049876794784,3.20376778378638,5.78984263519519,8.11117971540251,3.50979681426729,3.88819938654976,7.95782183669392,3.49063510748126,3.84809247189217,60
"GRB","grblrwq",2021-07-27 12:09:00,"7","Summer","isco",1.2288159375,1.2,22.087,1.77,118.28,1.23071593644379,1.10851970550821,1.2962393929644,3.26001675691846,5.73758955319443,8.0576873471937,3.47550708473314,3.86146928522667,7.91140040188113,3.45960244623058,3.82415779581111,61
"PDB","pdbbywq",2021-02-10 05:41:00,"2","Winter","isco",1.234657344,0.46,7.303,2,6.89,0.399361214927903,1.11115135962658,1.50903537401875,1.69154745865415,4.52365984858167,1.55197713440749,2.6245814288267,1.08187990585575,1.60992918078813,2.62164210963993,1.14022320520663,62
"PDB","pdbbywq",2021-02-10 04:33:00,"2","Winter","isco",1.246649852,0.43,6.993,2.01,7.24,0.372118256464506,1.11653475181026,1.35327830531052,1.55520811807979,4.47748619777598,1.52862817471259,2.5949408730075,1.06780179325292,1.58903350529281,2.59468866152889,1.12717826603015,63
"GRB","grblrwq",2021-09-20 19:25:00.01,"9","Fall","isco",1.265845625,1.13,19.885,1.91,110.26,1.12844810291253,1.12509805128264,1.8042182778817,3.03843461976182,5.61658682113132,8.21788187501736,3.39615230822999,3.63871570872399,8.09128970262233,3.34405151350658,3.61334308157465,64
"GRB","grblrwq",2021-07-27 18:17:00,"7","Summer","isco",1.27296671875,1.47,22.815,4.25,120.32,1.52120954631728,1.12825826775167,1.66090007366755,3.90640178552047,6.21639428560469,8.54548966319155,3.79017430599187,4.10535930882757,8.41469940804813,3.79853210121739,4.08389742574178,65
"GRB","grblrwq",2021-07-28 06:40:59.955,"7","Summer","isco",1.27524546875,1.41,22.401,2.63,120.44,1.45168186063495,1.12926766922196,1.41723120110724,3.56036937137465,6.1083352072684,8.43585034255787,3.7190699904855,4.05051614297593,8.292825477073,3.71597008706536,4.02095370730386,66
"WEL","welinwq",2021-06-18 00:30:00,"6","Summer","isco",1.278,0.27,14.724,2.91,8.24,0.253975652354359,1.13048662088501,5.67015599334562,5.41349666985893,4.23522704517445,6.48720218413111,4.28988828432688,6.3152461781924,6.33295116407836,4.32812307803548,6.18976958727692,67
"PDB","pdbbywq",2021-02-10 07:57:00,"2","Winter","isco",1.28605381,0.51,5.199,3.19,13.66,0.433304820811459,1.13404312528228,0.758877297159541,1.0616907403505,4.60114229093704,1.59128533896803,2.67435640799766,1.10554831029831,1.63615531132655,2.65541986616944,1.15658167395082,68
"GRB","grblrwq",2021-08-26 22:37:59.98,"8","Summer","isco",1.28777859375,1.28,24.769,2.19,115.28,1.35741468530815,1.13480332822476,2.34096824827244,4.78039966927869,5.87745746287567,8.20072693415292,3.56732041629652,3.93295443885942,8.12900591458416,3.60547941473764,3.93639391573096,69
"WEL","welinwq",2021-05-26 14:15:00,"5","Spring","isco",1.29,0.33,15.702,3.31,28.81,0.313867691754679,1.13578166916005,6.84874938415025,6.53941771172044,4.32528469088119,4.48380959705119,4.3662296757504,3.70221477436355,4.67097077829128,4.40479273241239,3.82765966058114,70
"WEL","welinwq",2021-05-27 08:15:00,"5","Spring","isco",1.29,0.31,8.286,7.42,23.12,0.271909775839492,1.13578166916005,2.06553060541184,2.34764365507451,4.29516020410976,4.45729064428927,4.34070773471476,3.68481662337337,4.61613650111805,4.3510105020863,3.7908321369372,71
"GTM","gtmpcwq",2021-02-22 16:30:00,"2","Winter","isco",1.3,4.38,18.776,7.64,126.61,4.31681294203221,1.14017542509914,2.95225053737414,3.26960240128421,12.5945474634778,6.12526275681197,5.31296649225103,2.80540097029404,6.0356377875752,5.02623356405214,2.72712530389461,72
"GRB","grblrwq",2021-08-27 00:41:59.975,"8","Summer","isco",1.3005965625,1.32,24.764,1.99,115.49,1.39974513672993,1.14043700505552,2.32098798547223,4.77788497087722,5.94802304693136,8.27271865371538,3.61367594544498,3.96894287580121,8.20236653951957,3.65488870983351,3.97425412959485,73
"GRB","grblrwq",2021-07-27 20:21:00.005,"7","Summer","isco",1.30486921875,1.3,22.229,2.54,117.49,1.33560168166825,1.14230872304732,1.41560488326318,3.42071352585511,5.91268761913559,8.23668346676058,3.59046077559019,3.95092816898653,8.0913316313163,3.58014994168865,3.9169551822218,74
"PDB","pdbbywq",2021-02-10 14:45:00,"2","Winter","isco",1.31689169,0.29,6.515,1.89,8.84,0.249728121489285,1.14755901373306,1.05288296995756,1.2866328765959,4.26514098887418,1.42200632963053,2.45884389337814,1.00332299089489,1.49684281234527,2.47531747578238,1.06949929448861,75
"PDB","pdbbywq",2021-02-10 03:25:00,"2","Winter","isco",1.329455271,0.48,6.76,2.19,7.97,0.414388604355003,1.15302006530676,1.29666041379111,1.51474054582457,4.55457387187193,1.56764142547135,2.64443531257424,1.09131653511709,1.62151377875495,2.63656940345122,1.1474509941337,76
"GRB","grblrwq",2021-08-27 02:46:00,"8","Summer","isco",1.3302203125,1.35,24.752,1.9,114.96,1.43133971385623,1.1533517730944,2.33013643606218,4.77555368411908,6.00122357275472,8.32691891104847,3.64863897002928,3.99604176731241,8.25733616916847,3.69198593528251,4.00263030665045,77
"PDB","pdbbywq",2021-02-10 09:05:00,"2","Winter","isco",1.332881702,0.35,5.432,2.88,14.4,0.298071693980957,1.15450495971217,0.724049657780152,1.0196996347553,4.35551444918845,1.46722948001141,2.51672230699539,1.03071090320863,1.53292857140605,2.52213270616265,1.09210124399432,78
"PDB","pdbbywq",2021-02-10 10:13:00,"2","Winter","isco",1.335165989,0.42,5.24,2.86,13.7,0.356987975602577,1.15549382906184,0.711976763987949,1.0059959240929,4.46214761660868,1.52088451532119,2.585098093015,1.06312957739576,1.57748735195987,2.57977932413086,1.11996574224658,79
"GTM","gtmpcwq",2020-12-08 02:30:00.07,"12","Winter","isco",1.34,2.82,15.172,3.98,143.82,2.66607032603956,1.15758369027902,0.888570847340622,1.15448824711992,8.89820400877317,3.94331443826585,3.34136620534494,1.74734960467372,3.8266565076772,3.01468247919157,1.6389545200422,80
"GRB","grblrwq",2021-08-26 20:33:59.985,"8","Summer","isco",1.368389375,1.3,24.756,2.12,119.25,1.3783970398431,1.16978176383461,2.20373755293279,4.77512664817826,5.91268761913559,8.23668346676058,3.59046077559019,3.95092816898653,8.1653281136888,3.62992858164991,3.95513781507269,81
"WEL","welinwq",2021-05-26 09:45:00,"5","Spring","isco",1.374,0.29,9.842,2.59,70.96,0.258587711460068,1.17217746096741,2.05301066402645,2.80723431227694,4.26514098887418,4.43085034587449,4.31526060424026,3.66745944907076,4.59879378006772,4.3340031960997,3.7791762599571,82
"WEL","welinwq",2021-06-18 09:30:00,"6","Summer","isco",1.376,0.29,15.779,4.85,11.84,0.27606490178088,1.17303026388921,6.58639268020899,6.34099028312851,4.26514098887418,6.51918667220809,4.31526060424026,6.33801651794522,6.36670914815502,4.35632186142075,6.21450914188006,83
"WEL","welinwq",2021-06-17 11:00:00,"6","Summer","isco",1.38,0.28,15.42,2.65,13,0.265460519005271,1.17473401244707,6.11850548517865,5.88971920754229,4.25017085808233,6.50318459637621,4.30256509296343,6.32662622598286,6.35049175857645,4.34277304837664,6.20262626958928,84
"PDB","pdbbywq",2021-02-10 15:53:00,"2","Winter","isco",1.394557462,0.4,6.456,2.33,9.15,0.344243425230758,1.18091382496777,1.1153172043966,1.35813574418955,4.43154940792595,1.50545618729876,2.56546864095085,1.05381587819712,1.56779445357192,2.56725421128886,1.11390844551627,85
"GRB","grblrwq",2021-09-20 23:33:00.02,"9","Fall","isco",1.40855234375,1.18,19.804,2.58,109.8,1.17724066256588,1.18682447891422,1.8421513273812,3.06390830942836,5.70288575461374,8.30801455249998,3.45274077824511,3.68201529616353,8.17568249925977,3.39893670160586,3.65517425951827,86
"PDB","pdbbywq",2021-02-10 11:21:00,"2","Winter","isco",1.416829264,0.34,5.39,2.68,13.04,0.2894315568157,1.19030637400629,0.709349925794058,0.994517564508339,4.34038641109284,1.4596431293143,2.50702914812514,1.02612064072661,1.52644765062337,2.51373353308372,1.08804439747329,87
"PDB","pdbbywq",2021-02-10 13:37:00,"2","Winter","isco",1.420826767,0.26,5.993,2.12,10.02,0.222697057241704,1.19198438202856,0.852173456610709,1.10733483490578,4.22030955015052,1.39966021286169,2.43015717221332,0.989767331058572,1.47685299444457,2.44933214478153,1.05696454569993,88
"WEL","welinwq",2021-05-26 23:15:00,"5","Spring","isco",1.454,0.58,8.07,1.94,29.06,0.507584390756624,1.20581922359863,1.95186145239814,2.20294769497757,4.71072306136093,4.82193296711534,4.69156607979096,3.92314906975447,4.92833478641791,4.65738503474489,3.99999804962389,89
"GRB","grblrwq",2021-08-26 08:14:00,"8","Summer","isco",1.480048125,1.24,23.906,2.24,118.73,1.30075928587779,1.21657228515202,1.9102496888687,4.2689009536799,5.80731296496336,8.12904983197902,3.52126412939258,3.8971299086679,8.03133517859224,3.53987582656707,3.88600506999413,90
"PDB","pdbbywq",2021-02-10 12:29:00,"2","Winter","isco",1.499063611,0.27,5.652,2.56,12.53,0.23045737736418,1.22436253250416,0.746253807049744,1.02485893877531,4.23522704517445,1.40708925486452,2.43970070996131,0.994275640165454,1.48257809904573,2.45677821487145,1.0605555723516,91
"WEL","welinwq",2021-07-21 22:30:00,"7","Summer","isco",1.5,0.91,16.765,49.03,3.88,0.876106631037035,1.22474487139159,10.9453499563888,12.3491661873207,5.2446879253452,7.54971835877697,5.13890855987433,7.06422148731718,7.31805210647939,5.15735161142161,6.90541975662424,92
"GTM","gtmpcwq",2020-12-07 11:30:00,"12","Winter","isco",1.53,2.98,16.607,3.09,144.09,2.86379899635351,1.2369316876853,1.15952910100982,1.58191495851822,9.24784012793694,4.14508079219897,3.52263466227081,1.8443942209359,4.06483336228981,3.2286726444811,1.75477093634838,93
"PDB","pdbbywq",2021-08-18 18:49:00,"8","Summer","isco",1.554891244,0.43,15.056,0.44,4.4,0.405995995526214,1.24695278338837,3.76132362268864,3.61297169641908,4.47748619777598,6.74528041046693,2.5949408730075,5.17241661722891,6.56709315091854,2.62822747218965,5.00333851599331,94
"GRB","grblrwq",2021-09-20 17:21:00.005,"9","Fall","isco",1.5558165625,1.15,19.921,2,111.07,1.14891457875313,1.24732376009599,1.80803336623205,3.07095979331459,5.6510274408724,8.25387595525005,3.41873158831519,3.65600481118413,8.12663570763286,3.36701920206211,3.63086023122155,95
"GRB","grblrwq",2021-09-20 11:13:00,"9","Fall","isco",1.55610140625,1.27,19.959,3.08,112.84,1.2693776163438,1.24743793683293,1.87796571169943,3.21417753453442,5.85988186157165,8.4714921779362,3.55577829061011,3.7605999363839,8.33623881645411,3.50379693739506,3.73482228908607,96
"GTM","gtmpcwq",2020-12-07 12:30:00,"12","Winter","isco",1.57,2.89,16.488,4.12,144.35,2.77351538374488,1.25299640861417,1.17860318732223,1.55088857487128,9.05034079756254,4.03096781512784,3.42008202208113,1.78948393287381,3.95518896461586,3.13005380395531,1.70139827547417,97
"GRB","grblrwq",2021-09-21 05:44:59.97,"9","Fall","isco",1.59939765625,1.22,19.559,2.47,109.85,1.21359974096295,1.26467294438127,1.75663703466391,2.96126413555403,5.77239862331097,8.38047463904822,3.49834820178229,3.71683936120921,8.23885473687344,3.44012635647417,3.68650241896057,98
"GTM","gtmpcwq",2021-02-22 15:30:00,"2","Winter","isco",1.6,4.57,18.794,7.09,126.81,4.50502769712656,1.26491106406735,2.94836586793168,3.34875933158545,13.088496622739,6.42370358556331,5.58419043589423,2.95129713649313,6.31932888299547,5.28806236781604,2.86869693690073,99
"WEL","welinwq",2021-07-22 03:00:00,"7","Summer","isco",1.6,1.12,18.635,5.51,27.89,1.10201120189998,1.26491106406735,9.77345494765443,9.48645908612324,5.59940598808672,7.91590622978875,5.43418544423997,7.31912193403765,7.69337227476515,5.47643115868236,7.1749688130404,100
"GRB","grblrwq",2021-07-28 08:44:59.935,"7","Summer","isco",1.62446390625,1.24,22.433,3.44,112.91,1.27715957687741,1.2745445877842,1.63882397506764,3.55523615493551,5.80731296496336,8.12904983197902,3.52126412939258,3.8971299086679,7.99082476209782,3.51272647307431,3.865111446653,101
"GRB","grblrwq",2021-09-21 07:48:59.945,"9","Fall","isco",1.631585,1.15,19.471,2.17,111.61,1.14277066677833,1.27733511656104,1.65042502589537,2.86783155507943,5.6510274408724,8.25387595525005,3.41873158831519,3.65600481118413,8.11601695958387,3.36011618473743,3.62559723984369,102
"GRB","grblrwq",2021-07-28 10:48:59.915,"7","Summer","isco",1.64155453125,1.24,22.549,4.52,112.48,1.27898696616229,1.28123164621001,1.75876049964461,3.68461286647016,5.80731296496336,8.12904983197902,3.52126412939258,3.8971299086679,7.99395793467209,3.51482498788203,3.86672728473861,103
"OWC","owcwmwq",2021-02-07 06:00:00,"2","Winter","isco",1.66,0.73,0.152,14.55,7.73,0.589967634499707,1.28840987267251,2.7887554455963,3.02478385124851,4.94988144883718,1.77008152430975,8.46570807259675,6.12437136807245,1.75994483129944,8.19354577928961,6.16782165211542,104
"GRB","grblrwq",2021-09-21 09:52:59.92,"9","Fall","isco",1.6651965625,1.14,19.573,2.02,110.96,1.13420832487798,1.29042495423019,1.6881883844102,2.90189600035814,5.63379397205988,8.23586908334032,3.40743259695245,3.64735513786811,8.10122992935654,3.35050774531462,3.61826894229537,105
"ELK","elksmwq",2021-01-12 08:00:00,"1","Winter","isco",1.70109642857143,0.33,11.582,3.4,5.55,0.299817867633894,1.30426087443097,4.67157789575818,5.24731345366216,4.32528469088119,1.45207644220398,6.36855901507738,3.68701048177645,1.5342400346475,6.34349077294037,3.85107967452314,106
"GRB","grblrwq",2021-08-26 14:22:00,"8","Summer","isco",1.70592921875,1.3,24.433,1.96,114.3,1.37277471080051,1.30611225350274,2.22617805317963,4.57402419323855,5.91268761913559,8.23668346676058,3.59046077559019,3.95092816898653,8.15558745391151,3.62336919970944,3.95011092507503,107
"OWC","owcwmwq",2021-02-07 04:00:00,"2","Winter","isco",1.72,0.71,0.153,14.81,7.41,0.573809683368114,1.3114877048604,2.77010931044955,3.01464635952047,4.91765153134885,1.75343405390661,8.43015546885076,6.1019884436357,1.74696861885972,8.16523573457251,6.1497883701153,108
"WEL","welinwq",2021-07-21 20:15:00,"7","Summer","isco",1.73,0.94,16.126,1.71,16.67,0.89837989902829,1.31529464379659,7.4063914063577,6.95568472335566,5.29465135144132,7.60149999493545,5.18058600063895,7.10035924420759,7.35464008238411,5.18838599583867,6.93176686877062,109
"ELK","elksmwq",2021-02-09 08:00:00,"2","Winter","isco",1.73579016547619,0.83,12,2.18,10.54,0.75752770799058,1.31749389580225,5.48314473695698,5.99175364098425,5.11261010931652,1.85449869153258,7.16365251021778,4.13438657201249,1.89734054544957,7.06938093956575,4.26561690516033,110
"GTM","gtmpcwq",2021-02-23 06:30:00,"2","Winter","isco",1.74,4.35,18.236,7.71,129.27,4.26013199047192,1.31909059582729,2.67120555540591,3.06331982415687,12.5174239811335,6.07878941905726,5.27075884617352,2.78270279119821,5.95148050024385,4.94868611667298,2.68519278941951,111
"GRB","grblrwq",2021-08-27 08:58:00.055,"8","Summer","isco",1.74751640625,1.32,24.839,1.92,120.67,1.40107768209058,1.32193661203932,2.17597618340736,4.81720504685264,5.94802304693136,8.27271865371538,3.61367594544498,3.96894287580121,8.20468125223918,3.65644955343848,3.97544889552021,112
"GRB","grblrwq",2021-08-26 12:18:00,"8","Summer","isco",1.7666009375,1.25,24.349,2.05,114.69,1.31857698472815,1.32913540976832,2.18234759754728,4.51239631200501,5.82480961261549,8.14693961214232,3.53275014715814,3.90607067495795,8.06198826174476,3.56044273561632,3.90181699609105,113
"GTM","gtmpcwq",2020-12-08 00:30:00.06,"12","Winter","isco",1.77,2.78,17.027,3.23,139.67,2.68455552633992,1.33041346956501,1.3326884198348,1.62325077786845,8.81184769434068,3.89365939325399,3.29679719672475,1.72349821748387,3.8486184407333,3.03437704751341,1.64961440308437,114
"OWC","owcwmwq",2021-02-08 02:00:00,"2","Winter","isco",1.79,0.83,0.038,17.95,4.98,0.670046876503053,1.33790881602597,2.9544757367314,3.30156519283114,5.11261010931652,1.85449869153258,8.64459324974359,6.23690064056976,1.82496394186644,8.33457421258215,6.25758474258196,115
"WEL","welinwq",2021-07-21 18:00:00,"7","Summer","isco",1.79,1.15,16.998,2.96,5.81,1.11014579121431,1.33790881602597,9.07652521173518,7.93555390438925,5.6510274408724,7.96892667191472,5.47704115134236,7.35590507375726,7.70706222760559,5.48809951130887,7.18477125480809,116
"GRB","grblrwq",2021-07-27 16:13:00,"7","Summer","isco",1.7910975,1.29,22.236,1.83,118.01,1.32544181495278,1.33831890818295,1.36159594205305,3.37583011501548,5.89505938206365,8.21869536866335,3.57888124462321,3.94193618183703,8.0738139092165,3.56838268392343,3.90791760635177,117
"PDB","pdbbywq",2021-08-18 16:33:00,"8","Summer","isco",1.796789566,0.44,14.015,0.51,3.29,0.410611416004464,1.34044379442034,3.12529965697403,3.07135228581518,4.49285109682725,6.7615774401006,2.60480235564029,5.18271611884211,6.57426830634295,2.63281338739622,5.00798241031111,118
"PDB","pdbbywq",2021-08-19 02:45:00,"8","Summer","isco",1.801871464,0.78,14.993,0.47,4.96,0.735934352686607,1.34233805876165,4.07291025461134,3.84659917406876,5.03091680552734,7.32737628178262,2.95122083612268,5.53899445596678,7.08988694936006,2.9661276778902,5.34073946184649,119
"GRB","grblrwq",2021-08-26 10:18:00,"8","Summer","isco",1.80220640625,1.27,24.134,2.44,115.24,1.33605061577102,1.34246281373079,2.11473752820157,4.42431800668927,5.85988186157165,8.18277816322926,3.55577829061011,3.9239829400537,8.0921061249713,3.58067034845663,3.9173547664583,120
"GRB","grblrwq",2021-08-27 06:54:00.035,"8","Summer","isco",1.833254375,1.41,24.763,2.29,121.17,1.49516334475778,1.35397724316179,2.16723350365164,4.83377844107912,6.1083352072684,8.43585034255787,3.7190699904855,4.05051614297593,8.36893931163976,3.76749676660165,4.0602604229704,121
"GTM","gtmpcwq",2020-12-07 22:30:00.05,"12","Winter","isco",1.84,2.55,17.288,3.33,135.45,2.46989642237249,1.35646599662505,1.46262544833889,1.6057566645138,8.32347058932385,3.61424842813272,3.0463325669662,1.58953355651478,3.5974580536414,2.8096252799445,1.52795585005129,122
"WEL","welinwq",2021-07-22 05:15:00,"7","Summer","isco",1.84,1.35,17.853,4.22,28.99,1.31620601533471,1.35646599662505,9.15010503117809,8.93319035259633,6.00122357275472,8.32691891104847,5.7670474726231,7.60348216475661,8.05790594297368,5.78781601798361,7.43531209131281,123
"OWC","owcwmwq",2021-03-02 06:00:00,"3","Spring","isco",1.86,1.2,0.413,32.84,118.87,0.972262331399048,1.36381816969859,3.4569569675932,3.35383566986697,5.73758955319443,5.71351161843506,9.32273035091205,10.3657372280096,5.57381919793535,8.87764951071873,10.1890621468033,124
"WEL","welinwq",2021-03-25 23:45:00,"3","Spring","isco",1.86,0.77,6.05,2.64,5.79,0.659911187832519,1.36381816969859,1.48393961507992,1.59350307370505,5.01465709842138,5.08712610764046,4.94663945049965,4.09534119810255,5.13555692147098,4.86095373590891,4.13817945713727,125
"ELK","elksmwq",2021-01-13 08:00:00,"1","Winter","isco",1.87,0.33,11.547,3.18,6.74,0.299703898435257,1.36747943311773,4.61199337431105,5.20713651928716,4.32528469088119,1.45207644220398,6.36855901507738,3.68701048177645,1.53415442100689,6.34331492285219,3.85097909344566,126
"OWC","owcwmwq",2021-02-07 14:00:00,"2","Winter","isco",1.87,0.5,0.375,15.43,6.22,0.404960203376306,1.36747943311773,2.63641694707566,2.89339118024094,4.58559316669804,1.58338437088235,8.06136981714601,5.86944170456177,1.61424058062278,7.87232871759884,5.96292127502016,127
"GRB","grblrwq",2021-09-20 09:09:00,"9","Fall","isco",1.87769,1.16,19.972,1.92,113.21,1.15961171187272,1.37028829083518,1.77148588972945,3.09579927432199,5.66828722756888,8.27190249074658,3.43004928231822,3.66466472867204,8.14514052008288,3.37905491257181,3.64003270679751,128
"PDB","pdbbywq",2021-08-19 01:37:00,"8","Summer","isco",1.907574932,0.93,15.341,0.46,4.87,0.880919131472573,1.38114985863229,4.48505172423423,4.15922117276398,5.27797055819198,7.58421978596251,3.11092573899205,5.69994080845692,7.32594980462119,3.1210717427468,5.49248502596256,129
"OWC","owcwmwq",2021-02-08 04:00:00,"2","Winter","isco",1.91,0.84,0.019,18.13,4.46,0.677995367517261,1.38202749610853,2.96128877620045,3.31633080933414,5.12902772372624,1.86304855798219,8.66258463197982,6.2482099107649,1.83148193600944,8.34863803707835,6.26652980860937,130
"WEL","welinwq",2021-03-25 14:45:00,"3","Spring","isco",1.95,0.72,7.128,3.08,11.88,0.623953461721692,1.39642400437689,1.86513543057891,1.98254913036942,4.93375333115104,5.01665021354372,4.87886028685065,4.04966893409999,5.08625602708975,4.81250742007791,4.10534927348987,131
"OWC","owcwmwq",2021-02-07 20:00:00,"2","Winter","isco",1.97,0.77,0.54,11.98,14.89,0.624636958903842,1.40356688476182,2.98097945518744,3.11874776172443,5.01465709842138,1.80361242815746,8.5370377117721,6.16926014700867,1.78794929098756,8.25445459277335,6.20660387909551,132
"OWC","owcwmwq",2021-02-07 22:00:00,"2","Winter","isco",1.97,0.75,0.571,11.87,19.31,0.60859564754471,1.40356688476182,2.96256899621195,3.10202959059628,4.98221663786136,1.78680764906003,8.50133548690386,6.14679526919677,1.7749642995267,8.226244372688,6.18864444096449,133
"WEL","welinwq",2021-05-27 03:45:00,"5","Spring","isco",1.972,0.55,13.043,4.82,31,0.507756402264162,1.40427917452336,4.99112892870749,5.0215883548704,4.66360196673264,4.78070926434372,4.65190852417679,3.89629889663511,4.92856638056476,4.65761245431002,4.00015276446095,134
"OWC","owcwmwq",2021-02-07 12:00:00,"2","Winter","isco",2.01,0.66,0.126,16.59,5.86,0.533261396343675,1.41774468787578,2.73731563727164,3.04019095580221,4.83753730059735,1.71215949066751,8.34160125569073,6.04621040555192,1.71461632025889,8.09440757768002,6.10465020921386,135
"PDB","pdbbywq",2021-08-18 15:25:00,"8","Summer","isco",2.018360298,0.53,13.631,1.31,3.57,0.492489591627727,1.42069007809585,2.99547620394908,2.99009322928815,4.63231949306692,6.90913556820893,2.69439731814803,5.27587262109605,6.7022077329455,2.71483261266058,5.0907237897148,136
"GTM","gtmpcwq",2021-01-19 16:00:00.06,"1","Winter","isco",2.04,1.24,14.996,4.52,70.37,1.16998652283693,1.42828568570857,1.73352072931859,0.56118601036757,5.80731296496336,2.22116735713048,1.80842668651755,0.929850405916446,2.25754651496887,1.63332423003415,0.890774680744534,137
"OWC","owcwmwq",2021-02-07 08:00:00,"2","Winter","isco",2.04,0.74,0.162,13.06,10.86,0.598107188240978,1.42828568570857,2.76324686227231,2.95638297837304,4.96603588440729,1.7784347548915,8.48351242843016,6.13557819654867,1.76649977274334,8.20782549578772,6.17691590174964,138
"PDB","pdbbywq",2021-08-18 23:21:00,"8","Summer","isco",2.048851683,0.82,14.684,0.73,4.74,0.770986551282253,1.43138104046407,3.91918968370211,3.72462432790675,5.09621881279076,7.39543528398798,2.99339735213497,5.58168811151585,7.14660427706728,3.00322612907103,5.3772313465767,139
"PDB","pdbbywq",2021-02-10 02:17:00,"2","Winter","isco",2.059285098,0.55,6.328,3.79,9.02,0.472711985506487,1.43502093991691,1.20694453680676,1.47754100215382,4.66360196673264,1.62308584717861,2.71451303885951,1.12466742894642,1.66686859347774,2.69490569771584,1.17571935050768,140
"WEL","welinwq",2021-03-26 02:00:00,"3","Spring","isco",2.06,0.52,6.896,2.42,11.35,0.449552191089313,1.43527000944073,1.57683588642966,1.70553460686981,4.61671773306,4.73966253385317,4.61241929232516,3.86954092106279,4.8505115511916,4.58097652173416,3.94797207861627,141
"PDB","pdbbywq",2021-08-18 22:13:00,"8","Summer","isco",2.06240341,0.92,15.75,0.56,5.02,0.875503065925297,1.4361070329192,4.77173684015239,4.3949005165199,5.26131608282661,7.56695924057635,3.10014782698545,5.68913934242099,7.31706190844723,3.1152127120473,5.48677818367751,142
"PDB","pdbbywq",2021-08-18 07:29:00,"8","Summer","isco",2.072905998,1.53,16.656,1.65,7.1,1.4711682067171,1.43975900691748,6.16630308845919,5.52562450742336,6.32540080776359,8.65583687294952,3.79182629110392,6.36677560517516,8.32689310475282,3.79258438730696,6.13220027685003,143
"WEL","welinwq",2021-07-21 15:45:00,"7","Summer","isco",2.12,1.18,18.37,3.78,11.67,1.15743844673564,1.4560219778561,10.2953298140194,9.14485146727391,5.70288575461374,8.02212408632175,5.52006518220728,7.39278041102391,7.78689354414792,5.55618261338447,7.24189296303607,144
"PDB","pdbbywq",2021-08-18 21:05:00,"8","Summer","isco",2.1372767,0.81,15.446,0.47,4.46,0.768165798844835,1.46194278273809,4.44041368779867,4.12566841660345,5.07985383414896,7.37839103805646,2.98282516917148,5.57099933137075,7.14203170847708,3.00023217826831,5.37429014150106,145
"WEL","welinwq",2021-05-26 16:30:00,"5","Spring","isco",2.14,0.54,18.542,5.06,30.1,0.530746036743736,1.46287388383278,9.90125682108793,9.21800253030754,4.6479475709578,4.76700735726009,4.63872674425263,3.88736932727245,4.95956830085401,4.68805743199558,4.02085759204099,146
"WEL","welinwq",2021-07-22 07:30:00,"7","Summer","isco",2.14,0.72,16.386,3.36,5.19,0.690171681554305,1.46287388383278,7.89270467402554,7.08198087202687,4.93375333115104,7.22587768607816,4.87886028685065,6.8374900589368,7.01617927321512,4.90191210604874,6.68743417559552,147
"GRB","grblrwq",2021-08-26 16:26:00,"8","Summer","isco",2.14971578125,1.46,24.476,4.14,117.21,1.54256922886363,1.46619090886896,2.33333951524915,4.82147719944566,6.19831864450541,8.52716728411898,3.7782768301401,4.0961931707559,8.45231895479121,3.82407822399244,4.1033325964271,148
"OWC","owcwmwq",2021-02-07 10:00:00,"2","Winter","isco",2.15,0.7,0.061,15.41,7.01,0.56522528006558,1.46628782986152,2.72163415504343,2.991118440927,4.90157604943063,1.74513981408522,8.41240722093819,6.09081234767516,1.7400941419115,8.15021509040968,6.14021837941259,149
"GTM","gtmpcwq",2021-01-19 17:00:00.075,"1","Winter","isco",2.17,1.06,15.007,3.86,62.9,1.0002739216855,1.47309198626562,1.75524917610952,0.495346803130476,5.49687366538231,2.05612050733021,1.66341298936407,0.852944354082284,2.10554593082407,1.50315137521283,0.82019683111782,150
"OWC","owcwmwq",2021-02-08 06:00:00,"2","Winter","isco",2.18,0.87,0.039,17.18,4.62,0.702345072728792,1.47648230602334,2.98783665216226,3.30934159178149,5.17843847425917,1.88881613885171,8.71667099453022,6.28219918638167,1.85152172072513,8.39179547443013,6.2939722233032,151
"GTM","gtmpcwq",2020-12-07 19:30:00.035,"12","Winter","isco",2.19,2.34,17.787,4.96,124.95,2.27966951826539,1.47986485869487,1.94057539351027,1.74427816428393,7.88971992104644,3.3682186457691,2.82628809004039,1.47195080391377,3.38196669393397,2.61768102182931,1.42403856852379,152
"GTM","gtmpcwq",2021-05-04,"5","Spring","isco",2.19,3.32,27.872,5.29,108.65,3.66502057045518,1.47986485869487,5.48148871100402,4.84450974186813,10.0131870825271,9.33324460851493,3.92372737747795,4.29941427593792,10.0961421782157,4.17088516572037,4.52582337938028,153
"PDB","pdbbywq",2021-08-19 00:29:00,"8","Summer","isco",2.197581884,0.86,14.983,0.78,4.86,0.811323256802186,1.4824243265678,4.16591634424793,3.92383378896287,5.16194190619756,7.4638089035819,3.03587311039178,5.6245456738152,7.21215199575878,3.04620290473324,5.41937854162564,154
"PDB","pdbbywq",2021-08-19 03:53:00,"8","Summer","isco",2.20469654,0.84,15.316,0.71,5.46,0.795443631947828,1.48482205667885,4.35845645741646,4.09111599711018,5.12902772372624,7.42958276661137,3.01459782598281,5.60309640432174,7.18631166806408,3.02924750600337,5.40276653249138,155
"OWC","owcwmwq",2021-02-07 16:00:00,"2","Winter","isco",2.21,0.59,0.537,15.65,6.35,0.47860400061128,1.48660687473185,2.85447545600744,3.10128910452843,4.72648272867162,1.65520097277776,8.21841086815853,5.96855140745412,1.67148527385965,7.999422430404,6.04406896247736,156
"OWC","owcwmwq",2021-02-07 18:00:00,"2","Winter","isco",2.21,0.74,0.589,12.98,9.4,0.60058594452599,1.48660687473185,3.0078797322948,3.16383104764301,4.96603588440729,1.7784347548915,8.48351242843016,6.13557819654867,1.76849838378734,8.21217659894974,6.17968672447571,157
"GRB","grbapwq",2021-06-09 12:40:00,"6","Summer","isco",2.2103875,0.81,19.543,5.06,10.67,0.805597314162175,1.48673719937318,2.9501516162144,2.11878635260766,5.07985383414896,7.37839103805646,3.04505806318007,3.52236794480634,7.20282903440218,2.99214486563306,3.45942748782214,158
"GRB","grbapwq",2021-06-09 13:10:00,"6","Summer","isco",2.25396859375,0.76,19.606,2.34,10.87,0.756435883990295,1.50132228177364,2.85787707356146,1.99295232795302,4.99842370919939,7.29346476220066,2.9919295816171,3.48002027289138,7.12303267502227,2.94027498486675,3.41842837211674,159
"OWC","owcwmwq",2021-02-08 08:00:00,"2","Winter","isco",2.26,0.86,0.082,15.92,4.96,0.694560473156981,1.50332963783729,2.9631555014646,3.24141400285938,5.16194190619756,1.88020728164175,8.69862350437314,6.27085918367085,1.84510314483206,8.37798594455938,6.28519236460557,160
"WEL","welinwq",2021-07-22 00:45:00,"7","Summer","isco",2.26,0.74,18.354,3.84,22.77,0.725715026682366,1.50332963783729,9.13313184559275,8.71637686733855,4.96603588440729,7.25963189696584,4.9059158443894,6.86118237415993,7.07339378496204,4.95024040474936,6.72883404993973,161
"PDB","pdbbywq",2021-02-10 01:09:00,"2","Winter","isco",2.275721329,0.5,5.701,6.84,13.63,0.426986481355116,1.50854941218377,0.978298346055294,1.34725054437303,4.58559316669804,1.58338437088235,2.66436400688291,1.10079414106601,1.6312574700065,2.64911602117371,1.15352784632095,162
"ELK","elksmwq",2021-02-10 08:00:00,"2","Winter","isco",2.27871495297619,0.61,12.151,2.44,13.29,0.557656298816788,1.50954130548859,5.25082117948896,5.86970304611356,4.75808101694488,1.67137651709805,6.80805095914917,3.9343858873658,1.73404406791174,6.74756598996308,4.08199231832579,163
"GTM","gtmpcwq",2020-12-07 21:30:00.045,"12","Winter","isco",2.29,2.43,17.509,3.65,130.74,2.35970649443472,1.51327459504216,1.63507644628955,1.63619694588382,8.07419189885999,3.47259814738138,2.91958292329051,1.52179022688916,3.47182259241232,2.69761308006111,1.46731530559129,164
"GTM","gtmpcwq",2020-12-08 10:30:00.11,"12","Winter","isco",2.29,2.65,15.69,3.94,135.94,2.52010870928843,1.51327459504216,1.11160674938984,1.21592176139381,8.53409779861281,3.73445332330526,3.15401456046029,1.64711319011095,3.65544930393985,2.86142365329025,1.5559962822316,165
"ELK","elksmwq",2021-02-09 22:00:00,"2","Winter","isco",2.29474121547619,0.93,12.76,2.88,21.99,0.855895780335955,1.51484032672628,5.92622424066471,6.70309978837339,5.27797055819198,1.94088221743397,7.32828200133044,4.2269350416274,1.98040568806114,7.23051698003523,4.35747233123444,166
"GRB","grblrwq",2021-05-26 06:49:30,"5","Spring","isco",2.29840421875,1.12,20.101,4.58,61.69,1.12135440252014,1.51604888402386,2.59152363335496,2.68409098287268,5.59940598808672,5.59422187706748,3.38489072214781,1.80761568602605,5.78933761716974,3.33610923388198,1.92100432031979,167
"PDB","pdbbywq",2021-08-18 19:57:00,"8","Summer","isco",2.309383629,0.84,15.83,0.49,4.6,0.800100794869336,1.51966563065695,4.75184971418781,4.37386435028476,5.12902772372624,7.42958276661137,3.01459782598281,5.60309640432174,7.1938852915234,3.03421526712211,5.40763584586062,168
"GTM","gtmpcwq",2020-12-07 20:30:00.04,"12","Winter","isco",2.31,2.34,17.682,4.19,124.73,2.27688423243059,1.51986841535707,1.85618692199916,1.67579111918686,7.88971992104644,3.3682186457691,2.82628809004039,1.47195080391377,3.37886092196166,2.61492103149836,1.42254420231405,169
"GRB","grbapwq",2021-06-09 13:40:00,"6","Summer","isco",2.3248946875,0.8,20.01,2.63,11.08,0.800095680935517,1.52476053447746,3.12732553985801,2.1888975607864,5.06351517339112,7.36136645571173,3.03439496158691,3.51387792207956,7.19387697289727,2.98631759366859,3.45482715057997,170
"GTM","gtmpcwq",2020-12-08 03:30:00.075,"12","Winter","isco",2.33,2.77,15.184,5.53,139.04,2.6191549191083,1.52643375224737,1.05633073981715,1.19419754687589,8.79032441044246,3.88129479096799,3.28570170117041,1.71756098111613,3.77119930045845,2.9649855873475,1.61205489294744,171
"GTM","gtmpcwq",2021-05-03 12:00:00,"5","Spring","isco",2.34,3.33,26.604,6.82,110.2,3.61553769211352,1.52970585407784,4.90539310929129,4.34902405467273,10.0361578500432,9.35241299272496,3.9358515182478,4.30880491227498,10.0010114350188,4.10920459048829,4.47860545186178,172
"WEL","welinwq",2021-07-22 09:45:00,"7","Summer","isco",2.34,0.92,16.761,1.93,6.44,0.885693387489628,1.52970585407784,8.42254096468198,7.43231197214649,5.26131608282661,7.56695924057635,5.15278233748892,7.07625716210876,7.33378894930538,5.17069787539672,6.91675380871011,173
"PDB","pdbbywq",2021-08-18 14:17:00,"8","Summer","isco",2.348344844,0.48,15.149,0.76,4.56,0.453681230887657,1.53243102422262,3.88300730584565,3.72271511304264,4.55457387187193,6.82696219450311,2.64443531257424,5.22401656701382,6.64141370706629,2.67580056871275,5.05142177822362,174
"GTM","gtmpcwq",2021-02-23 07:30:00,"2","Winter","isco",2.36,3.99,18.321,6.86,128.36,3.9114631592485,1.53622914957372,2.56708889070875,2.84159479367269,11.6104173475438,5.53491320392421,4.77739634672125,2.51751605071665,5.44678904254168,4.48491936281081,2.43439393049725,175
"WEL","welinwq",2021-07-21 13:30:00,"7","Summer","isco",2.36,0.58,21.441,4.98,24.37,0.590170086832952,1.53622914957372,12.273347591979,11.4902268356475,4.71072306136093,6.99180053158439,4.69156607979096,6.6727911996268,6.85645201879243,4.76721170102949,6.57164051888287,176
"WEL","welinwq",2021-05-26 18:45:00,"5","Spring","isco",2.38,0.61,15.771,4.92,27.82,0.58063536183455,1.54272486205415,7.38900496963322,7.00797206915549,4.75808101694488,4.86333364216803,4.73139195916767,3.95009144042086,5.02717925308442,4.75446658546384,4.06597254144632,177
"PDB","pdbbywq",2021-05-12 21:42:00,"5","Spring","isco",2.383082837,0.58,13.123,0.76,7.65,0.535925543237085,1.54372369192158,3.2480808453121,2.97903188798282,4.71072306136093,4.82193296711534,2.74482688972886,2.9096248275071,4.96656637134081,2.75885410381412,2.96211202708748,178
"GTM","gtmpcwq",2021-01-20 06:00:01.64,"1","Winter","isco",2.39,0.95,15.504,3.62,61.4,0.901528204441898,1.54596248337403,1.9173019730678,0.558549621415875,5.31135846257461,1.95839488565567,1.57777657889525,0.807580156711565,2.01954340164214,1.42989876661301,0.780472100764324,179
"GTM","gtmpcwq",2021-01-20 07:00:02.05,"1","Winter","isco",2.39,0.88,15.437,3.24,61.23,0.834465324060421,1.54596248337403,1.8387735489944,0.515677414718361,5.19496136020473,1.89744465964845,1.52445894766194,0.779357413941232,1.96215751198864,1.38119277945748,0.754055384971826,180
"GTM","gtmpcwq",2021-01-20 05:00:01.23,"1","Winter","isco",2.42,0.86,15.557,3.47,62.93,0.81661143780859,1.5556349186104,1.8566134680541,0.540180105991235,5.16194190619756,1.88020728164175,1.50939366250067,0.771385970696739,1.94701930348274,1.36836822712243,0.747099223016644,181
"PDB","pdbbywq",2021-05-12 22:50:00,"5","Spring","isco",2.420202508,0.57,13.18,0.81,7.84,0.527017387786545,1.55570000578518,3.27083484048215,3.00272025338166,4.69498971193421,4.80817206927135,2.73470357013213,2.9019089785563,4.95453354926401,2.74979700251057,2.9552211246823,182
"GRB","grblrwq",2021-05-25 18:25:30,"5","Spring","isco",2.4308565625,0.89,20.286,5.63,66.73,0.893054410752098,1.5591204451549,2.49817080645908,2.72095156627724,5.21151056403426,5.25827393932475,3.13103617097548,1.67035547882421,5.46098386738487,3.08554130546741,1.78133782032545,183
"GTM","gtmpcwq",2020-12-07 18:30:00.03,"12","Winter","isco",2.44,2.15,18.043,4.78,116.24,2.10083387021641,1.56204993518133,2.1963054994666,1.73753922652382,7.50727963612934,3.15309243422814,2.63430723327179,1.36945919402242,3.18544858170368,2.44342358682071,1.32968125312646,184
"WEL","welinwq",2021-07-21 11:15:00,"7","Summer","isco",2.46,0.84,19.569,3.12,9.48,0.835692677852965,1.56843871413581,11.1922973816644,9.78119179529783,5.12902772372624,7.42958276661137,5.04231579050008,6.98025860058914,7.25189764812615,5.10127866815431,6.85774207097853,185
"ELK","elksmwq",2021-02-09 12:00:00,"2","Winter","isco",2.46878080297619,0.68,12.322,2.41,25.5,0.62281397091723,1.57123543842932,5.15286514257697,6.06527794897403,4.86950403924607,1.72861032520279,6.92021501860165,3.99748464981995,1.78647124993396,6.85165342858635,4.14140974831159,186
"WEL","welinwq",2021-07-21 09:00:00,"7","Summer","isco",2.5,0.07,16.574,3.51,8.86,0.0672449436894037,1.58113883008419,7.0581598403318,6.6212328652067,3.94187754264861,6.17168329245415,4.04027966605514,6.08979649848044,6.05116477346682,4.09340424075675,5.98260616836802,187
"GTM","gtmpcwq",2021-05-04 10:00:00,"5","Spring","isco",2.51,3.03,27.651,7.69,107.47,3.33515285068809,1.58429795177549,5.68723555315711,4.84768563645111,9.35848310408359,8.7859151266761,3.58026294367495,4.03154203693619,9.47047688969967,3.76838198939538,4.21573093881233,188
"PDB","pdbbywq",2021-08-18 17:41:00,"8","Summer","isco",2.519435393,0.77,17.939,0.89,6.01,0.751478421643749,1.58727294218732,6.32810550204916,5.68194975973282,5.01465709842138,7.31041069019825,2.94072346372031,5.52834665250924,7.11501064213566,2.98255071586513,5.35690663458266,189
"WEL","welinwq",2021-03-25 12:30:00,"3","Spring","isco",2.52,0.54,6.964,2.74,10.13,0.467171091728431,1.58745078663875,1.64226385194448,1.76068411590421,4.6479475709578,4.76700735726009,4.63872674425263,3.88736932727245,4.8740736463996,4.60410776556906,3.96373145284499,190
"PDB","pdbbywq",2021-05-12 20:34:00,"5","Spring","isco",2.5258508,0.61,12.04,0.74,6.84,0.55698039771613,1.58929254701581,2.65341943786044,2.48636520277451,4.75808101694488,4.86333364216803,2.77530906436074,2.93283383939085,4.99506453650508,2.78032019134193,2.97843090446201,191
"GTM","gtmpcwq",2020-12-07 13:30:00.005,"12","Winter","isco",2.53,2.87,16.919,4.72,140.6,2.76801334114902,1.59059737205869,1.40086060783986,1.69738976951513,9.00674155420291,4.00582567523335,3.39749827552652,1.77739433252861,3.94855550283098,3.12409324627823,1.6981722981881,192
"GTM","gtmpcwq",2020-12-07 14:30:00.01,"12","Winter","isco",2.55,2.62,17.422,6.09,133.73,2.54164244879852,1.59687194226713,1.75180072942491,1.80331660969259,8.47063329804453,3.69818538709225,3.1215135846891,1.62973173622723,3.68046114791196,2.88378255130221,1.56809964906047,193
"GRB","grblrwq",2021-05-25 22:34:30,"5","Spring","isco",2.55248484375,0.94,19.52,12.98,47.43,0.934635036377093,1.59764978757862,3.01771633815488,2.79769362201919,5.29465135144132,5.33042123829825,3.18538032415678,1.69973366656772,5.52007351555219,3.13044916001843,1.80638293737552,194
"OWC","owcwmwq",2021-03-02 12:00:00.015,"3","Spring","isco",2.56,0.95,1.836,36.21,121.68,0.78046851442898,1.6,4.31053445002631,3.9742788816881,5.31135846257461,5.34490968885331,8.86172421083701,10.0046097071144,5.30258565778435,8.53101266347212,9.91559930971686,195
"GRB","grblrwq",2021-09-21 03:41:00,"9","Fall","isco",2.5653028125,1.45,19.953,5.13,92.85,1.44918547331513,1.60165627164507,2.601183182044,3.43052453610376,6.18026932129008,8.80322568039752,3.76639805692862,3.92025855059449,8.6540653262207,3.71302257307165,3.8927300105533,196
"GTM","gtmpcwq",2020-12-08 05:30:00.085,"12","Winter","isco",2.57,2.28,14.918,5.66,124.68,2.14937385522513,1.60312195418814,1.15236158325384,0.932177150367642,7.76792290728234,3.29951717276626,2.764933153353,1.43918550966534,3.23820641555374,2.49012752904849,1.35497215449408,197
"GTM","gtmpcwq",2020-12-08 08:30:00.1,"12","Winter","isco",2.58,2.63,15.634,4.08,132.77,2.49949718768202,1.6062378404209,1.16447949914272,1.19800964817734,8.49176181368333,3.71025503557647,3.13232854063921,1.63551531001657,3.63158851168365,2.84010381741692,1.54445518378773,198
"GTM","gtmpcwq",2021-09-28 10:59:59.99,"9","Fall","isco",2.58,3.24,27.134,8.3,163.19,3.54219635656974,1.6062378404209,3.44594092147295,5.49087713764255,9.83036838622097,12.4488295963945,3.8274075463693,6.84450183631262,12.7910771951623,4.01862957003793,6.82809092194929,199
"PDB","pdbbywq",2021-08-18 08:37:00,"8","Summer","isco",2.608537997,1.67,16.504,3.14,7.07,1.60298317112972,1.61509690018896,6.28273915225484,5.66918643240075,6.58343386322226,8.91606659786807,3.96039105426274,6.5276768721163,8.55917673790191,3.95147755363069,6.27987446706622,200
"ELK","elksmwq",2021-02-09 10:00:00,"2","Winter","isco",2.61226739880952,0.69,12.049,1.99,9.67,0.630088928246866,1.61625103211399,5.35013002094106,5.85217052142575,4.88552688539637,1.73686523785061,6.93631326622742,4.00653973542954,1.79237328241353,6.86332439764137,4.14807044165697,201
"WEL","welinwq",2021-03-25 10:15:00,"3","Spring","isco",2.68,0.51,5.604,2.52,4.46,0.435095204661738,1.63707055437449,1.11032676312827,1.24961882409661,4.60114229093704,4.72601961752989,4.59929362032184,3.8606420842158,4.83122058564951,4.56203995497641,3.93506435166924,202
"PDB","pdbbywq",2021-02-10 17:01:00,"2","Winter","isco",2.682324488,0.57,6.322,7.13,8.72,0.489871302256718,1.63778035401576,1.28913036618949,1.62889702701182,4.69498971193421,1.63910408280461,2.73470357013213,1.13428845330183,1.68033153094033,2.71219034134154,1.18410167007723,203
"GTM","gtmpcwq",2021-01-20 08:00:02.46,"1","Winter","isco",2.72,1.08,15.37,3.41,62.15,1.02333902861026,1.64924225024706,1.90535072162172,0.563044192177523,5.53094583474793,2.07414442880834,1.67922638013661,0.86132556420247,2.1258928248348,1.52052539505532,0.829617823565393,204
"PDB","pdbbywq",2021-05-12 19:26:00,"5","Spring","isco",2.728581308,0.74,11.234,0.66,6.46,0.669786394524937,1.6518417926666,2.34204569192557,2.22334148788145,4.96603588440729,5.04478158042206,2.90934356235489,3.03447161809723,5.14913823225744,2.89674627606057,3.06662636167215,205
"GRB","grblrwq",2021-05-25 20:30:00,"5","Spring","isco",2.737918125,1.05,19.623,10.76,50,1.04528740028477,1.65466556288574,2.95765043628706,2.77572242493524,5.47987705752544,5.49087569167709,3.30658329350044,1.76526716672995,5.6788690058648,3.25153629622654,1.87388350703994,206
"PDB","pdbbywq",2021-08-19 08:25:00,"8","Summer","isco",2.737956987,0.59,17.021,4.24,7.95,0.569704324690875,1.65467730600259,5.4266625091094,5.18947062852699,4.72648272867162,7.00839251501984,2.75496891196587,5.33843794366716,6.82398984823491,2.7933329625265,5.16937367665658,207
"GRB","grblrwq",2021-09-21 01:37:00.025,"9","Fall","isco",2.76497828125,1.37,19.948,5.24,96.15,1.369148592611,1.66282238415593,2.48682046759118,3.39280688834323,6.0368221793901,8.65500202472107,3.67204116628689,3.8488893996252,8.51185867891109,3.61914187632053,3.82203766409213,208
"GTM","gtmpcwq",2021-01-19 15:00:00.045,"1","Winter","isco",2.77,1.55,14.822,5.52,76.59,1.4596174520095,1.66433169770932,1.74747564184968,0.647240101339387,6.36194685822158,2.52034920372791,2.07237715357602,1.07008016596083,2.52918372238333,1.86795952203114,1.01794931023582,209
"GTM","gtmpcwq",2021-05-03 23:00:00,"5","Spring","isco",2.77,3.27,28.044,6.3,107.92,3.61803978087609,1.66433169770932,5.73325599742134,4.99712475132218,9.89872801320606,9.23769764126662,3.86338721323293,4.25261475683098,10.0058108869122,4.11231242321859,4.48098707045945,210
"OWC","owcwmwq",2021-03-02 08:00:00.005,"3","Spring","isco",2.77,1.2,0.746,34.57,121.95,0.975409477505849,1.66433169770932,3.81828098345392,3.63287943831232,5.73758955319443,5.71351161843506,9.32273035091205,10.3657372280096,5.57832628539832,8.88339504080718,10.1935804203688,211
"GRB","grbapwq",2021-06-09 12:10:00,"6","Summer","isco",2.7863415625,0.81,19.997,6.21,11.34,0.809970941433907,1.66923382499277,3.23904674780131,2.36838229202688,5.07985383414896,7.37839103805646,3.04505806318007,3.52236794480634,7.20994961637052,2.99678141802679,3.46308679661455,212
"ELK","elksmwq",2021-01-12 10:00:00,"1","Winter","isco",2.81511517857143,0.29,11.19,5.34,11.06,0.262358907222349,1.67783049756864,4.29714371314156,5.08831574489695,4.26514098887418,1.42200632963053,6.3069714206166,3.65232676512194,1.50622950523233,6.28582429341506,3.81809180142313,213
"ELK","elksmwq",2021-02-09 14:00:00,"2","Winter","isco",2.82857508214286,0.9,13.1,3.83,26.5,0.831397303082759,1.68183681792939,6.07862738192846,7.0008135925899,5.22808608574775,1.9147606920023,7.27869677627368,4.19906293693806,1.95955198313609,7.19021640043487,4.33450432155764,214
"GTM","gtmpcwq",2021-05-03 11:00:00,"5","Spring","isco",2.83,3.47,26.213,8.14,111.13,3.74851188504541,1.68226038412607,4.81738411791865,4.30333331952593,10.3605119730844,9.62283504827771,4.1075532662553,4.44134945904258,10.2576749667122,4.27599905715435,4.60605443933236,215
"GTM","gtmpcwq",2020-12-07 17:30:00.025,"12","Winter","isco",2.85,2.09,18.253,5.44,108.23,2.04722963547878,1.68819430161341,2.53192884536223,1.81218359050433,7.38848286113683,3.08663261011886,2.57508439757654,1.33786173536971,3.12768992410058,2.39236068892231,1.30202855700129,216
"GTM","gtmpcwq",2021-05-04 04:00:00,"5","Spring","isco",2.86,3.43,27.798,9.66,106.41,3.78275657081913,1.69115345252878,6.10140116171612,5.17390817038847,10.267313008822,9.54517833209835,4.0581215711618,4.40327470509971,10.3242997812721,4.31949072488727,4.63916575929865,217
"GTM","gtmpcwq",2021-05-04 07:00:00,"5","Spring","isco",2.86,2.86,27.999,9.71,101.73,3.16251874657083,1.69115345252878,6.47157665845164,5.14476738747143,8.98498140934904,8.47275527216924,3.38623445620964,3.87851895424852,9.15101596836244,3.56587399163749,4.05783226242835,218
"GRB","grbapwq",2021-06-09 11:40:00,"6","Summer","isco",2.86866140625,0.81,20.123,4.85,11.57,0.811193199051111,1.69371231507892,3.26299533561256,2.35314886410263,5.07985383414896,7.37839103805646,3.04505806318007,3.52236794480634,7.21194016922464,2.99807779466389,3.46410977600045,219
"ELK","elksmwq",2021-01-12 06:00:00,"1","Winter","isco",2.87345267857143,0.43,11.467,4.76,10.83,0.390184244458149,1.69512615417597,4.65469260614843,5.38378166479873,4.47748619777598,1.52862817471259,6.52383718604907,3.7744368654452,1.60287508938475,6.48368978069436,3.93124399753542,220
"GTM","gtmpcwq",2020-12-08 09:30:00.105,"12","Winter","isco",2.91,2.55,15.676,4.06,134.67,2.42462423004371,1.7058722109232,1.12022927094165,1.17503841198279,8.32347058932385,3.61424842813272,3.0463325669662,1.58953355651478,3.54556972204337,2.76332864164555,1.50289271998739,221
"PDB","pdbbywq",2021-08-19 09:33:00,"8","Summer","isco",2.912435468,0.64,16.953,0.78,7.4,0.617499480881903,1.70658590993832,5.30602500589957,4.92554065017478,4.80567583348448,7.09164738599887,2.80595956275516,5.39085742720346,6.89992118513509,2.84248450676753,5.21835927771325,222
"GRB","grbapwq",2021-06-09 14:40:00,"6","Summer","isco",2.9731990625,0.84,20.794,2.87,11.29,0.848052425022837,1.7242966863333,3.64644598156258,2.55871743002089,5.12902772372624,7.42958276661137,3.07715958380123,3.54789947801803,7.27209769645547,3.03730390451274,3.49503040406013,223
"PDB","pdbbywq",2021-05-13 06:46:00,"5","Spring","isco",2.973571132,0.52,12.696,0.77,7.95,0.478228532297801,1.72440457317881,2.92405936961104,2.72681960398774,4.61671773306,4.73966253385317,2.6843675117527,2.86348339638069,4.88889013202047,2.70045650951924,2.91762284175647,224
"GRB","grblrwq",2021-05-26 04:46:30,"5","Spring","isco",2.97576265625,0.97,19.551,11.46,42.64,0.964819449902411,1.72503989990087,3.09359144041283,2.74214647670089,5.34485163849309,5.37394558072378,3.21821124774894,1.71748350927653,5.56316735440262,3.16325213876537,1.82467333848338,225
"PDB","pdbbywq",2021-05-12 17:10:00,"5","Spring","isco",3.004409012,0.5,12.169,0.91,6.47,0.457185294268289,1.73332311240576,2.63363744027363,2.47396235946754,4.58559316669804,4.7123963647934,2.66436400688291,2.84818487271369,4.86071243814418,2.67931322157673,2.90148053628853,226
"GRB","grblrwq",2021-08-27 04:50:00.015,"8","Summer","isco",3.02361640625,1.56,24.922,3.67,101.77,1.65756538558257,1.73885491236331,3.04194452051875,5.08989279799215,6.38025936027651,8.7112759362501,3.89809320747045,4.18831553920775,8.65629676297536,3.96308456250238,4.20876040128029,227
"ELK","elksmwq",2021-01-12 22:00:00,"1","Winter","isco",3.02571517857143,0.67,11.7,3.77,13.07,0.609502545315682,1.73945830032554,5.04434877225656,5.73299523894193,4.85350751097973,1.72037507614176,6.90413547361616,3.98843980838225,1.77569714572695,6.83032406856721,4.12923613395176,228
"GTM","gtmpcwq",2020-12-08 07:30:00.095,"12","Winter","isco",3.03,2.56,15.22,5.97,130.56,2.42157657510512,1.74068951855292,1.20476041366064,1.13082664221435,8.34441487977492,3.62618043150944,3.05701660443434,1.59524542110088,3.54209022002326,2.76022583974159,1.50121295411028,229
"PDB","pdbbywq",2021-02-10 00:01:00,"2","Winter","isco",3.045526186,0.63,5.853,7.3,14.89,0.538839398312356,1.74514360039511,1.12402583611123,1.51242316786919,4.78978457675398,1.68763071576547,2.79572402731674,1.16339738649348,1.71904890884803,2.76181991115281,1.20818629117671,230
"PDB","pdbbywq",2021-05-13 11:18:00,"5","Spring","isco",3.05295012,0.68,17.561,2.75,10.32,0.66072837892464,1.74726933241558,6.69868009834091,5.82925811193125,4.86950403924607,4.96062344282847,2.84708873091167,2.98734674646916,5.13668011867989,2.88730940320225,3.0594969903551,231
"GTM","gtmpcwq",2021-01-19 18:00:00.09,"1","Winter","isco",3.07,1.31,15.099,3.74,63.51,1.2374723362117,1.75214154679352,1.90393541004962,0.583447540159467,5.9303421740915,2.28707280700766,1.86645738310191,0.960654680003642,2.31946114006226,1.68658909563911,0.919649161397225,232
"PDB","pdbbywq",2021-08-18 09:45:00,"8","Summer","isco",3.08589757,0.81,16.432,4.61,6.83,0.776852783943432,1.75667230011747,5.26279159933424,5.01611590642532,5.07985383414896,7.37839103805646,2.98282516917148,5.57099933137075,7.15611839421292,3.00945733849389,5.38335065752192,233
"GRB","grbapwq",2021-06-16 18:00:00.035,"6","Summer","isco",3.08628203125,1.61,17.905,3.44,7.02,1.57064980587233,1.75678172555671,2.69915955993103,1.76730142955687,6.47221663881062,8.80406764682012,3.9587027451462,4.23476087987965,8.5019032763144,3.85779277951684,4.12895330279676,234
"WEL","welinwq",2021-06-18 11:45:00,"6","Summer","isco",3.1,0.29,17.797,4.19,13.38,0.282556064238108,1.7606816861659,8.40846237321532,7.86293232396917,4.26514098887418,6.51918667220809,4.31526060424026,6.33801651794522,6.37664635250909,4.36462578264474,6.22178850508244,235
"PDB","pdbbywq",2021-08-19 05:01:00,"8","Summer","isco",3.124181198,1.17,16.196,1.78,6.54,1.11909157944809,1.76753534561547,5.39404601477122,4.95212066564285,5.68557333214933,8.00437195126595,3.375206419235,5.96224924488673,7.72213142259349,3.38416713726514,5.74637781790955,236
"GTM","gtmpcwq",2020-12-08 06:30:00.09,"12","Winter","isco",3.13,2.39,14.97,5.61,126.31,2.25439329718568,1.76918060129541,1.16013449304064,0.986097273730668,7.99194117432547,3.42601062190806,2.8779315265543,1.49953693051451,3.35383436412069,2.59268769452728,1.41050607170924,237
"OWC","owcwmwq",2021-01-08 02:00:00,"1","Winter","isco",3.13,1.02,2.249,35.36,48.32,0.841390716983545,1.76918060129541,5.82537218885176,6.1846327043775,5.4290451412586,2.02030862741538,8.98962766372026,6.45352852767098,1.96804529306904,8.64037178218495,6.45182708956214,238
"GTM","gtmpcwq",2021-09-29 00:59:59.92,"9","Fall","isco",3.14,3.27,27.695,6.68,162.28,3.6014092171532,1.77200451466693,3.48919991761901,5.66675776302898,9.89872801320606,12.515297262559,3.86338721323293,6.88007387715544,12.919834921453,4.09167772394689,6.89785166603931,239
"GTM","gtmpcwq",2020-12-07 16:30:00.02,"12","Winter","isco",3.17,2.91,18.171,5.83,115.01,2.84771356192191,1.78044938147649,2.58617624121695,2.17852254700232,9.09404531245801,4.05618860936948,3.44274057919686,1.80161450990659,4.04518875408786,3.21099017565156,1.74520141818706,240
"GRB","grblrwq",2021-09-20 13:13:00,"9","Fall","isco",3.17287453125,1.41,20.014,4.5,99.33,1.41023610400371,1.78125644735675,2.38729793073062,3.40045448166023,6.1083352072684,8.72895654386501,3.7190699904855,3.8844920217347,8.58471433279661,3.66718605633595,3.85824717589878,241
"GTM","gtmpcwq",2021-05-04 09:00:00,"5","Spring","isco",3.19,3.19,27.749,8.25,108.49,3.51580184349811,1.78605710994918,5.75442548072528,4.979713338787,9.71696203225838,9.08584500018217,3.76781548773556,4.17826822319827,9.81063794694558,3.9862798943066,4.38418723457196,242
"GRB","grbapwq",2021-06-17 06:00:00.095,"6","Summer","isco",3.23212203125,1.38,17.493,3.58,6.7,1.33983128532385,1.79781034351513,2.32337967296929,1.53324477237731,6.05466095953374,8.38129614066264,3.68377031837612,4.02323285637066,8.09862994367655,3.58505442080645,3.92072064781655,243
"GRB","grblrwq",2021-05-26 02:42:00,"5","Spring","isco",3.23269171875,1.33,19.619,15.67,37.8,1.32396765961431,1.79796877579951,3.70997307722459,3.20282184920083,5.96573023765519,5.9100415277536,3.6253115843328,1.93767303045067,6.08877564756785,3.5666769118479,2.0493709814537,244
"PDB","pdbbywq",2021-02-09 21:45:00,"2","Winter","isco",3.232837753,0.78,4.715,11.91,16.36,0.659458544830217,1.79800938623801,0.92689053073331,1.41919193665548,5.03091680552734,1.81204431308635,2.95122083612268,1.23778317654563,1.8162992496399,2.88598768799898,1.26854624950648,245
"GTM","gtmpcwq",2021-09-28 10:00:00,"9","Fall","isco",3.24,2.64,27.928,5.01,156.43,2.91650982842922,1.8,3.79153614215128,5.50058019362559,8.51291664720609,11.1566404521298,3.14316219922961,6.15242250433256,11.4699337745044,3.28695709113974,6.11261499501148,246
"OWC","owcwmwq",2021-03-02 14:00:00.02,"3","Spring","isco",3.24,0.79,2.67,32.78,109.31,0.654383019396497,1.8,4.13509137394729,3.98845461232394,5.04720283051725,5.11545411038665,8.57281474720147,9.7768481821221,5.12796189564927,8.30689375082159,9.73785100594778,247
"GTM","gtmpcwq",2021-05-04 02:00:00,"5","Spring","isco",3.25,3.6,27.431,7.68,110.8,3.9511159185518,1.80277563773199,5.40509486842752,4.88021982856032,10.6663167331151,9.87739220220041,4.27027291706031,4.56622439035103,10.6549882061629,4.5365120699158,4.80367773819875,248
"ELK","elksmwq",2021-02-09 06:00:00,"2","Winter","isco",3.25144348214286,0.91,12.022,2.57,17.42,0.830741903781295,1.80317594320212,5.43505726011205,6.13052538005254,5.2446879253452,1.92344820355941,7.29520648198565,4.20834339432928,1.95899560710528,7.18913979976306,4.3338906998767,249
"OWC","owcwmwq",2021-03-02 10:00:00.01,"3","Spring","isco",3.28,1.04,1.761,41.04,130.13,0.85377853383745,1.81107702762748,5.0241235623579,4.39465320720158,5.46290676755253,5.47619060525418,9.02633983116373,10.1338780342604,5.40546148417845,8.6626938881401,10.0196867829428,250
"GTM","gtmpcwq",2021-01-19 09:00:00,"1","Winter","isco",3.3,1.15,14.867,3.74,65.96,1.08349105174126,1.81659021245849,1.68462258836853,0.490576690802887,5.6510274408724,2.13784755696553,1.73516238100939,0.890982491037727,2.17941624921562,1.56630516912097,0.854440141662751,251
"GTM","gtmpcwq",2021-01-20 04:00:00.82,"1","Winter","isco",3.3,1.35,15.04,4.61,74.93,1.27440835877034,1.81659021245849,1.72130635099462,0.60595964850443,6.00122357275472,2.32516566298961,1.90002923923632,0.978482494120814,2.3537026248568,1.71610365896367,0.935647620696406,252
"GTM","gtmpcwq",2021-05-03 20:00:00,"5","Spring","isco",3.33,3.02,28.931,7.17,105.46,3.3811131290518,1.82482875908947,6.49217981803404,5.47921451407061,9.33630187308634,8.76733665006965,3.56869988211356,4.02245872575589,9.55645061586414,3.82323822531093,4.25827618778961,253
"GRB","grblrwq",2021-05-26 00:37:30,"5","Spring","isco",3.33523546875,1.19,19.561,17.18,44.17,1.18378528888319,1.82626270529461,3.49636996052427,3.19072518450965,5.7202244949621,5.69853157821036,3.46411458016899,1.85046616974486,5.8807982070038,3.40633252270768,1.96011522600694,254
"ELK","elksmwq",2021-05-05 06:00:00,"5","Spring","isco",3.33579159763617,0.64,14.354,2.62,11.55,0.599521088548156,1.82641495767971,4.98147275899429,5.39503197449003,4.80567583348448,4.90491128950179,6.8560090545014,6.91052373667213,5.05289298109893,6.81435224786905,7.03504775883921,255
"GTM","gtmpcwq",2021-05-03 19:00:00,"5","Spring","isco",3.35,3.2,29.317,7.91,103.95,3.60124772117387,1.83030052177231,6.93010961935529,5.78389082242579,9.73959066728298,9.10475775776398,3.77969649418174,4.18752568530074,9.97362279062879,4.09147759907669,4.46501564479196,256
"GRB","grblrwq",2021-05-25 16:22:30,"5","Spring","isco",3.35859265625,1.21,19.406,14.25,46.03,1.20146543846069,1.83264635329624,3.21971502272914,2.95412821213451,5.75498092931072,5.72851132224655,3.48691829193758,1.86280136264013,5.90682968069245,3.42635234028336,1.97126287487241,257
"GRB","grbsqwq",2021-07-01 23:35:59.995,"7","Summer","isco",3.36599859375,1.29,26.237,9.68,27.38,1.39397119370799,1.83466579892633,7.82845049893665,6.31417431143121,5.89505938206365,8.21869536866335,3.57888124462321,3.94193618183703,8.19234062075201,3.64812939636479,3.96907926201142,258
"GTM","gtmpcwq",2021-05-03 22:00:00,"5","Spring","isco",3.37,3.2,28.305,5.89,108.11,3.55285890709062,1.83575597506858,5.81161320604364,5.08288852709898,9.73959066728298,9.10475775776398,3.77969649418174,4.18752568530074,9.88115803508174,4.03173489157968,4.41915108210485,259
"GTM","gtmpcwq",2021-05-04 08:00:00,"5","Spring","isco",3.39,3.11,27.824,7.8,106.38,3.43102284435784,1.8411952639522,5.87239227786831,4.96396802789655,9.53688039588422,8.935250828652,3.67344073121623,4.10457731656667,9.65025218034959,3.88325728903942,4.30471934435913,260
"PDB","pdbbywq",2021-05-12 13:46:00,"5","Spring","isco",3.397877518,0.54,14.925,1.52,9.27,0.50910240460035,1.8433332628692,4.40217978199779,3.9596836407794,4.6479475709578,4.76700735726009,2.70444582718363,2.87882289673526,4.93037880919518,2.73162756506777,2.94138728860949,261
"PDB","pdbbywq",2021-02-10 19:17:00,"2","Winter","isco",3.407014668,0.68,6.051,10.78,8.64,0.582784684248281,1.8458100303119,1.34460191537768,1.77242450935336,4.86950403924607,1.72861032520279,2.84708873091167,1.18793654554688,1.75417038181988,2.80674192699495,1.23000692598348,262
"GTM","gtmpcwq",2021-05-04 06:00:00,"5","Spring","isco",3.42,2.5,28.096,10.42,93.92,2.76798994160865,1.84932420089069,7.07152900649941,5.1687376782885,8.21914390532792,7.8283522891246,2.99319291922973,3.56424301324813,8.44151273948525,3.12406790885827,3.70829278935582,263
"WEL","welinwq",2021-03-26 08:45:00,"3","Spring","isco",3.42,0.85,5.358,2.74,4.36,0.723343254290683,1.84932420089069,1.28585907787797,1.41752703933416,5.14547165601992,5.20091004470808,5.0560586496327,4.16894951744506,5.22310703834229,4.94700812312564,4.19641307483998,264
"PDB","pdbbywq",2021-05-13 07:54:00,"5","Spring","isco",3.449273985,0.54,13.261,1.1,8.58,0.49972719085376,1.8572221151494,3.28416228508225,3.03736724434258,4.6479475709578,4.76700735726009,2.70444582718363,2.87882289673526,4.91776175163703,2.72214319688074,2.93416074443899,265
"PDB","pdbbywq",2021-02-10 18:09:00,"2","Winter","isco",3.464121853,0.69,6.049,11.41,8.92,0.591342925870839,1.86121515494582,1.36349696004506,1.80789116018034,4.88552688539637,1.73686523785061,2.8574177795515,1.19287510987324,1.76105152484393,2.81553254451387,1.23427916280007,266
"GRB","grbsqwq",2021-07-01 22:35:59.995,"7","Summer","isco",3.47594828125,1.36,25.505,6.53,17.47,1.45584180787119,1.86438951972221,7.60465158949123,5.59754677933389,6.01900971713043,8.34502499066641,3.66033071683794,4.00509521949327,8.3000923751567,3.72088438397108,4.02470597673163,267
"GTM","gtmpcwq",2021-09-28 09:00:00,"9","Fall","isco",3.51,2.65,28.198,6.08,145.79,2.93803728142673,1.87349939951952,4.61022862866516,5.74434857255925,8.53409779861281,11.1775968620574,3.15401456046029,6.16365495679474,11.5141932569443,3.31091079595158,6.13657414948003,268
"GRB","grbapwq",2021-06-09 10:40:00,"6","Summer","isco",3.530923125,1,21.165,4.51,12.78,1.01412870930754,1.87907507167755,4.02639355505452,2.88953608939711,5.39528878650051,7.7055941840956,3.25121049510364,3.68562476927465,7.54624802683678,3.21720686715749,3.6360532669706,269
"PDB","pdbbywq",2021-05-13 12:26:00,"5","Spring","isco",3.553780134,0.71,18.188,0.99,10.24,0.694941221218852,1.88514724464695,7.21633505678417,6.14700388106411,4.91765153134885,5.00261402548473,2.87813198475201,3.01086308350968,5.1838145374334,2.92303396859507,3.08646870467139,270
"PDB","pdbbywq",2021-05-12 12:38:00,"5","Spring","isco",3.560061924,0.82,16.359,1.08,9.95,0.785785652595735,1.88681263616714,5.78531598001721,5.01983327872189,5.09621881279076,5.15809359140683,2.99339735213497,3.09787845389396,5.31001394495435,3.01895838320555,3.15866038347697,271
"ELK","elksmwq",2021-02-10,"2","Winter","isco",3.56025362797619,1.21,12.732,2.32,21.72,1.11324177337574,1.88686343649353,6.24827634100529,6.96115444613638,5.75498092931072,2.19321711812776,7.79919438107589,4.49152065599583,2.20613446384542,7.66066269719338,4.60240872951021,272
"GTM","gtmpcwq",2021-01-19 14:00:00.03,"1","Winter","isco",3.57,1.15,14.926,4.23,69.28,1.08421178923043,1.88944436276912,1.66992600847526,0.513738614498147,5.6510274408724,2.13784755696553,1.73516238100939,0.890982491037727,2.18006159759666,1.56685781578902,0.854739779309093,273
"GRB","grbapwq",2021-06-17 07:00:00.1,"6","Summer","isco",3.57564359375,1.36,17.913,3.16,7.15,1.32688392416474,1.89093722628489,2.50111036395309,1.64978662463323,6.01900971713043,8.34502499066641,3.66033071683794,4.00509521949327,8.07629924922263,3.57005176943676,3.90919977998433,274
"GTM","gtmpcwq",2021-01-19 10:00:00,"1","Winter","isco",3.58,1.16,14.652,9.4,59.6,1.09027161733812,1.89208879284245,1.97892156624951,0.589982337804444,5.66828722756888,2.14702665819227,1.74322804883806,0.895260171558904,2.18549134625975,1.57150822248552,0.857261154999103,275
"GRB","grbapwq",2021-06-09 11:10:00,"6","Summer","isco",3.58931609375,0.9,20.47,5.82,11.86,0.905087117022097,1.89454904759682,3.57344460057721,2.59702633142639,5.22808608574775,7.53249714056439,3.14186759633118,3.59923913708249,7.36567580643001,3.09850349424003,3.5431466829423,276
"ELK","elksmwq",2021-01-13 06:00:00,"1","Winter","isco",3.62664017857143,0.63,11.152,3.63,13.61,0.56971788837365,1.90437395974935,4.56807324003264,5.30881398064094,4.78978457675398,1.68763071576547,6.84000432007704,3.95236288435038,1.74369017769081,6.76677393069188,4.0929589285718,277
"WEL","welinwq",2021-03-25 08:00:00,"3","Spring","isco",3.64,1.28,5.316,2.72,4.2,1.08880446125845,1.90787840283389,1.63920964456143,1.73425027323736,5.87745746287567,5.83405982935692,5.66469429004201,4.57582696839097,5.74193658293465,5.45751369635382,4.53984885501256,278
"GTM","gtmpcwq",2020-12-08 04:30:00.08,"12","Winter","isco",3.65,2.46,14.944,6.52,130.26,2.31974120938301,1.91049731745428,1.15264212770169,1.03917391373451,8.13615628004248,3.50774525914761,2.95101784856563,1.53858776297502,3.42680711126429,2.65754992246834,1.44562473122498,279
"GTM","gtmpcwq",2021-05-04 03:00:00,"5","Spring","isco",3.66,3.62,27.808,8.93,110.02,3.99282361866548,1.9131126469709,5.79713339726734,5.1678686388567,10.7137583875331,9.91684979506722,4.29558724909608,4.58558958082302,10.7377153714658,4.59109687514724,4.84487531976908,280
"ELK","elksmwq",2021-02-10 02:00:00,"2","Winter","isco",3.66597072797619,1.25,12.624,2.49,28.46,1.14867822627434,1.91467248582524,6.00553355333843,6.94588564997317,5.82480961261549,2.23052343063829,7.86766454716043,4.52997422790672,2.2381712736244,7.72086708281596,4.63666097076505,281
"OWC","owcwmwq",2021-01-07 14:00:00,"1","Winter","isco",3.67,1.12,2.893,45.91,63,0.929786775726006,1.9157244060668,7.58873591672553,7.77330597045611,5.59940598808672,2.11042823480602,9.17393660654887,6.56902861001706,2.04397202937973,8.80028660717264,6.55319735061454,282
"WEL","welinwq",2021-03-26 04:15:00,"3","Spring","isco",3.68,1.1,7.059,3.34,13.88,0.952581065206299,1.91833260932509,2.1706152256756,2.28683706009336,5.56512327564941,5.56459607759345,5.40570848603979,4.40320123629598,5.5456745984992,5.26429592509322,4.41025638520785,283
"PDB","pdbbywq",2021-05-12 11:30:00,"5","Spring","isco",3.680558085,0.73,17.046,0.99,10.67,0.705091949697235,1.91847806476905,6.21778848788313,5.38349016805667,4.94988144883718,5.0307060651895,2.89892100051365,3.02659186239616,5.19784042274383,2.93367546793751,3.09449380645536,284
"ELK","elksmwq",2021-05-04 06:00:00,"5","Spring","isco",3.68209001093282,0.79,14.841,2.28,14.7,0.744093266724169,1.91887727875777,5.4258287443966,5.8406015846142,5.04720283051725,5.11545411038665,7.09832438770061,7.09016056627997,5.25190721410796,7.04751500535267,7.20855273531379,285
"GRB","grbapwq",2021-06-17 05:00:00.09,"6","Summer","isco",3.68217515625,1.53,17.844,3.58,7.23,1.49154363711913,1.91889946486261,2.60310086024443,1.71723175852121,6.32540080776359,8.65583687294952,3.86195191654839,4.16057126486733,8.36258978749403,3.76319378163187,4.0569809572863,286
"GTM","gtmpcwq",2021-09-28 23:59:59.925,"9","Fall","isco",3.7,2.98,28.436,5.88,160.48,3.3143646413997,1.92353840616713,3.81869090842705,5.93963743112865,9.24784012793694,11.8801896618539,3.52263466227081,6.54007286847819,12.3016731719714,3.74370025848319,6.56298102186787,287
"GTM","gtmpcwq",2021-09-28 21:59:59.935,"9","Fall","isco",3.74,2.96,28.834,9.48,150.78,3.30964047445312,1.93390796058137,5.00604771441103,6.4766274941683,9.20376716266601,11.8369987088577,3.49971426819113,6.51694209238083,12.2916262390604,3.73810258853512,6.55753942789337,288
"GTM","gtmpcwq",2021-01-19 19:00:00.105,"1","Winter","isco",3.78,1.1,15.096,3.24,63.08,1.0390636946135,1.94422220952236,1.77911032190833,0.509222625440504,5.56512327564941,2.09224700463361,1.69511458147028,0.869747751010224,2.13982043352647,1.53242738556935,0.836071437516336,289
"GTM","gtmpcwq",2021-05-03 21:00:00,"5","Spring","isco",3.78,3.42,28.78,6.85,107.21,3.82121738994476,1.94422220952236,6.26180073140901,5.45074784537336,10.2440790624663,9.52581331202048,4.04581040398913,4.39378162704372,10.3993844338955,4.36859936458365,4.67649506106911,290
"GRB","grbapwq",2021-06-16 17:00:00.03,"6","Summer","isco",3.80921546875,1.57,18.215,3.79,7.61,1.53718681714261,1.95172115548046,2.82920560348441,1.87637896443804,6.39859818021541,8.72979495119053,3.91017770972504,4.19758411899835,8.44283132338587,3.81763280530462,4.09843079301948,291
"GRB","grbsqwq",2021-07-01 19:35:59.995,"7","Summer","isco",3.8140578125,1.59,23.852,3.35,7.54,1.66677998855714,1.95296129313922,6.77127530673589,4.45893137818112,6.43535477374509,8.76689197183176,3.93440282215505,4.21615201109521,8.67274668145622,3.97433048316575,4.21726616588562,292
"GRB","grbapwq",2021-06-09 10:10:00,"6","Summer","isco",3.81605171875,1.11,21.275,7.18,12.68,1.12718658069509,1.95347170922693,4.2983240094575,3.14716433926225,5.58225147292608,7.89827207625367,3.37364783870591,3.78183216653959,7.735780150092,3.34263839220067,3.73365144302084,293
"PDB","pdbbywq",2021-05-12 14:54:00,"5","Spring","isco",3.826752479,0.69,13.419,1.33,7.65,0.639658779261865,1.95620870026692,3.56737515756113,3.24646080101938,4.88552688539637,4.97460064012711,2.8574177795515,2.99517528131078,5.10776001526236,2.86541811335844,3.04294565216504,294
"GTM","gtmpcwq",2021-09-29 02:59:59.91,"9","Fall","isco",3.83,3.08,28.483,6.43,145.91,3.42772768224802,1.95703857907809,4.70811470789015,6.03535686601596,9.46978402732928,12.0973242420421,3.63835879108614,6.65634139927851,12.5439944407947,3.87928027082725,6.69423658904415,295
"PDB","pdbbywq",2021-02-10 23:49:00,"2","Winter","isco",3.848453209,0.74,4.21,13.26,15.47,0.622461962623408,1.96174748859276,0.772830668392572,1.27563635461491,4.96603588440729,1.7784347548915,2.90934356235489,1.21772159408342,1.7861859192722,2.84761238448531,1.24987607929441,296
"GRB","grblrwq",2021-09-20 15:17:00,"9","Fall","isco",3.8596328125,1.69,19.989,4.21,93.84,1.68977771725517,1.9645948214581,2.60594434949807,3.51737439609705,6.62071681443117,9.25544746475253,4.05665054272206,4.13829976550899,9.08863435926606,4.00246746552348,4.10913278923887,297
"GRB","grblrwq",2021-06-23 04:37:00.015,"6","Summer","isco",3.8733053125,1.5,22.959,6.86,32.66,1.55502575872341,1.96807147037398,4.95793461971797,4.17419621731256,6.27077911620631,8.60057478193,3.82597894938886,4.13291918807393,8.47429663873775,3.8390157231463,4.11468808853803,298
"GTM","gtmpcwq",2021-05-04 05:00:00,"5","Spring","isco",3.91,3.15,27.969,10.93,100.49,3.48181245878237,1.97737199332852,6.71421737848949,5.29470018514088,9.62671067099961,9.0103906057228,3.72047848835364,4.14134081650733,9.74617774516141,3.94481435425547,4.35223988151939,299
"PDB","pdbbywq",2021-05-13 05:38:00,"5","Spring","isco",3.940966849,0.73,11.69,0.68,7.5,0.66401262566632,1.98518685493331,2.55866365816311,2.4143781553386,4.94988144883718,5.0307060651895,2.89892100051365,3.02659186239616,5.14119542606247,2.89072923645767,3.06208099230074,300
"GTM","gtmpcwq",2021-01-19 13:00:00.015,"1","Winter","isco",3.97,1.68,14.555,3.71,78.32,1.5772943981357,1.99248588451713,1.58707820368136,0.585033279365976,6.60206217988474,2.65143634457331,2.1884150142373,1.13181602752774,2.64395724067424,1.96778895882307,1.07204377306591,301
"GTM","gtmpcwq",2021-09-29 04:59:59.9,"9","Fall","isco",3.97,2.6,28.771,7.03,124.57,2.90466976852797,1.99248588451713,6.32798213490219,6.14979671752269,8.42845522041881,11.0730114482873,3.09993978070972,6.10759513620277,11.4456274683555,3.2738196657179,6.09945747927274,302
"GTM","gtmpcwq",2021-05-03 15:00:00,"5","Spring","isco",3.98,3.19,28.258,12.54,105.02,3.53954741960433,1.994993734326,6.78473531847943,5.58872302429731,9.71696203225838,9.08584500018217,3.76781548773556,4.17826822319827,9.85579703059714,4.01537707487113,4.40657552920734,303
"GTM","gtmpcwq",2021-09-29 05:59:59.895,"9","Fall","isco",4.03,2.59,28.744,6.75,128,2.89245459443435,2.00748598998847,6.05309088493225,6.10768288260771,8.4074056584319,11.0521533562937,3.08918093268045,6.09641390460006,11.4205781147283,3.26029359327722,6.0858979669551,304
"OWC","owcwmwq",2021-03-02 20:00:00.035,"3","Spring","isco",4.03,1.14,3.288,30.1,111.53,0.950115936651462,2.00748598998847,4.57371679774322,4.65769336423377,5.63379397205988,5.62392633088867,9.21102282679797,10.2784827051969,5.54215443607,8.83727090588403,10.1572954822942,305
"GTM","gtmpcwq",2021-09-29 07:59:59.885,"9","Fall","isco",4.07,2.6,28.758,5.31,132.24,2.90416537256865,2.0174241001832,5.59922433641931,5.99629453955874,8.42845522041881,11.0730114482873,3.09993978070972,6.10759513620277,11.4445925729508,3.27326058516991,6.09889727346941,306
"GRB","grbapwq",2021-06-09 14:10:00,"6","Summer","isco",4.07525953125,1.11,20.946,3.9,11.6,1.1227010241608,2.01872720575366,3.98798931861162,2.80081129155715,5.58225147292608,7.89827207625367,3.37364783870591,3.78183216653959,7.7282157052561,3.33761621810803,3.7297546240515,307
"GTM","gtmpcwq",2021-05-03 14:00:00,"5","Spring","isco",4.09,3.42,28.947,9.97,106.69,3.82976308726478,2.02237484161567,6.77494469052968,5.79663619443619,10.2440790624663,9.52581331202048,4.04581040398913,4.39378162704372,10.4161046026658,4.37954861613376,4.68480965472864,308
"PDB","pdbbywq",2021-05-12 16:02:00,"5","Spring","isco",4.095727321,0.72,13.558,1.09,7.6,0.668500177263772,2.02379033523732,3.68267933080313,3.32707844324483,4.93375333115104,5.01665021354372,2.88851714131269,3.01872235086698,5.14736828975834,2.89540532402957,3.06561350201276,309
"GRB","grbsqwq",2021-07-02 00:35:59.995,"7","Summer","isco",4.10545296875,1.43,26.689,13.18,37.72,1.55433372745783,2.02619174037158,7.99055665936265,6.98361260675054,6.14424962851132,8.47231812842196,3.74269661842649,4.06875622157224,8.47307490443653,3.83818509600565,4.11405681455573,310
"GRB","grblrwq",2021-05-25 10:18:00,"5","Spring","isco",4.11114984375,1.07,19.576,13.47,49.48,1.06460195373568,2.02759706148682,3.1005581680691,2.91733682507371,5.51389659112314,5.52030485528328,3.32886333134114,1.77731552281224,5.70681784913382,3.27290778601838,1.88579276570191,311
"GTM","gtmpcwq",2021-05-04 01:00:00,"5","Spring","isco",4.14,3.91,27.289,7.94,111.44,4.28336774721941,2.03469899493758,5.34599146268148,4.9133874727088,11.4134922654344,10.4978236738961,4.67105190042149,4.8709895979325,11.3228859002344,4.98040295747395,5.1367467648486,312
"GTM","gtmpcwq",2021-09-29 01:59:59.915,"9","Fall","isco",4.15,3.35,28.406,6.79,150.64,3.72439362696763,2.03715487874634,4.3956954411532,6.08435842420074,10.0821783387273,12.6934095701495,3.96015590770834,6.97538339629957,13.1893236414204,4.24550029578587,7.04387685997112,313
"OWC","owcwmwq",2021-03-02 16:00:00.025,"3","Spring","isco",4.17,0.83,4.128,29.99,106.29,0.697591383080707,2.04205778566621,4.70913372052357,4.70818161699529,5.11261010931652,5.17234607892046,8.64459324974359,9.83354270324475,5.18747460110107,8.3833612907222,9.79858268861597,314
"WEL","welinwq",2021-03-25 21:30:00,"3","Spring","isco",4.18,1.38,5.452,2.73,4.25,1.17549354202746,2.04450483002609,1.79126971693577,1.86658136826507,6.05466095953374,5.98651481581993,5.81119366190494,4.67316433695312,5.86860960653639,5.58228565852486,4.62329524029182,315
"OWC","owcwmwq",2021-03-03 08:00:00.065,"3","Spring","isco",4.2,1.3,0.878,39.93,121.41,1.05805119436576,2.04939015319192,4.55402452788426,4.20708524156175,5.91268761913559,5.86439351795523,9.51040576899141,10.5119809664489,5.69733097970207,9.03493359817738,10.3125853933587,316
"PDB","pdbbywq",2021-08-19 06:09:00,"8","Summer","isco",4.200865886,1.54,16.443,1.59,7.05,1.47716572975046,2.04960139685745,6.00609742739099,5.39692939321184,6.3436606740506,8.67429689712959,3.80374506416772,6.37820196569651,8.33739252041662,3.7997431554337,6.13888123427276,317
"GTM","gtmpcwq",2021-07-23 04:29:59.895,"7","Summer","isco",4.22,2.45,30.4,12.27,174.35,2.79798654117158,2.05426385841741,3.23029687939071,6.33367311138216,8.11547516843102,10.4364708718008,2.94052083750031,6.14586155936782,10.8108029482958,3.15663309592588,6.1374576352017,318
"GRB","grbsqwq",2021-07-01 21:35:59.995,"7","Summer","isco",4.220245,1.66,24.846,6.4,11.62,1.76211789611528,2.05432348961891,7.61630638717275,5.29415710044836,6.56483186444375,8.89735094705978,4.01977984882899,4.28146232484884,8.84386058860343,4.09162045327381,4.30577414154932,319
"GTM","gtmpcwq",2021-01-19 20:00:00.12,"1","Winter","isco",4.24,1.29,15.101,3.29,64.13,1.21860716102007,2.0591260281974,1.86051276804544,0.566376426590272,5.89505938206365,2.2681443605374,1.8497836708764,0.951802237976411,2.30206900717485,1.67161322282098,0.911531130430861,320
"PDB","pdbbywq",2021-05-12 23:58:00,"5","Spring","isco",4.245919218,0.84,12.791,0.93,7.91,0.773331001231685,2.06056284009976,3.30698087779065,3.02408737367195,5.12902772372624,5.18661823002088,3.01459782598281,3.11383260456207,5.29262239702319,3.00571566791336,3.14871363565207,321
"GRB","grbapwq",2021-06-17 04:00:00.085,"6","Summer","isco",4.25186265625,2.16,17.969,4.53,8.63,2.10878171440517,2.06200452381899,3.16115852992923,2.09370015380035,7.52717121122195,9.85722138128649,4.65626701604463,4.76256251089276,9.48014772773373,4.53248220675864,4.6353505905894,322
"PDB","pdbbywq",2021-05-13 13:34:00,"5","Spring","isco",4.26819102,0.67,15.948,1.13,9.29,0.639034559026569,2.06596007221824,5.30479786650097,4.64533630646162,4.85350751097973,4.94666590911662,2.83677838491212,2.97952845579944,5.10690445664188,2.86477081983042,3.04245597726761,323
"GTM","gtmpcwq",2020-12-07 15:30:00.015,"12","Winter","isco",4.27,2.45,17.935,4.94,126.31,2.39095608552593,2.06639783197718,1.97736463801759,1.84111429376912,8.11547516843102,3.49600989163874,2.94052083750031,1.53297834010784,3.50722566198263,2.72914800548943,1.48438808601972,324
"GTM","gtmpcwq",2021-05-03 18:00:00,"5","Spring","isco",4.27,3.13,29.851,9.35,99.59,3.54796850957999,2.06639783197718,7.77114119164996,6.19355264860832,9.581742897674,8.97278139001383,3.69692220450437,4.12293857819322,9.87183707809544,4.0257214642924,4.41452897127649,325
"PDB","pdbbywq",2021-02-10 20:25:00,"2","Winter","isco",4.271046379,0.67,5.141,12.62,10.96,0.56890833169232,2.0666510056127,1.02609890816116,1.51059163448757,4.85350751097973,1.72037507614176,2.83677838491212,1.18300822539242,1.74304190694383,2.79251800894903,1.22309565177708,326
"GRB","grbapwq",2021-06-16 19:00:00.04,"6","Summer","isco",4.289746875,1.84,18.39,2.78,7.84,1.80524278417081,2.07117041186861,3.10497655759816,2.01355528142836,6.90369447870304,9.23724119038716,4.24352886862543,4.45170807031967,8.92181085876879,4.14523533637891,4.34611150992533,327
"GTM","gtmpcwq",2021-07-23 05:29:59.89,"7","Summer","isco",4.29,2.42,30.163,11.58,178.37,2.75480880863562,2.0712315177208,2.89829243376861,6.12541087220818,8.05358974090042,10.3757816308285,2.90914202014604,6.1122436310452,10.7248742742642,3.10981148473995,6.08944642843532,328
"GTM","gtmpcwq",2021-09-28 22:59:59.93,"9","Fall","isco",4.31,2.99,28.689,5.99,153.97,3.33671479226821,2.07605394920267,4.28937849647512,6.09573672366446,9.26991608739835,11.9018146337322,3.53412291327108,6.55165362278471,12.349261103134,3.77023974983674,6.58875593336345,329
"ELK","elksmwq",2021-01-13,"1","Winter","isco",4.31312142857143,0.42,11.552,3.52,11.82,0.381462040201729,2.07680558275719,4.63449927747968,5.33458765045586,4.46214761660868,1.52088451532119,6.50822520707064,3.76564812830481,1.59618492044252,6.47009089215172,3.92347049442753,330
"GRB","grbapwq",2021-06-09 09:40:00,"6","Summer","isco",4.32734625,1.06,21.302,6.38,13.17,1.07676546444523,2.0802274515062,4.22666955566659,3.09032284431709,5.49687366538231,7.81039626238004,3.31771396110065,3.73794786884078,7.65096293010823,3.28640259540675,3.68996529806744,331
"ELK","elksmwq",2021-01-12 12:00:00,"1","Winter","isco",4.34789642857143,0.38,11.293,3.36,12.94,0.344164153645564,2.08516100782923,4.36630383710404,5.10611010390061,4.40105647077907,1.49010651362346,6.4459643175597,3.73059562146217,1.56773425685445,6.4121003796698,3.89031622992042,332
"GTM","gtmpcwq",2021-01-20 03:00:00.41,"1","Winter","isco",4.39,1.16,15.215,4.09,67.36,1.09721482679066,2.0952326839757,1.81525408191924,0.571619649640482,5.66828722756888,2.14702665819227,1.74322804883806,0.895260171558904,2.19172092725624,1.57684502078452,0.860154653193468,333
"GTM","gtmpcwq",2021-09-28 11:59:59.985,"9","Fall","isco",4.43,3.45,27.617,7.14,166.64,3.79575250024298,2.10475651798492,3.26238880493679,5.71060284150664,10.3138598551853,12.9178196774483,4.08280001342798,7.09544227070005,13.3469634951688,4.33605350693841,7.12930581207393,334
"GTM","gtmpcwq",2021-07-23 06:29:59.885,"7","Summer","isco",4.44,2.41,30.189,11.58,179.84,2.74439666026403,2.10713075057055,2.84729263956678,6.1398682941364,8.03301390082481,10.3555912110113,2.89871981964184,6.10105814328144,10.7042042055036,3.09857298283123,6.07789691851972,335
"OWC","owcwmwq",2021-01-08,"1","Winter","isco",4.45,1.13,2.65,44.46,57.43,0.935830815045967,2.1095023109729,7.17215424351989,7.47326760353227,5.61658682113132,2.11954834527241,9.19247036535328,6.58063496119708,2.04921597179711,8.81127426523341,6.56015735551169,336
"OWC","owcwmwq",2021-01-08 04:00:00,"1","Winter","isco",4.45,1.81,1.92,30.68,36.25,1.48822609053413,2.1095023109729,6.48327292142056,6.98267009337455,6.84662522393737,2.78584663158546,10.4966423581547,7.39389966869753,2.55685219409248,9.84443550912668,7.21186455262954,337
"OWC","owcwmwq",2021-03-02 04:00:00,"3","Spring","isco",4.47,1.33,1.461,55.17,132.47,1.08864510307855,2.1142374511866,7.1249381535997,5.75066288794682,5.96573023765519,5.9100415277536,9.56707309590071,10.5560538493325,5.74170499600155,9.09135811835108,10.356816116908,338
"GTM","gtmpcwq",2021-09-29 03:59:59.905,"9","Fall","isco",4.49,2.99,28.365,6.88,136.45,3.32234926135193,2.11896201004171,5.29775426098755,5.98598915244771,9.26991608739835,11.9018146337322,3.53412291327108,6.55165362278471,12.3186634737708,3.7531707634071,6.57218334234769,339
"ELK","elksmwq",2021-05-05 04:00:00,"5","Spring","isco",4.49896063888778,0.99,15.52,2.42,16.97,0.93965790634809,2.1210753496488,6.14132268216955,6.52056442675282,5.37845008594741,5.4030601269414,7.42795742273157,7.33326179925273,5.52723297098936,7.36915851220134,7.4466184354856,340
"ELK","elksmwq",2021-01-12 14:00:00,"1","Winter","isco",4.50064642857143,0.55,11.637,3.48,13.15,0.49999522886674,2.12147270276368,4.82974549245171,5.53257079644806,4.66360196673264,1.62308584717861,6.71263973973232,3.88070075653748,1.68830000779868,6.65611861958077,4.0297691270925,341
"GRB","grblrwq",2021-05-26 08:54:00,"5","Spring","isco",4.52787625,0.94,20.075,7.69,53.99,0.940843844255178,2.12788069449394,2.86670689983982,2.76062641882578,5.29465135144132,5.33042123829825,3.18538032415678,1.69973366656772,5.5289240500996,3.13718262875015,1.81013766994744,342
"PDB","pdbbywq",2021-02-09 22:53:00,"2","Winter","isco",4.536023719,0.86,5.387,6.99,17.58,0.732069227354986,2.1297942903013,1.10043737322026,1.51006295535603,5.16194190619756,1.88020728164175,3.03587311039178,1.27839806172087,1.87613246965194,2.96205103048289,1.30559132868493,343
"PDB","pdbbywq",2021-02-10 22:41:00,"2","Winter","isco",4.544589796,0.98,3.616,15.42,16.19,0.819445185168386,2.13180435218619,0.784592704958218,1.34698889514715,5.36163770327827,1.98481136488912,3.16509583862927,1.34054969011081,1.9494181078799,3.05489334811618,1.35087626993032,344
"GRB","grbapwq",2021-06-16 20:00:00.045,"6","Summer","isco",4.5535121875,2.23,18.442,2.61,8.08,2.18921141455485,2.1338960114073,3.44709754936651,2.20470966840526,7.66714913762119,9.99552612764195,4.74910639619107,4.83196024923143,9.63093183062334,4.63798988390507,4.71355268046641,345
"GTM","gtmpcwq",2021-09-29 06:59:59.89,"9","Fall","isco",4.57,2.72,28.734,6.23,128.62,3.03723008503661,2.1377558326432,5.92698788392728,6.08504152453282,8.68310275921078,11.3248423119804,3.23050476300292,6.24256896084297,11.7192303418776,3.4224066647087,6.24757704351386,346
"WEL","welinwq",2021-03-26 06:30:00,"3","Spring","isco",4.58,0.92,5.31,3.28,4.82,0.78253044525553,2.14009345590327,1.33067752426014,1.47495144409047,5.26131608282661,5.30150332794849,5.15278233748892,4.2338946158941,5.30546565302091,5.0279846971503,4.25111664760239,347
"PDB","pdbbywq",2021-05-12 18:18:00,"5","Spring","isco",4.621684496,0.69,12.187,0.81,6.62,0.631039909942846,2.14981033954161,2.82015865407577,2.6161479644129,4.88552688539637,4.97460064012711,2.8574177795515,2.99517528131078,5.09595329636811,2.85648712659185,3.03618799041923,348
"GRB","grblrwq",2021-06-23 02:33:00,"6","Summer","isco",4.6480803125,1.79,23.131,9.73,28.42,1.8596294508519,2.1559407024545,5.64496403405969,4.60407071892159,6.80871064351339,9.1421881673368,4.18076852731725,4.40408464988016,9.02060498651371,4.21334898625924,4.39725085937922,349
"OWC","owcwmwq",2021-01-07 12:00:00,"1","Winter","isco",4.65,1.04,1.933,23.03,26.56,0.855222652969793,2.15638586528478,4.73714227263728,5.03162926541762,5.46290676755253,2.03817524019922,9.02633983116373,6.47654659076506,1.97983123082255,8.66529797873992,6.46763704021669,350
"ELK","elksmwq",2021-02-10 04:00:00,"2","Winter","isco",4.65003947797619,1.33,12.449,2.72,27.79,1.21984770019458,2.1563950190019,6.00591038380554,6.93644053665544,5.96573023765519,2.30607990782506,8.00550260606304,4.60737309197932,2.30321067131754,7.84249157913331,4.70583572596274,351
"GTM","gtmpcwq",2021-07-22 08:30:00,"7","Summer","isco",4.68,2.93,30.371,15.34,155.3,3.34483873922821,2.16333076527839,4.40196526038291,6.6488489373112,9.13785509888933,11.4315669575836,3.46547394687373,6.69628727892598,11.9287717158634,3.77990968841771,6.76184064175336,352
"GRB","grbsqwq",2021-07-01 20:35:59.995,"7","Summer","isco",4.702200625,1.74,24.245,4.71,8.75,1.83305431470745,2.16845581578228,7.24603311051324,4.84297642745397,6.71438475542276,9.04762673395608,4.11847575201613,4.35671733373796,8.97226292372212,4.17999704198513,4.37222510071966,353
"OWC","owcwmwq",2021-03-02 18:00:00.03,"3","Spring","isco",4.75,1.31,4.486,34.01,114.19,1.10499375234334,2.17944947177034,5.92216442688024,5.9730784132346,5.9303421740915,5.87958985763457,9.52927617532089,10.5266616832382,5.76548797317207,9.12158203265187,10.380490755524,354
"GTM","gtmpcwq",2021-09-28 19:59:59.945,"9","Fall","isco",4.76,3.83,29.199,7.71,147.13,4.30340926889195,2.18174242292714,4.97132302761714,6.70764018937732,11.2182515278985,13.7885112763322,4.56590442309976,7.56100867818764,14.4954639566076,5.00784104304341,7.75192117881809,355
"PDB","pdbbywq",2021-05-13 04:30:00,"5","Spring","isco",4.789579621,0.96,11.796,0.68,7.57,0.874230101760112,2.18851082268286,2.83757551967142,2.63321747292494,5.32809189159187,5.35941780299515,3.14337169085354,3.21041801900966,5.43433746290987,3.11383643456026,3.22974662014538,356
"GTM","gtmpcwq",2021-09-28 20:59:59.94,"9","Fall","isco",4.8,3.34,29.199,7.79,146.29,3.75284254780655,2.19089023002066,5.13750409384983,6.61894994772661,10.0591549354433,12.6710767091469,3.94799436165793,6.96343385180494,13.2520582860115,4.28148695974201,7.07787343146117,357
"GTM","gtmpcwq",2021-07-23 03:29:59.9,"7","Summer","isco",4.81,2.58,30.677,13.52,168.16,2.95764005167869,2.19317121994613,3.73827203022777,6.63067701992535,8.38638241432894,10.7015025957066,3.07844078729146,6.29260464264265,11.1315095861112,3.33279854619212,6.31662066896991,358
"NIW_isco","niwwswq",2021-07-28 02:59:59.925,"7","Summer","isco",4.85184,1.45,29.343,8.78,91.18,1.63238656664213,2.20268926542079,11.6029190853392,12.4277670548391,6.18026932129008,8.50886456863319,11.188664976238,11.7965731777101,8.61142714081914,10.9341932314225,11.6185756873342,359
"GTM","gtmpcwq",2021-01-20 02:00:00,"1","Winter","isco",4.86,1.9,14.983,4.8,78.92,1.79245835805134,2.20454076850486,1.88631761668393,0.780231611038951,7.01854357110135,2.88084660230103,2.39198729494187,1.2402361071272,2.86039779477661,2.15703946847982,1.17457265348048,360
"ELK","elksmwq",2021-01-13 04:00:00,"1","Winter","isco",4.87317767857143,0.86,11.042,3.61,16.02,0.776786080267766,2.20752750346885,4.72024835636775,5.49418880906172,5.16194190619756,1.88020728164175,7.21284497982862,4.1620435490921,1.91346283634984,7.10078499465831,4.28352320828209,361
"ELK","elksmwq",2021-02-10 06:00:00,"2","Winter","isco",4.90852153630952,0.72,12.453,2.8,23.68,0.660397653438636,2.21551834483705,5.36917530536756,6.23534225293283,4.93375333115104,1.76174795731479,6.98472022494642,4.03376645728966,1.81706691205644,6.91205454442232,4.17587763269068,362
"PDB","pdbbywq",2021-05-13 01:06:00,"5","Spring","isco",4.9157865,1.03,12.532,0.88,7.82,0.945554883676393,2.21715730159139,3.34469097018517,3.04346069207865,5.44596279546359,5.46152518241805,3.21973350427354,3.26744074820159,5.53564427537747,3.19141871075418,3.28764929068773,363
"GRB","grblrwq",2021-05-26 10:58:30,"5","Spring","isco",4.92352421875,1.16,20.063,12.23,46.48,1.16087459974265,2.21890157932929,3.4368318620845,3.12368904012844,5.66828722756888,5.65370943905699,3.43004928231822,1.83204021169116,5.84715103093704,3.38047724810683,1.94571664935407,364
"GRB","grbapwq",2021-06-17 00:00:00.065,"6","Summer","isco",5.1089575,2.59,19.521,3.69,10.96,2.57524843381687,2.26030031190548,4.34714467697414,2.85993569203537,8.4074056584319,10.7220272964992,5.24104190909383,5.19679189258921,10.371206079413,5.16128898088339,5.09800267702441,365
"OWC","owcwmwq",2021-01-08 06:00:00,"1","Winter","isco",5.13,1,2.625,46.52,64.79,0.82796386291279,2.26495033058122,7.26671807905839,7.39504793134652,5.39528878650051,2.00252066897868,8.95299030683792,6.43055144126448,1.9566381732286,8.61620991459967,6.43649865447053,366
"GRB","grbapwq",2021-06-16 23:00:00.06,"6","Summer","isco",5.1539628125,2.65,19.671,3.07,10.19,2.63961467911833,2.27023408759978,4.50807214255583,2.91495973808799,8.53409779861281,10.845588436577,5.32538769391981,5.25888793214061,10.4973022138346,5.25126186492506,5.16357012798656,367
"GRB","grblrwq",2021-05-25 12:18:00,"5","Spring","isco",5.16792015625,1.4,19.463,13.29,47.2,1.39106682654894,2.27330599705583,3.28752315865219,3.02379873125296,6.09041747347289,6.01724177615396,3.70728473047543,1.98202940743765,6.18960428008952,3.64473174018305,2.09279703784362,368
"ELK","elksmwq",2021-01-13 02:00:00,"1","Winter","isco",5.20857767857143,1.07,11.263,3.86,16.19,0.968779017885268,2.28223085566983,5.15823853753479,5.90407530292547,5.51389659112314,2.06512263627588,7.56190533245554,4.35822391996617,2.07792069783751,7.41766767720582,4.46408764701736,369
"NIW_isco","niwwswq",2021-06-29 02:00:00,"6","Summer","isco",5.22291,1.42,27.703,11.2,79.35,1.56407950584807,2.2853686792288,11.2835151684428,11.1880835528464,6.12627925894788,8.45407440369652,11.1273762094524,11.7499799130584,8.49028852934397,10.7962575165472,11.5141029849201,370
"OWC","owcwmwq",2021-03-03 00:00:00.045,"3","Spring","isco",5.23,1.5,2.4,35.62,117.47,1.23918513018731,2.28691932520585,5.08573080513084,5.08465517596577,6.27077911620631,6.17205639303125,9.8913673972347,10.8075416948951,5.9625586464607,9.37155841459795,10.5758360034566,371
"PDB","pdbbywq",2021-08-19 07:17:00,"8","Summer","isco",5.261627295,1.15,16.572,3.04,6.94,1.10471297868799,2.29382372797039,5.70354678828124,5.26465268381401,5.6510274408724,7.96892667191472,3.35277157112855,5.94016483673595,7.6979178290593,3.36798200406012,5.73088747215922,372
"GRB","grbapwq",2021-06-16 16:00:00.025,"6","Summer","isco",5.26305796875,1.98,18.912,6.64,8.19,1.95456900283862,2.29413556023832,3.64296210690526,2.47701016228434,7.17314949580094,9.50600491197064,4.4217452754458,4.58641612241196,9.1943676139112,4.33358109428028,4.48723857376407,373
"GRB","grbapwq",2021-06-16 21:00:00.05,"6","Summer","isco",5.3146146875,2.89,19.171,2.68,8.95,2.86163050699379,2.30534480880844,4.45198158932346,2.81108665741578,9.05034079756254,11.3469118881312,5.66950378372525,5.51095999222742,10.9380869432795,5.56756726144615,5.39294399940981,374
"PDB","pdbbywq",2021-05-13 02:14:00,"5","Spring","isco",5.38463649,1.16,12.363,0.89,7.75,1.06292469274952,2.3204819520953,3.37926545291262,3.06554381388328,5.66828722756888,5.65370943905699,3.36397964386164,3.37467184476118,5.70438807284259,3.32116364628519,3.38405188713004,375
"GTM","gtmpcwq",2021-07-22 07:30:00,"7","Summer","isco",5.41,2.95,30.115,13.33,170.18,3.35594182283216,2.3259406699226,3.29324558746918,6.32222847866836,9.18177015685649,11.4740124738305,3.48828212511171,6.71973389250219,11.9520401939526,3.79314572512991,6.77483111234564,376
"OWC","owcwmwq",2021-01-07 22:00:00,"1","Winter","isco",5.44,1.22,2.826,42.74,61.46,1.01213022745211,2.33238075793812,7.37733942654191,7.61901448578656,5.77239862331097,2.20251420087522,9.36011581340567,6.68555310955238,2.11599275586414,8.95057097130897,6.64833750173863,377
"GTM","gtmpcwq",2021-01-19 21:00:00.135,"1","Winter","isco",5.49,1.13,15.02,3.26,64.51,1.06648620376138,2.343074902772,1.73842602105627,0.503239195855371,5.61658682113132,2.11954834527241,1.7190871532729,0.882457862511049,2.16421782435102,1.55329448321069,0.847385827947637,378
"GTM","gtmpcwq",2021-01-19 10:59:59.99,"1","Winter","isco",5.53,1.38,14.746,13.2,62.16,1.29841910730312,2.35159520326097,2.28925142457485,0.791633510979902,6.05466095953374,2.35394177263733,1.92540450906008,0.991960918513562,2.37609631673761,1.73542729440982,0.946121620835966,379
"GRB","grblrwq",2021-06-23 06:41:00.035,"6","Summer","isco",5.57610125,1.84,23.166,8.79,31.88,1.91240598944696,2.36137698176297,5.49334339618256,4.57805138060988,6.90369447870304,9.23724119038716,4.24352886862543,4.45170807031967,9.11699435793025,4.27997677572843,4.4471621795788,380
"GTM","gtmpcwq",2021-09-28 15:59:59.965,"9","Fall","isco",5.65,3.94,30.643,9.45,116.92,4.51460182633063,2.37697286480094,8.21977821376519,7.71233346273924,11.4871417870957,14.045852917911,4.71079079798178,7.69853870573271,14.9872167843382,5.301558780802,8.01861421566575,381
"GRB","grbsqwq",2021-07-01 18:35:59.995,"7","Summer","isco",5.65386359375,1.97,23.79,3.64,7.13,2.06352606354922,2.37778543896416,7.12013649958296,4.60403890790166,7.15373164261963,9.48667968997199,4.40889396493966,4.57672753157379,9.39582855838601,4.47364953141827,4.59163594967206,382
"PDB","pdbbywq",2021-05-13 03:22:00,"5","Spring","isco",5.665603841,1.01,11.997,0.81,7.49,0.92178064305664,2.38025289433707,3.00883989172797,2.77065777963528,5.41215380493757,5.43225332750615,3.19782233009499,3.25109731900158,5.50177236146173,3.16545262957404,3.26829179920018,383
"NIW_isco","niwwswq",2021-06-29 03:00:00,"6","Summer","isco",5.667795,1.38,27.507,14.12,83.96,1.5161067569681,2.38071312845542,11.1609689914802,11.3265809968015,6.05466095953374,8.38129614066264,11.0459196907023,11.687998978596,8.40572458343325,10.6999072419684,11.4410127810883,384
"GRB","grbapwq",2021-06-17 03:00:00.08,"6","Summer","isco",5.688899375,2.59,18.354,5.26,10.09,2.54000259338828,2.38514137421663,3.72491152418811,2.48678652349563,8.4074056584319,10.7220272964992,5.24104190909383,5.19679189258921,10.3024808632376,5.11235080722469,5.06227659448337,385
"GRB","grbapwq",2021-06-16 22:00:00.055,"6","Summer","isco",5.7396015625,2.52,19.451,4.37,9.31,2.50356330829442,2.39574655639949,4.33570412568971,2.83586597003845,8.26079562527441,10.5787673262738,5.14348946359634,5.12481262293369,10.2316687688485,5.06200064921536,5.02547288070566,386
"ELK","elksmwq",2021-05-04 18:00:00,"5","Spring","isco",5.77693767913489,1.26,15.629,3.55,14,1.19740969558453,2.40352609287582,6.73882502063729,6.96581163407163,5.84233257815159,5.80380479510574,7.88482884528227,7.66794839083163,5.90085310237679,7.80404373887216,7.76629387408025,387
"GRB","grbsqwq",2021-07-02 04:35:59.995,"7","Summer","isco",5.8045459375,1.69,23.552,19.77,10.64,1.76497112877522,2.40926252980035,7.24081132327004,5.57174615335123,6.62071681443117,8.953556890245,4.05665054272206,4.30960612189307,8.84900737537819,4.09515694477727,4.30843713633583,388
"GTM","gtmpcwq",2021-01-19 23:59:59.725,"1","Winter","isco",5.84,1.46,14.924,3.07,68.04,1.37644653822225,2.41660919471891,1.78858738613566,0.575603286629914,6.19831864450541,2.43154326284979,1.9938948114292,1.02835412712415,2.4496009345405,1.79897010200125,0.980561408972953,389
"GTM","gtmpcwq",2021-01-19 22:00:00,"1","Winter","isco",5.86,1.55,14.937,3.36,65.99,1.46151019010904,2.42074368738204,1.89539557248943,0.613457094041819,6.36194685822158,2.52034920372791,2.07237715357602,1.07008016596083,2.53100960960081,1.86954463532511,1.01880829520225,390
"NIW_isco","niwwswq",2021-06-29 04:00:00,"6","Summer","isco",5.867295,1.42,27.312,17.86,89.44,1.55606533579383,2.42224998709877,11.1586048000456,11.5928313922627,6.12627925894788,8.45407440369652,11.1273762094524,11.7499799130584,8.47613210713439,10.780131509071,11.5018765836547,391
"GRB","grbsqwq",2021-07-02 06:35:59.995,"7","Summer","isco",5.8751871875,1.4,22.549,15.26,8.15,1.44401754244129,2.4238785422335,6.01679055539519,4.48965201986658,6.09041747347289,8.41764594500601,3.70728473047543,4.04141146993562,8.27944522249036,3.70692445241274,4.01404507992334,392
"GRB","grbsqwq",2021-07-02 07:35:59.995,"7","Summer","isco",5.87604171875,1.56,22.338,11.41,8.4,1.6048712524236,2.42405480935353,5.82195255022589,4.17879068089163,6.38025936027651,8.7112759362501,3.89809320747045,4.18831553920775,8.56252711779774,3.89908033026387,4.16028473651542,393
"GTM","gtmpcwq",2021-07-22 14:29:59.965,"7","Summer","isco",5.88,2.32,30.49,11.8,157.51,2.65278262181326,2.42487113059643,4.05539228768031,6.33272439810779,7.84901564492256,10.1747622940618,2.8057616339168,6.00084974114279,10.5231926394232,3.00056505848583,5.97674810480466,394
"GRB","grbsqwq",2021-07-02 02:35:59.995,"7","Summer","isco",5.90167765625,1.62,26.072,38.94,30.06,1.74684382470421,2.42933687582641,9.89663625615102,9.0628395986968,6.49068704816932,8.82268497969448,3.97088076060219,4.2440806805297,8.8163340056382,4.07271470419083,4.29153246065884,395
"LKS","lksbawq",2021-07-13 04:00:00,"7","Summer","isco",5.97,1.06,23.8,4.94,76.32,1.11046277002245,2.44335834457412,30.6817996685732,30.1782495902038,5.49687366538231,7.81039626238004,22.7605377830638,25.3000345052883,7.70759592742161,23.0122728855805,25.3473100301677,396
"WEL","welinwq",2021-03-25 17:00:00,"3","Spring","isco",5.98,1.09,6.526,3.18,8.24,0.93873962277804,2.4454038521275,1.97059928362178,2.05373042762558,5.54802139625669,5.5498126732366,5.39149806090013,4.39370823747924,5.52592372921868,5.2448582643186,4.39719372282546,397
"GTM","gtmpcwq",2021-07-23 02:29:59.905,"7","Summer","isco",6.01,2.63,30.78,16.64,161.5,3.01922191281411,2.45153013442625,4.51484136271842,6.98134306924741,8.49176181368333,10.8043227355373,3.13232854063921,6.34950527779121,11.2564659579743,3.40202773203347,6.38641663668257,398
"OWC","owcwmwq",2021-01-07 16:00:00,"1","Winter","isco",6.06,1.07,3.151,41.12,67.33,0.890559469962262,2.46170672501823,7.33073368507429,7.43069001940951,5.51389659112314,2.06512263627588,9.08154835213104,6.51115051669537,2.0101008481225,8.72914062144464,6.50811499332385,399
"GTM","gtmpcwq",2021-07-22 09:29:59.99,"7","Summer","isco",6.07,2.6,30.071,15.15,144.37,2.95600979938796,2.46373699895098,4.91747666673525,6.40216771678246,8.42845522041881,10.7425716608785,3.09993978070972,6.3153341641864,11.1282111008392,3.33097551584369,6.31477817566968,400
"OWC","owcwmwq",2021-03-02 22:00:00.04,"3","Spring","isco",6.07,1.69,3.155,40.26,118.1,1.40664058568634,2.46373699895098,6.31957992747889,6.24580826771075,6.62071681443117,6.4716214832575,10.2602102722903,11.0921198526051,6.21312506268411,9.68823970985523,10.8221584658314,401
"GRB","grbsqwq",2021-07-01 17:35:59.995,"7","Summer","isco",6.07144453125,2.14,24.291,4.73,8.34,2.2557533622961,2.46403014008555,7.69759983539159,5.03645965574289,7.48741437892068,9.81788271175172,4.62990980262247,4.74282678320017,9.75657941286209,4.72619721560204,4.77874613943292,402
"OWC","owcwmwq",2021-03-03 02:00:00.05,"3","Spring","isco",6.08,1.6,2.18,45.25,121.62,1.31893083242188,2.46576560118759,6.29583079631497,5.87529842896772,6.45377254733587,6.32883736858708,10.0846536073986,10.956858684902,6.08124031403324,9.52171223355582,10.6927861305739,403
"GRB","grblrwq",2021-06-22 22:24:59.98,"6","Summer","isco",6.101353125,2.41,23.592,11.65,32.01,2.51816948755169,2.47009172400541,6.40176868625746,5.29900172817165,8.03301390082481,10.3555912110113,4.99204432491677,5.01271651506377,10.260023485446,5.08215288661133,5.04020901211448,404
"GRB","grbapwq",2021-06-17 02:00:00.075,"6","Summer","isco",6.117304375,2.61,18.87,4.69,10.63,2.57520050202446,2.47331849445234,4.01088537089381,2.66560335077175,8.44953110028969,10.7631356888447,5.26908236014136,5.21744959575211,10.3711124629571,5.16122227021319,5.09795400683508,405
"GRB","grbsqwq",2021-07-02 08:35:59.995,"7","Summer","isco",6.11986796875,1.32,22.417,15.55,9.47,1.35928908986565,2.47383668999188,5.79719669070683,4.39595883713375,5.94802304693136,8.27271865371538,3.61367594544498,3.96894287580121,8.13224737119526,3.60766015753159,3.93806654274822,406
"GTM","gtmpcwq",2021-07-22 15:29:59.96,"7","Summer","isco",6.13,2.25,30.69,11.19,160.07,2.57979702157493,2.47588368062799,3.95393505231686,6.39748704435276,7.70737969183377,10.0352187417389,2.7345081706531,5.9234835464387,10.3800919314637,2.92361286176354,5.8967739098223,407
"GTM","gtmpcwq",2021-01-19 12:00:00,"1","Winter","isco",6.16,1.05,14.643,3.43,67.33,0.986783969893377,2.48193472919817,1.51534612807727,0.414989017452473,5.47987705752544,2.04713804197132,1.65553434793822,0.84876911528003,2.09369110885441,1.49303620418585,0.814711764578874,408
"GRB","grblrwq",2021-05-25 14:18:00,"5","Spring","isco",6.16316421875,1.66,19.222,24.45,41.68,1.64469796332355,2.48257209739214,4.08076065182509,3.74572258696332,6.56483186444375,6.42384980608629,4.01977984882899,2.15117641455969,6.57821111438303,3.9474072348998,2.26105817081944,409
"GRB","grblrwq",2021-06-22 20:20:59.985,"6","Summer","isco",6.23551453125,2.53,23.827,7.27,34.29,2.65134099038812,2.49710122567148,6.26161552769697,5.1421812669678,8.28166096207359,10.5991740455456,5.15736941931799,5.13506464322594,10.5203565912021,5.26773694141147,5.17556039153755,410
"OWC","owcwmwq",2021-01-07 08:00:00,"1","Winter","isco",6.28,1.14,2.187,28.43,39.81,0.939803069660123,2.50599281722833,5.43100499809293,5.77943464956585,5.63379397205988,2.12868811932558,9.21102282679797,6.59225155654899,2.05266604649542,8.81849929079132,6.5647336113803,411
"PDB","pdbbywq",2021-02-10 21:33:00,"2","Winter","isco",6.293211807,0.98,3.98,23.67,14.51,0.822438705716983,2.50862747473594,1.06011798665911,1.82161190213112,5.36163770327827,1.98481136488912,3.16509583862927,1.34054969011081,1.95195376642864,3.05809952977381,1.35244142057263,412
"GRB","grbsqwq",2021-07-02 05:35:59.995,"7","Summer","isco",6.295046875,1.58,22.872,23.42,7.96,1.63619571127435,2.50899319947265,6.83401409385752,5.3851539016434,6.41696331803827,8.74833362971775,3.9222809146199,4.20686294296084,8.61820769775831,3.93706536291205,4.18906764669235,413
"GRB","grbapwq",2021-06-17 01:00:00.07,"6","Summer","isco",6.33464015625,2.75,19.519,4.19,11.88,2.73427211601801,2.51687110441715,4.47047613244539,2.96880899480312,8.7473567962979,11.053096756983,5.46746021318568,5.36320086514432,10.6841242043775,5.38498895532315,5.26075515832948,414
"GTM","gtmpcwq",2021-09-28 12:59:59.98,"9","Fall","isco",6.35,3.46,28.012,8.95,154.05,3.82664204496859,2.51992063367083,4.29695725277475,6.07940218601216,10.3371727551929,12.9403688379055,4.0951672885215,7.1075045010855,13.4154924345083,4.37554816407594,7.16644565055411,415
"GRB","grbsqwq",2021-07-01 16:35:59.995,"7","Summer","isco",6.3577125,2.01,24.567,7.89,8.7,2.12611865496531,2.52145047542084,7.95066917878078,5.38787074808025,7.23156096264865,9.56409855948727,4.46041142280593,4.61554335995785,9.51254925623409,4.55512217331445,4.6521520548664,416
"ELK","elksmwq",2021-07-07 16:00:00,"7","Summer","isco",6.40534913579413,3.06,22.18,19.91,20.43,3.14190937937044,2.53087912311002,15.4666262841661,15.6477932305907,9.42518470437912,11.7088687596436,11.2790685174062,14.2805619376013,11.5074911757491,11.4866452496454,14.2053378732035,417
"GTM","gtmpcwq",2021-09-28 16:59:59.96,"9","Fall","isco",6.48,2.91,30.74,6.78,111.59,3.33882650532382,2.54558441227157,8.45308249209443,7.39721703961382,9.09404531245801,11.729365439136,3.44274057919686,6.45929442514556,12.3537621116274,3.77275213182193,6.59119384048398,418
"GRB","grblrwq",2021-06-23 08:45:00.055,"6","Summer","isco",6.49073453125,1.87,23.086,8.71,33.25,1.94165585208855,2.54769200086078,5.3902649155597,4.5417972193274,6.96100059442437,9.2945089672588,4.28140950509371,4.48040505264608,9.17063598681996,4.31712840709905,4.47494538865652,419
"ELK","elksmwq",2021-07-07 10:00:00,"7","Summer","isco",6.49785158069909,2.01,19.649,9.1,17.88,2.00159829312617,2.54908838228475,10.614983448946,11.0336159854834,7.23156096264865,9.56409855948727,9.22545372922375,12.5409955432507,9.28105667839076,9.24101903835476,12.3382720761717,420
"GRB","grblrwq",2021-06-23 00:28:59.975,"6","Summer","isco",6.54599421875,2.85,23.072,12.05,26.85,2.9586937864226,2.55851406459882,6.67208274602516,5.25639870656456,8.96324758237913,11.2625714360674,5.61140299647973,5.46853821533726,11.1336418649764,5.70875897750739,5.49479008412139,421
"GRB","grbsqwq",2021-07-02 01:35:59.995,"7","Summer","isco",6.55112140625,1.68,26.93,15.89,44.41,1.83180876770786,2.55951585387745,8.19392185930973,7.49235372249571,6.60206217988474,8.93480191226314,4.04434160878409,4.30021461203977,8.97000037152161,4.17843712483552,4.37105392337397,422
"OWC","owcwmwq",2021-03-03 04:00:00.055,"3","Spring","isco",6.59,1.43,1.612,37.1,119.73,1.1722307579201,2.56709953059869,4.75667354051475,4.62118182467401,6.14424962851132,6.0634796935559,9.75717985721672,10.7036293301178,5.86381688577737,9.24641108167874,10.4781414783916,423
"GTM","gtmpcwq",2021-09-28 17:59:59.955,"9","Fall","isco",6.66,4.05,30.502,8.96,118.91,4.63169518870376,2.58069758011279,7.88164225227073,7.59661458894588,11.7592165102523,14.3055738534908,4.85794019233792,7.83730827807675,15.2633983793201,5.46801403079876,8.16842279381704,424
"GTM","gtmpcwq",2021-07-22 13:29:59.97,"7","Summer","isco",6.71,2.01,30.401,11.74,150.52,2.29552234958922,2.59036676939772,4.44939937088239,6.2329548081365,7.23156096264865,9.56409855948727,2.49716796450533,5.66203885368288,9.83206182289233,2.63341760314956,5.59041410521076,425
"PDB","pdbbywq",2021-05-13 10:10:00,"5","Spring","isco",6.724371055,0.53,16.217,1.99,10.48,0.507060719266281,2.59313922784721,5.35376651184607,4.76244834026112,4.63231949306692,4.75332511376324,2.69439731814803,2.87114802447203,4.92762975515898,2.72956070379769,2.93981277232427,426
"GTM","gtmpcwq",2021-07-22 16:29:59.955,"7","Summer","isco",6.73,2.38,31.558,9.86,173.13,2.7617209250401,2.59422435421457,3.43232295816549,6.84579602244777,7.97144428790174,10.2951379330804,2.86756543397096,6.06756314502153,10.738607133878,3.11728341240442,6.09711963819579,427
"OWC","owcwmwq",2021-01-07 10:00:00,"1","Winter","isco",6.85,1.03,2.545,40.23,58.95,0.852127800842595,2.61725046566048,6.58491115334117,6.82888622869296,5.44596279546359,2.02923210201391,9.00797439612185,6.46503243713207,1.97719110876161,8.65971770289827,6.4640979333893,428
"GTM","gtmpcwq",2021-09-28 18:59:59.95,"9","Fall","isco",6.86,3.91,29.673,8.92,136.61,4.42145826985173,2.61916017074176,6.06222597484808,7.09893441527078,11.4134922654344,13.9754328708026,4.67105190042149,7.66090758633953,14.7693249225117,5.17098695962219,7.90043699016889,429
"GRB","grblrwq",2021-06-23 10:49:00.075,"6","Summer","isco",6.86046171875,2.09,23.088,7.22,34.23,2.1701398452714,2.61924831177764,5.41522855166039,4.53551062457769,7.38848286113683,9.71988015068353,4.56434406527201,4.69366673697682,9.59507015247415,4.6128620041664,4.69495015734602,430
"GRB","grblrwq",2021-06-22 16:13:00,"6","Summer","isco",6.90917,2.44,23.833,7.14,34.11,2.55721679833006,2.62853000743762,6.20140711157676,5.09514982486264,8.09482037470353,10.4162214612233,5.03312311287327,5.04316525078376,10.3360179824414,5.13622327680336,5.07970965720015,431
"GTM","gtmpcwq",2021-07-22 21:29:59.93,"7","Summer","isco",6.94,3.2,31.476,22.17,125.09,3.70901776536561,2.6343879744639,7.71433984841729,8.01009522563485,9.73959066728298,12.0112178874568,3.77969649418174,7.01627397021842,12.7037970465713,4.22611371547749,7.19442695536932,432
"GRB","grblrwq",2021-06-22 18:16:59.99,"6","Summer","isco",6.94591484375,3.05,23.936,7.36,33.84,3.20065277607618,2.63551035735965,6.7644943652649,5.44398241499318,9.40292451972998,11.6874198702721,5.90489935515243,5.68228616729084,11.6286633861991,6.06841775529178,5.75281917490312,433
"LKS","lksbawq",2021-05-06 20:00:00,"5","Spring","isco",6.95,2.91,11.984,7.23,164.43,2.65544667185464,2.63628526529281,14.0142108383605,19.3374760014415,9.09404531245801,8.56427120412651,28.4785440341814,23.4849362037885,8.24436745817969,27.7766727742971,23.3971819777446,434
"NIW_isco","niwwswq",2021-07-13 01:00:00.07,"7","Summer","isco",6.96654,2.32,29.281,11.16,75.21,2.60964024105726,2.63942039091919,13.438912536461,12.8891828583564,7.84901564492256,10.1747622940618,13.0392600497231,13.1878837855677,10.438486258108,13.0034787045991,13.164905746941,435
"GTM","gtmpcwq",2021-05-03 17:00:00,"5","Spring","isco",7.03,3.09,30.231,9.63,97.96,3.52076296639065,2.65141471671257,8.18544691647459,6.43183096962585,9.4921231656303,8.89779892163731,3.65003406848922,4.0862570316277,9.82006438824816,3.9923503749053,4.38886007101658,436
"OWC","owcwmwq",2021-01-07 18:00:00,"1","Winter","isco",7.05,1.1,2.969,41.1,63.31,0.913872962640194,2.65518360947035,7.17209242461778,7.34832227176315,5.56512327564941,2.09224700463361,9.13692519686089,6.54584664017271,2.0301969842944,8.77138914872245,6.53488948964854,437
"GTM","gtmpcwq",2021-07-22 20:29:59.935,"7","Summer","isco",7.07,3.44,31.644,28.27,134.3,3.99650049476473,2.65894716006167,8.05872409311595,8.75514940251315,10.2905732730617,12.5384972735679,4.07045144097475,7.30697601789868,13.332828395945,4.59592463099635,7.54538264590974,438
"GTM","gtmpcwq",2021-07-23 00:29:59.915,"7","Summer","isco",7.09,2.93,31.276,31.37,113.27,3.38668088096697,2.66270539113887,9.8383997595862,8.77055489591381,9.13785509888933,11.4315669575836,3.46547394687373,6.69628727892598,12.0165776041718,3.82991057601431,6.81086046217216,439
"OWC","owcwmwq",2021-03-03 06:00:00.06,"3","Spring","isco",7.13,1.61,0.799,37.26,104.57,1.30934894216252,2.67020598456374,4.37962045761308,4.45073368826631,6.47221663881062,6.34462361586999,10.1040850929366,10.9718467268481,6.06691822995904,9.50360733585513,10.6786999288006,440
"WEL","welinwq",2021-03-25 19:15:00,"3","Spring","isco",7.14,1.23,5.46,2.92,4.23,1.04780789274422,2.67207784317748,1.65935005399717,1.7543280893108,5.78984263519519,5.75856972062987,5.59214595312112,4.52754244055587,5.68251235542811,5.39899831494909,4.50065047933945,441
"GRB","grbapwq",2021-06-09 09:10:00,"6","Summer","isco",7.17037171875,1.59,22.635,5.73,13.55,1.64173287337578,2.6777549773551,5.59500625756534,3.96349329240238,6.43535477374509,8.76689197183176,3.93440282215505,4.21615201109521,8.62806901138026,3.94379905227338,4.19416586436961,442
"GRB","grbapwq",2021-06-16 14:00:00.015,"6","Summer","isco",7.17094140625,1.55,21.794,11.07,6.82,1.58398257830285,2.67786134933271,5.44284045372242,3.86139937475788,6.36194685822158,8.69277658489645,3.88602740785615,4.17905720358905,8.52549688703509,3.87385239494698,4.14114603644535,443
"ELK","elksmwq",2021-01-12 20:00:00,"1","Winter","isco",7.23722767857143,1.09,11.709,4.98,17.62,0.991675862661579,2.69020959751679,5.53933958650159,6.32536587600721,5.54802139625669,2.08318588492758,7.59557933628935,4.37714338076484,2.09798618302144,7.45592037830296,4.4858703209923,444
"ELK","elksmwq",2021-02-09 20:00:00,"2","Winter","isco",7.28584419464286,0.95,12.997,3.45,27.9,0.876588611657694,2.69923029670365,5.99527428858488,6.94930800818835,5.31135846257461,1.95839488565567,7.36143233123636,4.24556766561308,1.99810592313032,7.26464492231074,4.37691972306415,445
"GRB","grbsqwq",2021-07-01 10:36:00,"7","Summer","isco",7.3381446875,1.3,26.236,9.32,21.35,1.40475901891211,2.70890101101904,8.15845004515113,6.28665045398086,5.91268761913559,8.23668346676058,3.59046077559019,3.95092816898653,8.21107765651859,3.66076332688271,3.97875053126856,446
"GTM","gtmpcwq",2021-07-22 23:29:59.92,"7","Summer","isco",7.34,2.27,31.315,12.51,98.71,2.62522599672883,2.70924343682881,8.24895407998814,6.91808705481939,7.74771551758219,10.0749900101829,2.75477278981275,5.94553695263755,10.4690480654082,2.97139333619366,5.94648955197145,447
"GRB","grbsqwq",2021-07-02 03:35:59.995,"7","Summer","isco",7.39141046875,1.86,24.299,55.54,14.7,1.96080579862561,2.7187148560947,9.98074753272937,9.50528687170523,6.94187223796664,9.2754000447148,4.26876392363067,4.47082914769872,9.20584050171636,4.34153862215076,4.49318197722645,448
"LKS","lksbawq",2021-07-13 06:00:00,"7","Summer","isco",7.41,0.92,23.45,5.12,76.44,0.95959026563723,2.72213151776324,30.000500214012,29.5250849935927,5.26131608282661,7.56695924057635,22.3538765744055,24.982294433841,7.45565935816201,22.5710207554454,25.0068620805711,449
"GTM","gtmpcwq",2021-01-19 22:59:59.86,"1","Winter","isco",7.42,0.88,14.939,3,64.09,0.829779337183871,2.72396769437525,1.58059774868454,0.414940122355185,5.19496136020473,1.89744465964845,1.52445894766194,0.779357413941232,1.95817861642084,1.37782101774599,0.752226529045974,450
"OWC","owcwmwq",2021-01-07 20:00:00,"1","Winter","isco",7.42,1.16,2.902,39.11,62.93,0.963079496803043,2.72396769437525,7.02786053006656,7.22970444539647,5.66828722756888,2.14702665819227,9.2481838576082,6.61551547976848,2.07294095069036,8.86089565912892,6.59158140490565,451
"ELK","elksmwq",2021-06-08 06:00:00,"6","Summer","isco",7.42314380350717,2.08,17.345,4.47,19.25,2.01599163440079,2.72454469655155,8.15249466919493,8.76699249505008,7.36877551123194,9.70033862923025,9.35594637615254,12.6534528852483,9.30766921055521,9.26784345740324,12.3610193418013,452
"GRB","grblrwq",2021-06-22 14:09:00,"6","Summer","isco",7.42673109375,2.55,23.975,9.92,32.17,2.67726592255756,2.72520294542443,6.67705278175507,5.4434323452357,8.32347058932385,10.6400464748497,5.18518543868214,5.15559941632613,10.5714157580861,5.30425219211763,5.20211823195793,453
"ELK","elksmwq",2021-07-07 20:00:00,"7","Summer","isco",7.43149834477519,2.27,17.744,22.19,2.98,2.21036695827203,2.7260774649256,10.5889658640315,11.1987201204156,7.74771551758219,10.0749900101829,9.71476025568032,12.9612245525565,9.67079041471149,9.6339021080645,12.6702622593722,454
"ELK","elksmwq",2021-05-04 20:00:00,"5","Spring","isco",7.44048215437588,1.43,15.679,2.87,14.54,1.35973761845118,2.72772472115056,6.94584750301595,7.11291837333594,6.14424962851132,6.0634796935559,8.17948341731667,7.88250830581718,6.14242343181715,8.08432557276364,7.97106814214045,455
"GRB","grbapwq",2021-06-16 15:00:00.02,"6","Summer","isco",7.4423975,2.01,19.645,9.09,8.49,2.00150295193407,2.72807578707044,4.20684129965246,2.93692761468665,7.23156096264865,9.56409855948727,4.46041142280593,4.61554335995785,9.2808805245554,4.39364333781002,4.53206122526638,456
"OWC","owcwmwq",2021-01-08 08:00:00,"1","Winter","isco",7.46,1.08,2.304,36.09,60.9,0.891367904629407,2.73130005674953,6.15625562928184,6.3900374906162,5.53094583474793,2.07414442880834,9.09998859773404,6.52270564701592,2.01079604253237,8.73060395328616,6.50904252421698,457
"GTM","gtmpcwq",2021-05-03 16:00:00,"5","Spring","isco",7.47,3.34,30.126,12.14,99.7,3.80017739377047,2.73313007374329,8.31317290472771,6.62859140351027,10.0591549354433,9.37160104052176,3.94799436165793,4.31820579278394,10.3582756605725,4.34170008596582,4.65605552906754,458
"LKS","lksbawq",2021-07-13 08:00:00,"7","Summer","isco",7.49,0.95,22.62,7.23,76.54,0.980727931251936,2.7367864366808,29.1507916055988,28.6895584890289,5.31135846257461,7.61879986749518,22.4407096684104,25.0502125631721,7.49070422161944,22.6325841288621,25.0544211489042,459
"ELK","elksmwq",2021-06-08 22:00:00,"6","Summer","isco",7.5052432378909,3.34,16.451,2.15,8.38,3.20401709616333,2.73956990016515,9.62859066168435,9.22120030523478,10.0591549354433,12.3174210782799,11.8615234437932,14.7635209574916,11.6356223093592,11.6159615609565,14.3108046284035,460
"GRB","grbsqwq",2021-07-02 09:35:59.99,"7","Summer","isco",7.52186890625,1.48,22.517,18.85,11.01,1.52593053086075,2.74260257898406,6.11560264701012,4.77215452938598,6.23449624458794,8.56383170585092,3.80209048448392,4.11453569107113,8.423006976098,3.80417101580204,4.08818907692575,461
"GTM","gtmpcwq",2021-09-28 13:59:59.975,"9","Fall","isco",7.61,4.34,29.52,9.39,150.73,4.8975724467017,2.75862284482674,4.97570269323211,7.13598988035035,12.4917687894534,15.0016975639915,5.25672703609491,8.20909695213586,15.8998712955898,5.85552829294628,8.5137329792994,462
"GTM","gtmpcwq",2021-07-23 01:29:59.91,"7","Summer","isco",7.67,2.81,30.896,34.31,147.43,3.23100606772766,2.76947648482525,8.00633843430326,8.78977304788884,8.8765754533391,11.1785456013922,3.33019589922947,6.5564681079077,11.6915229386395,3.64554362675902,6.62937689836485,463
"GRB","grblrwq",2021-06-22 12:09:00,"6","Summer","isco",7.7802221875,2.9,24.035,12.16,31.43,3.0470292170521,2.78930496495095,7.18734379754546,5.8231328248551,9.07217989606829,11.3680461601141,5.68407573713734,5.52159104687969,11.3131186048052,5.83879148354696,5.58830631530726,464
"ELK","elksmwq",2021-06-08 12:00:00,"6","Summer","isco",7.79043567947729,1.29,17.715,4.38,15.37,1.25568758455336,2.79113519548539,7.65373593338309,8.25887736617493,5.89505938206365,8.21869536866335,7.93643395548948,11.4134258789938,7.95405569895104,7.90409970503155,11.1881077224203,465
"PDB","pdbbywq",2021-05-13 09:02:00,"5","Spring","isco",7.811120789,0.62,14.872,1.73,9.74,0.584175911561483,2.79483824022071,4.44687435979304,4.00676839189676,4.77391963790745,4.87717319435917,2.7855071945186,2.94059066502922,5.03199486771113,2.80816999377766,2.99957553759074,466
"ELK","elksmwq",2021-05-05 02:00:00,"5","Spring","isco",7.84891746835336,1.87,17.049,2.51,21.85,1.80625703680727,2.80159195250725,8.3685615464162,8.53586744859093,6.96100059442437,6.76196796418723,8.96721772348762,8.45158752916515,6.83191565411905,8.88081173688021,8.54809155251781,467
"GTM","gtmpcwq",2021-07-22 17:29:59.95,"7","Summer","isco",7.88,2.05,31.56,9.87,176.53,2.37885925520388,2.80713376952364,3.39634894429031,6.82795729090849,7.30981136882105,9.64183204639111,2.53597655991868,5.70520320226649,9.99118047584642,2.7169189826427,5.67937872540198,468
"NIW_isco","niwwswq",2021-07-13 00:00:00.065,"7","Summer","isco",7.92414,2.57,29.287,12.4,68.74,2.89108481340969,2.81498490226857,14.3011699495331,13.1163846677191,8.36538548810995,10.6809975585008,13.597223939648,13.6020275250267,10.9972458849322,13.6326619984784,13.6281533421932,469
"ELK","elksmwq",2021-07-07 12:00:00,"7","Summer","isco",7.93805935258801,2.14,20.756,10.71,19.22,2.15952375132585,2.81745618467937,11.9735921097166,12.3050355962766,7.48741437892068,9.81788271175172,9.46852661934821,12.7502444153787,9.57513690895888,9.53746657764495,12.5890038879927,470
"GRB","grbapwq",2021-06-16 10:00:00,"6","Summer","isco",7.94115890625,1.16,19.644,8.95,9.67,1.15508247609156,2.81800619343713,3.43832072572895,2.51653722894781,5.66828722756888,7.98663947979694,3.43004928231822,3.82597256853571,7.78290686513479,3.37395629327352,3.75793162348889,471
"GTM","gtmpcwq",2021-07-22 11:29:59.98,"7","Summer","isco",7.97,2.71,30.224,14.46,143.93,3.08749439298714,2.82311884269862,4.89887265079099,6.45138078415737,8.66173738261633,10.9698574657792,3.21952148329027,6.44107899096729,11.3958135465351,3.47961020902106,6.46424390543666,472
"GRB","grbapwq",2021-06-16 13:00:00.01,"6","Summer","isco",8.01635765625,1.72,21.495,18,7.03,1.75131034057037,2.83131730052462,5.6520116690598,4.26172761705328,6.67683862537424,9.00993980571129,4.09368956037765,4.33784211648433,8.82437901980739,4.07823868310942,4.29569463931365,473
"ELK","elksmwq",2021-02-09 16:00:00,"2","Winter","isco",8.10009079464286,1.41,13.717,6.67,30.81,1.31146146930814,2.84606584509966,7.28405270484299,8.34623282494343,6.1083352072684,2.38289485456611,8.14453763394369,4.68542758305303,2.38830474980593,8.00045344801095,4.795635803664,474
"GTM","gtmpcwq",2021-07-22 22:29:59.925,"7","Summer","isco",8.15,2.87,31.364,22.55,102.48,3.32136913400859,2.85482048472404,9.35040369200763,7.94325969281679,9.00674155420291,11.3047023349258,3.39749827552652,6.62619329832278,11.8796616135749,3.75200759669651,6.73442251975923,475
"GTM","gtmpcwq",2021-01-20 00:59:59.59,"1","Winter","isco",8.16,2.46,14.784,3.63,77.51,2.31556324678407,2.85657137141714,2.05268951000382,0.90292054911372,8.13615628004248,3.50774525914761,2.95101784856563,1.53858776297502,3.42211816114971,2.65337903270191,1.44336652810159,476
"GTM","gtmpcwq",2021-09-28 14:59:59.97,"9","Fall","isco",8.2,3.83,29.716,14.07,126.14,4.33351353640017,2.86356421265527,7.62269375400909,7.59857150162861,11.2182515278985,13.7885112763322,4.56590442309976,7.56100867818764,14.5650591655624,5.04919729294012,7.78966107795759,477
"GRB","grbsqwq",2021-07-01 15:35:59.995,"7","Summer","isco",8.20492421875,1.96,25.611,12.72,14.25,2.10097588278302,2.86442388950204,8.78168983947202,6.41438345323865,7.13434010732227,9.46737413156014,4.39606135707379,4.5670491849075,9.46557722163799,4.52230714069496,4.62779577650705,478
"ELK","elksmwq",2021-07-07 08:00:00,"7","Summer","isco",8.23290503817157,2.84,20.288,10.58,22.02,2.84981505303985,2.86930392920854,12.2395660178579,12.5644089835613,8.94154007329318,11.2415354820185,10.8317118131144,13.9067284307997,10.9144004557713,10.8881744079537,13.714555901589,479
"GTM","gtmpcwq",2021-07-22 10:29:59.985,"7","Summer","isco",8.24,2.59,30.026,14.23,141.51,2.94284002242871,2.87054001888146,4.93481456640305,6.2935331549111,8.4074056584319,10.7220272964992,3.08918093268045,6.30396428132858,11.1015826479502,3.31626669502087,6.29990369297455,480
"NIW_isco","niwwswq",2021-07-28 08:59:59.895,"7","Summer","isco",8.36304,2,29.049,18.74,98.89,2.24269090237721,2.89189211417024,12.3422203634062,13.5244551879856,7.21206415581545,9.54471434672828,12.3421230785563,12.6671224838261,9.73185003559655,12.2054693146132,12.5729504008369,481
"GTM","gtmpcwq",2021-05-03 13:00:00,"5","Spring","isco",8.4,4.29,28.82,11.48,106.36,4.79584467304844,2.89827534923789,6.95409981266945,6.03841088735364,12.3638875993121,11.2841315369603,5.1868485253061,5.25800286496384,12.3928820080236,5.70569399116606,5.67237248156166,482
"NIW_isco","niwwswq",2021-07-12 10:00:00,"7","Summer","isco",8.41092,2.46,28.822,12.95,62.33,2.75013830946024,2.90015861635187,14.4422127318567,12.7446194851992,8.13615628004248,10.4567399459652,13.3502797247793,13.419015478429,10.7155999909336,13.3157110722449,13.3951592335591,483
"ELK","elksmwq",2021-05-04 22:00:00,"5","Spring","isco",8.43635953994832,1.9,17.16,2.39,20.14,1.83759051935114,2.90454119267542,8.58962777045196,8.63842967924733,7.01854357110135,6.81097844732593,9.02224541686642,8.49111059942092,6.88167600511713,8.93810819095194,8.58933990368119,484
"OWC","owcwmwq",2021-06-06 20:00:00.035,"6","Summer","isco",8.47,2.11,20.206,12.22,19.71,2.11521079949614,2.91032644217105,21.5006167414947,18.0785042807605,7.42797651459848,9.75902218435045,11.0995052361933,16.2249328987261,9.4921567893052,11.086484268771,15.9519146747716,485
"GTM","gtmpcwq",2021-07-22 19:29:59.94,"7","Summer","isco",8.63,3.72,31.976,18.84,163.25,4.34182401520466,2.93768616431368,4.81325858411575,8.03289779841979,10.9525457326607,13.1679716485441,4.42328106769185,7.65358616399659,14.1085132593856,5.06064390845098,7.97799859036305,486
"GTM","gtmpcwq",2021-07-22 12:29:59.975,"7","Summer","isco",8.67,2.32,30.325,11.93,150.93,2.6468108388625,2.94448637286709,4.33748756951409,6.24125144777668,7.84901564492256,10.1747622940618,2.8057616339168,6.00084974114279,10.5114471420184,2.99423117429529,5.97018427100368,487
"ELK","elksmwq",2021-06-08 08:00:00,"6","Summer","isco",8.68884341692293,1.47,16.812,2.76,16.95,1.41601541335652,2.9476844161007,6.93077900879285,7.59492146417803,6.21639428560469,8.54548966319155,8.24959941574602,11.6903396275183,8.23065135280063,8.18265136766585,11.4305798080632,488
"GRB","grblrwq",2021-06-22 10:05:00,"6","Summer","isco",8.82132609375,2.9,24.078,9.39,32.78,3.04867640020633,2.9700717320883,6.95442761835059,5.61842958335701,9.07217989606829,11.3680461601141,5.68407573713734,5.52159104687969,11.3164789212858,5.84123009530741,5.59005759853301,489
"ELK","elksmwq",2021-07-07 22:00:00,"7","Summer","isco",8.84030964346942,2.92,18.934,33.27,11.3,2.88324451429993,2.97326582119215,13.1933702715982,14.3576471487047,9.11593704673169,11.4103736948403,10.9933396304556,14.0420942141925,10.9814830703771,10.9558565663456,13.7702874568376,490
"NIW_isco","niwwswq",2021-06-29,"6","Summer","isco",8.883735,2.01,27.525,17.92,78.39,2.20876479382514,2.98055951123275,12.3143702605618,12.038135123976,7.23156096264865,9.56409855948727,12.3636187179809,12.6832374898412,9.66776893958193,12.1329658361468,12.5189091248919,491
"NIW_isco","niwwswq",2021-07-13 02:00:00.075,"7","Summer","isco",8.90169,2.45,29.072,19.55,77.68,2.74814395400471,2.9835700092339,14.2636568980302,13.7892613842151,8.11547516843102,10.4364708718008,13.327942466542,13.4024394846788,10.7116409903417,13.3112530488614,13.3918768428769,492
"NIW_isco","niwwswq",2021-06-29 01:00:00,"6","Summer","isco",8.95755,2,27.719,13.08,74.42,2.20339325341267,2.992916637663,12.1381469421324,11.6370457661452,7.21206415581545,9.54471434672828,12.3421230785563,12.6671224838261,9.65764235297355,12.1215061242596,12.5103634113698,493
"ELK","elksmwq",2021-01-12 16:00:00,"1","Winter","isco",9.03139017857143,1.34,12.144,6.34,17.48,1.2249217357233,3.00522714259196,6.29468132858142,7.05331243887203,5.98346374626297,2.31561295361395,8.02281652530713,4.61709404876191,2.30788323584494,7.85119910920743,4.71078710817233,494
"NIW_isco","niwwswq",2021-06-28 20:00:00,"6","Summer","isco",9.07725,1.89,27.758,18.92,91.25,2.08327705169319,3.01284749033203,11.730368558777,12.3165920496701,6.99933626099173,9.33278580310715,12.1069054191444,12.490533533005,9.43258177250321,11.8666629735427,12.3200297622448,495
"ELK","elksmwq",2021-02-09 18:00:00,"2","Winter","isco",9.12670880297619,1.84,13.335,4.53,30.23,1.70416975210524,3.02104432323926,7.41808677288607,8.38131690667502,6.90369447870304,2.81733631620958,8.91235835387135,5.11620320705414,2.77055532740316,8.69541274890867,5.19018625984558,496
"NIW_isco","niwwswq",2021-07-13 07:00:00.1,"7","Summer","isco",9.2568,2.53,28.942,16.06,83.22,2.8329391470104,3.04249897288397,13.1828268131658,13.2570604816432,8.28166096207359,10.5991740455456,13.5071642063682,13.5353342714937,10.880613783238,13.501456241524,13.5317911917263,497
"ELK","elksmwq",2021-05-04 08:00:00,"5","Spring","isco",9.32042799262147,1.3,16.435,2.69,21.29,1.24684366565366,3.05293760051225,7.13875491129561,7.51725496912327,5.91268761913559,5.86439351795523,7.95367306417245,7.71816672824138,5.97390570793252,7.88887476400207,7.82837192047161,498
"NIW_isco","niwwswq",2021-07-27 19:59:59.96,"7","Summer","isco",9.41241,2.07,29.338,16.74,99.49,2.33021568960192,3.06796512366096,12.2446083904025,13.5651607399158,7.34909447921101,9.68081677136375,12.4929853099744,12.7801426535415,9.89814809167334,12.3935158942335,12.712907076559,499
"OWC","owcwmwq",2021-01-07 06:00:00,"1","Winter","isco",9.49,1.16,2.317,29.68,43.07,0.957518015839496,3.08058436014987,5.65732773656046,6.00211488708872,5.66828722756888,2.14702665819227,9.2481838576082,6.61551547976848,2.06808756989502,8.85075657032393,6.58516162919083,500
"NIW_isco","niwwswq",2021-07-12 18:00:00.035,"7","Summer","isco",9.64383,2.26,29.273,15.73,82.15,2.54187600538916,3.10545165797183,13.4660871686259,13.4326228047874,7.727534445766,10.0550945441675,12.9070880616873,13.0894419960836,10.3061280458702,12.8542087065394,13.054564746772,501
"NIW_isco","niwwswq",2021-06-28 19:00:00,"6","Summer","isco",9.70368,1.81,27.851,22.8,88.44,1.9975447835386,3.11507303285172,12.5590907507672,12.8372770332,6.84662522393737,9.18015038579659,11.9372594311426,12.3628837621989,9.27356882782887,11.6864259436607,12.1850724868896,502
"NIW_isco","niwwswq",2021-07-13 03:00:00.08,"7","Summer","isco",9.70368,2.52,28.999,24.95,77.71,2.8238971395342,3.11507303285172,15.0148325766365,14.4415696307745,8.26079562527441,10.5787673262738,13.4846960296489,13.5186865685403,10.8625326396299,13.4811099431978,13.5168370035114,503
"ELK","elksmwq",2021-07-07 18:00:00,"7","Summer","isco",9.71116346115614,2.8,19.914,28.72,8.87,2.79712330677733,3.11627397081132,13.895262610819,14.4972737462353,8.854973215789,11.1575883016904,10.7513467678105,13.8392913992287,10.8090816533351,10.7819191008412,13.6269408840076,504
"ELK","elksmwq",2021-06-09 06:00:00,"6","Summer","isco",9.74563933257462,2.78,18.025,5.01,20.5,2.71585581428804,3.12180065548308,9.65747725382757,10.0573773840797,8.81184769434068,11.1157326930471,10.7112764610003,13.8056343484746,10.6476474992304,10.619060950242,13.4923609996529,505
"LKS","lksbawq",2021-07-13 10:00:00,"7","Summer","isco",9.81,2.14,22.95,6.11,75.78,2.21825591078137,3.13209195267317,30.8506070683549,30.3904687882963,7.48741437892068,9.81788271175172,26.0208515297482,27.8186608037371,9.68567484484393,26.3830279678185,27.9175757875515,506
"ELK","elksmwq",2021-06-08 20:00:00,"6","Summer","isco",9.82886341674442,2.55,16.044,2.11,5.28,2.4348125151932,3.13510181919893,8.25381058023578,8.08368364301183,8.32347058932385,10.6400464748497,10.2558449417636,13.421523464221,10.0987310484794,10.0654107024328,13.0320985611541,507
"OWC","owcwmwq",2021-05-10 08:00:00.065,"5","Spring","isco",9.91,2.02,9.462,87.42,47.96,1.79392804010464,3.14801524773944,16.9074731369364,17.8069548401666,7.2510840873658,7.00879010269142,10.9168789732751,11.5951766786376,6.81238561328544,10.4408118094576,11.4027107785421,508
"NIW_isco","niwwswq",2021-07-12 11:00:00,"7","Summer","isco",9.91116,2.9,28.803,11.38,60.02,3.24120965596243,3.1481994854202,14.6640218908355,12.6719914039814,9.07217989606829,11.3680461601141,14.3516347010987,14.1585009336133,11.7126919118906,14.4361312350133,14.215626771501,509
"OWC","owcwmwq",2021-01-07 04:00:00,"1","Winter","isco",9.95,0.79,1.945,14.61,21.95,0.649716956114091,3.1543620591175,3.97081611519476,4.06428917620883,5.04720283051725,1.82049586160202,8.57281474720147,6.19176600150813,1.80834567906034,8.29865699474768,6.23473494189352,510
"NIW_isco","niwwswq",2021-06-29 05:00:00,"6","Summer","isco",10.09271,1.92,27.324,31.89,81.95,2.10430657784199,3.17690257955764,13.849885583233,13.5138704306816,7.05703714497248,9.39034853378058,12.1708312582097,12.5385712258935,9.47179298650851,11.9110845129192,12.3532473569589,511
"ELK","elksmwq",2021-09-14 08:00:00,"9","Fall","isco",10.1306310539875,2.29,19.638,5.7,22.97,2.28012921897808,3.18286522711653,13.3090415228428,12.5998054479588,7.78815661486645,10.4355541643396,9.7529228931818,12.6951010826595,10.2000628652167,9.76701129496223,12.5567314937967,512
"ELK","elksmwq",2021-07-07 06:00:00,"7","Summer","isco",10.1455594410289,4,21.269,15.54,25.31,4.06163768066592,3.18520948149866,15.0327177116936,15.1871370609167,11.6351514132853,13.8128622755601,13.2924685032885,15.9337017827288,13.4774649515757,13.4756473866961,15.8070346760863,513
"NIW_isco","niwwswq",2021-07-28 07:59:59.9,"7","Summer","isco",10.21839,2.11,29.057,26.64,96.06,2.36629275446629,3.1966216541843,13.8533380065428,14.5776688944793,7.42797651459848,9.75902218435045,12.5796037574423,12.8449509794463,9.9671049504883,12.4714456852964,12.7708216388788,514
"NIW_isco","niwwswq",2021-06-28 22:00:00,"6","Summer","isco",10.22039,2.04,27.615,23.23,88.73,2.24438589716004,3.19693446914384,12.4512374799788,12.7689515459201,7.290209290452,9.62236917928498,12.4282178520964,12.7316439729179,9.73505716674422,12.2090973526065,12.5756534296803,515
"NIW_isco","niwwswq",2021-06-29 08:00:00,"6","Summer","isco",10.35206,1.81,27.534,23.54,90.4,1.98922247034889,3.21746173248416,12.244792259624,12.6332367510814,6.84662522393737,9.18015038579659,11.9372594311426,12.3628837621989,9.25820489539912,11.669003185738,12.1720113175532,516
"ELK","elksmwq",2021-05-05,"5","Spring","isco",10.3613850904526,2.57,18.068,2.71,23.87,2.51196314471945,3.21891054402768,10.1423352611664,10.0545028061291,8.36538548810995,7.95165701510233,10.2950549271209,9.39781508488726,7.99640121963332,10.2159201149232,9.50116728756876,517
"NIW_isco","niwwswq",2021-07-12 23:00:00.06,"7","Summer","isco",10.40991,3.15,29.389,13.45,65.64,3.54841660341049,3.22643921374632,15.0921844630662,13.4957528755016,9.62671067099961,11.9027936253922,14.9367174194325,14.5874987223161,12.3590082666259,15.1600592852223,14.7412986437094,518
"ELK","elksmwq",2021-05-04 16:00:00,"5","Spring","isco",10.489126561988,1.4,17.174,4.34,18.39,1.35423334746824,3.238692106698,8.14818319062661,8.33588896816395,6.09041747347289,6.01724177615396,8.12709279621762,7.84442966379823,6.13415280756259,8.07474068856861,7.96408094113906,519
"NIW_isco","niwwswq",2021-06-28 18:00:00,"6","Summer","isco",10.49969,1.88,27.934,22.69,87.01,2.07707315823735,3.24032251481238,12.7379606902437,12.9294592966505,6.98015526876607,9.31363755338958,12.0856342114032,12.4745414570526,9.42102965859709,11.8535740847349,12.3102388249056,520
"NIW_isco","niwwswq",2021-07-13 05:00:00.09,"7","Summer","isco",10.53759,2.57,28.969,30.97,77.54,2.87876950733581,3.24616543016526,15.934914185293,15.2276772414891,8.36538548810995,10.6809975585008,13.597223939648,13.6020275250267,10.9724911975111,13.6048195400936,13.6077152116301,521
"ELK","elksmwq",2021-06-09 02:00:00,"6","Summer","isco",10.5515446251153,4.12,18.395,4.21,16.31,4.04241120400867,3.24831412045007,12.1926270291821,11.6673303045632,11.9340129971323,14.0939632336813,13.5613931679396,16.1512562052175,13.4346915593826,13.4324437841689,15.7726765797343,522
"NIW_isco","niwwswq",2021-07-13 09:00:00.11,"7","Summer","isco",10.60143,2.24,28.984,19,81.99,2.50962632441954,3.25598372231803,13.6777378662193,13.5724416104746,7.6872512557855,10.015362602897,12.8631803534643,13.0567100196307,10.2434340314979,12.7834722451382,13.002215437783,523
"LKS","lksbawq",2021-05-06 22:00:00,"5","Spring","isco",10.61,3.7,11.717,7.91,163.54,3.36653218833469,3.25729949498047,14.5918803819778,20.8386752480968,10.9045777205634,10.0754667100059,31.1153183769783,25.249809958737,9.52913329933995,30.1200311784275,24.969583045976,524
"ELK","elksmwq",2021-06-08 18:00:00,"6","Summer","isco",10.6354247549937,2.24,17.583,2.79,10.41,2.1770735489982,3.26119989497634,8.96186524915181,8.93665168939484,7.6872512557855,10.015362602897,9.65765656923022,12.912383166014,9.60810036804836,9.57069887750486,12.6170226935234,525
"NIW_isco","niwwswq",2021-07-28 09:59:59.89,"7","Summer","isco",10.70118,1.95,28.993,16.75,107.15,2.18498281728104,3.27126581004968,11.3607902098302,13.2086857221454,7.11497488990888,9.44808823673507,12.2349254210376,12.5867011163291,9.62297471585637,12.0822701491208,12.4810959410915,526
"NIW_isco","niwwswq",2021-07-27 13:00:00,"7","Summer","isco",10.75305,2.09,29.122,14.34,89.89,2.34590844212111,3.27918434980408,12.4400558164683,13.0722691302205,7.38848286113683,9.71988015068353,12.5362571284278,12.8125263281501,9.92811343743046,12.4273836746235,12.7380825000231,527
"NIW_isco","niwwswq",2021-07-13 06:00:00.095,"7","Summer","isco",10.85679,2.45,28.919,26.05,79.2,2.74251539289616,3.29496433971599,14.9593001888302,14.4867479884306,8.11547516843102,10.4364708718008,13.327942466542,13.4024394846788,10.7004716633201,13.2986754372838,13.382615299287,528
"NIW_isco","niwwswq",2021-06-29 07:00:00,"6","Summer","isco",10.92063,1.78,27.488,27.6,87.59,1.95506995686325,3.30463765033324,12.9772276272839,13.0714881022082,6.78979283012734,9.12323655348708,11.8739507792066,12.3151841269828,9.19528887887379,11.5976410257507,12.1184851709974,529
"GTM","gtmpcwq",2021-07-22 18:29:59.945,"7","Summer","isco",10.94,3.86,32.529,14.01,174.15,4.5402704742864,3.30756708170825,3.65378810619175,7.89497941930183,11.2912694203448,13.4884899305471,4.60519445729329,7.82990302358188,14.5641973784119,5.33782811769474,8.23206529544932,530
"NIW_isco","niwwswq",2021-07-13 04:00:00.085,"7","Summer","isco",10.94856,2.45,28.883,37.05,75.11,2.74119437467172,3.30886083116229,16.9211718620765,15.9236154622517,8.11547516843102,10.4364708718008,13.327942466542,13.4024394846788,10.6978510765085,13.2957243445517,13.3804420875269,531
"NIW_isco","niwwswq",2021-07-27 12:00:00,"7","Summer","isco",10.95654,1.87,29.182,14.02,102.77,2.10066253778035,3.3100664645895,11.4095055716037,13.0245746169618,6.96100059442437,9.2945089672588,12.0643817063023,12.4585596252721,9.46499256014438,11.9033811118564,12.3474881397589,532
"LKS","lksbawq",2021-07-12 14:00:00,"7","Summer","isco",11,1.05,23.69,6.7,76.25,1.09847292300787,3.3166247903554,30.8777254488289,30.3249094000061,5.47987705752544,7.79288009036567,22.7313689867121,25.2772721987819,7.68742139325958,22.9770503131684,25.3201704168526,533
"NIW_isco","niwwswq",2021-07-13 08:00:00.105,"7","Summer","isco",11.15604,2.44,28.851,18.71,82.25,2.72883744414759,3.34006586761399,13.543449866974,13.4795152704791,8.09482037470353,10.4162214612233,13.305623910945,13.3858737351004,10.6733533992147,13.2681353999451,13.3601222031458,534
"LKS","lksbawq",2021-07-13 02:00:00,"7","Summer","isco",11.34,1.21,24.01,4.57,76.58,1.2709474373122,3.36749164809655,31.0642778508831,30.5890188669182,5.75498092931072,8.07549847300985,23.2003140451733,25.6426984035113,7.98017825489989,23.4863257634342,25.7119745536889,535
"NIW_isco","niwwswq",2021-07-28 01:59:59.93,"7","Summer","isco",11.42736,1.98,29.34,11.15,81.19,2.22896197649473,3.38043784146374,12.8717609787071,12.8497403658477,7.17314949580094,9.50600491197064,12.299187907628,12.6349232043116,9.70589275121547,12.176103213513,12.5510674219786,536
"NIW_isco","niwwswq",2021-07-28 10:59:59.885,"7","Summer","isco",11.47923,1.98,29.041,21.77,96.51,2.22002583219861,3.38810123815685,12.9925472301985,13.8927484197806,7.17314949580094,9.50600491197064,12.299187907628,12.6349232043116,9.68901580462423,12.1570078508812,12.5368340533159,537
"ELK","elksmwq",2021-06-08 14:00:00,"6","Summer","isco",11.5413301576798,1.76,20.307,4.06,16.73,1.76648532727074,3.39725332550869,10.6861613532644,10.7926608110321,6.75203615700713,9.08539231654801,8.76688961773371,12.1434598477303,8.8517393614394,8.80835046849388,11.9696651226284,538
"LKS","lksbawq",2021-05-06 18:00:00,"5","Spring","isco",11.58,3.37,12.116,7.21,164.3,3.07964411386395,3.40293990543471,14.421114053529,20.4244575284126,10.1283040989472,9.42928316543289,29.9996856893043,24.5048088865327,8.99960287462122,29.1631826936895,24.3290432539741,539
"ELK","elksmwq",2021-07-07 14:00:00,"7","Summer","isco",11.6859547646943,2.28,22.071,11.4,21.13,2.33790149736297,3.41847257773034,13.5211308061305,13.7065176460534,7.76792290728234,10.0949051397851,9.73383222311092,12.9775255030811,9.91281849982468,9.87793442926925,12.8752401032602,540
"ELK","elksmwq",2021-06-08 16:00:00,"6","Summer","isco",11.8001870501089,2.5,20.528,4.21,15.77,2.51588577212887,3.4351400335516,11.9982674769991,11.6755130583531,8.21914390532792,10.5380128784904,10.1581472745754,13.3387381901114,10.255587561549,10.2236024169237,13.164051891539,541
"NIW_isco","niwwswq",2021-07-12 22:00:00.055,"7","Summer","isco",11.88222,3.17,29.457,13.74,75.64,3.57422037662923,3.44705961654277,14.2113147926786,13.5955013254989,9.67178371586107,11.9461043394577,14.9840290081868,14.6220951380534,12.4140856054484,15.2216716959155,14.7858867978164,542
"NIW_isco","niwwswq",2021-06-29 09:00:00,"6","Summer","isco",11.88621,1.84,27.679,16.37,93.04,2.02605407522296,3.44763832209819,11.1512173018723,11.9236827349807,6.90369447870304,9.23724119038716,12.0007364068412,12.410675594962,9.32629676365802,11.7462086519631,12.229868509921,543
"LKS","lksbawq",2021-05-07 04:00:00,"5","Spring","isco",12.04,2.87,10.737,7.12,167.54,2.5837855143745,3.46987031457949,12.8990757998585,17.9718393627699,9.00674155420291,8.49101913138712,28.3481411108076,23.3972760398695,8.12005036650966,27.5457788349457,23.2415560388488,544
"NIW_isco","niwwswq",2021-07-27 22:59:59.945,"7","Summer","isco",12.09768,2.25,29.361,18.74,90.2,2.53362761727348,3.4781719336456,13.3410187519704,13.8914886096345,7.70737969183377,10.0352187417389,12.8851248562557,13.0730708857712,10.2900748127934,12.8360981140713,13.0411655373129,545
"GRB","grbsqwq",2021-07-01 11:36:00,"7","Summer","isco",12.15399796875,1.87,27.347,15.05,31.55,2.05012494297568,3.48625844835835,9.40228683535468,7.78020104533166,6.96100059442437,9.2945089672588,4.28140950509371,4.48040505264608,9.37093221564493,4.45630173145308,4.57873089832196,546
"ELK","elksmwq",2021-01-12 18:00:00,"1","Winter","isco",12.2237839285714,1.44,12.081,9.17,18.53,1.3154278755985,3.49625284105304,6.50111389338899,7.38927311369703,6.16224631595872,2.41202490877596,8.19698436296359,4.71486704604189,2.39202374752709,8.00732795744576,4.79954285481526,547
"GND","gndblwq",2021-07-13 02:00:00.035,"7","Summer","isco",12.27,2.41,27.239,14.38,107.94,2.63840380132325,3.5028559776274,13.5339738657001,14.7648214161876,8.03301390082481,10.3555912110113,15.6582443743411,15.9350757709113,10.4949230221717,15.4087490685502,15.7565026288919,548
"ELK","elksmwq",2021-07-08,"7","Summer","isco",12.2824877553934,4.33,21.08,9.1,17.42,4.38665532750237,3.50463803486087,15.49176133535,14.4952422305728,12.4661399156572,14.5927033432145,14.0384917959367,16.5355260501335,14.2108242203112,14.2164888120307,16.3935047830275,549
"NIW_isco","niwwswq",2021-07-28 05:59:59.91,"7","Summer","isco",12.2892,2,29.041,35.19,89.62,2.24245033555415,3.5055955271537,15.6814147604773,15.6563866467779,7.21206415581545,9.54471434672828,12.3421230785563,12.6671224838261,9.73139489745383,12.2049544389744,12.5725667895345,550
"LKS","lksbawq",2021-07-12 22:00:00,"7","Summer","isco",12.31,1.34,24.27,5.49,74.17,1.41210726956757,3.50856095856977,32.0868665181839,31.291645505746,5.98346374626297,8.30883249501732,23.5848573528662,25.9415382212557,8.22385285750579,23.907290508465,26.0348807479223,551
"GND","gndblwq",2021-07-13 00:00:00.03,"7","Summer","isco",12.35,2.55,28.31,14.71,113.24,2.83137240722848,3.51425667816112,14.1119780742244,15.8952648113687,8.32347058932385,10.6400464748497,15.9988948841876,16.1890435882531,10.8774797242573,15.8762923846111,16.1028597795027,552
"NIW_isco","niwwswq",2021-06-28 23:00:00,"6","Summer","isco",12.4488,2.41,27.545,20.72,81.77,2.64901620471812,3.5282857027174,12.6340076005258,12.559270920211,8.03301390082481,10.3555912110113,13.2387804599957,13.3362379513967,10.5157839636859,13.0906112938516,13.2292352229875,553
"LKS","lksbawq",2021-05-07 06:00:00,"5","Spring","isco",12.52,2.45,10.31,7.6,168.13,2.19557722711877,3.53836120259083,12.3886468066695,16.7376363074439,8.11547516843102,7.74086739245837,26.9969771658951,22.4867401887683,7.46300640386168,26.3117130587756,22.4075138495328,554
"ELK","elksmwq",2021-09-14 18:00:00,"9","Fall","isco",12.5544387846175,2.93,18.121,6.69,10.92,2.8656087056703,3.54322434861491,13.5898612890799,12.128574013245,9.13785509888933,11.7723597562643,11.0136272695045,13.7482517404455,11.3656223439397,10.9201245146309,13.5070820376375,555
"GND","gndblwq",2021-07-13 06:00:00.045,"7","Summer","isco",12.74,2.33,28.172,12.98,99.32,2.58236522443469,3.56931365951495,14.8803656761205,15.4385910013419,7.86935462404252,10.1947757415979,15.4652327724879,15.7908527909854,10.3851107013659,15.2742825562553,15.6566251630488,556
"NIW_isco","niwwswq",2021-07-28 00:59:59.935,"7","Summer","isco",12.82386,2.45,29.535,12.56,80.77,2.76531841108596,3.5810417478717,13.4225276673551,13.3241119018505,8.11547516843102,10.4364708718008,13.327942466542,13.4024394846788,10.7457580264014,13.3496679243361,13.4201564392543,557
"LKS","lksbawq",2021-07-12 20:00:00,"7","Summer","isco",12.87,0.85,24.49,4.53,75.08,0.898230014318266,3.58747822293042,31.6367714462035,30.9473201512873,5.14547165601992,7.44668600330324,22.151920614137,24.8241773447514,7.35439356401905,22.3927842100693,24.8690594345199,558
"NIW_isco","niwwswq",2021-07-27 18:59:59.965,"7","Summer","isco",12.8877,2.13,29.367,23.95,95.57,2.39869461824437,3.58994428926132,13.743775615292,14.5325578793982,7.46757543959599,9.79824287236451,12.623025197018,12.87741660743,10.0292411470778,12.5416448902845,12.822948584127,559
"NIW_isco","niwwswq",2021-07-12 19:00:00.04,"7","Summer","isco",12.91563,2.65,29.312,17.05,82.27,2.98208260199524,3.59383221645085,13.7925289917315,13.7472248997692,8.53409779861281,10.845588436577,13.7782411329412,13.7359057523433,11.1810227362382,13.8392719978837,13.779646018504,560
"GRB","grbsqwq",2021-07-01 14:35:59.995,"7","Summer","isco",12.9205125,2.29,27.142,27.99,25.08,2.50385128456646,3.59451144107235,10.9200919678042,9.06503373395284,7.78815661486645,10.1148399329741,4.82941241071615,4.89184354765408,10.2322274329217,5.06239758501211,5.02576321064105,561
"LKS","lksbawq",2021-07-13,"7","Summer","isco",12.97,1.22,24.17,4.29,75.54,1.28403173962862,3.60138862107382,31.3878118136218,30.7895109188867,5.77239862331097,8.09332926241279,23.2297820837695,25.665624616768,8.00261070041584,23.5251883411876,25.7418204504825,562
"NIW_isco","niwwswq",2021-07-28 06:59:59.905,"7","Summer","isco",12.97548,2.27,29.104,40.63,92.1,2.54733293423049,3.60214935836925,16.5847282529648,16.5680222478049,7.74771551758219,10.0749900101829,12.9290699697592,13.1058233505679,10.3167553435395,12.8661972422102,13.0634331126118,563
"NIW_isco","niwwswq",2021-06-29 10:00:00,"6","Summer","isco",13.03334,1.97,27.82,18.5,90.43,2.1732341889413,3.61017174106718,11.8025992861503,12.3542511218774,7.15373164261963,9.48667968997199,12.2777483761242,12.6188389308122,9.60088412896065,12.0572649389286,12.4624368067554,564
"ELK","elksmwq",2021-06-09,"6","Summer","isco",13.0374892564262,4.56,18.333,2.45,14.69,4.47087257107186,3.61074635725443,12.8403314633444,11.8944016855761,13.0622624376117,15.1488922857119,14.5704919244876,16.9615765741142,14.4040184297874,14.411686326506,16.5472111057589,565
"NIW_isco","niwwswq",2021-07-12 13:00:00,"7","Summer","isco",13.11114,2.67,29.175,13.48,62.33,2.9990596774122,3.62093081955455,14.9816984419041,13.18132596522,8.57653905507814,10.8869327919639,13.8236824576673,13.7694777508914,11.2154777722117,13.8779903522062,13.808002055499,566
"ELK","elksmwq",2021-06-09 04:00:00,"6","Summer","isco",13.2031876582417,4.49,18.465,5.32,20.48,4.40906463452789,3.6336190854631,12.5519513855745,12.260439005428,12.8793600424716,14.9785162293092,14.4075314940293,16.8313353497115,14.26210376869,14.268298823906,16.4343343586851,567
"LKS","lksbawq",2021-05-06 14:00:00,"5","Spring","isco",13.21,3.16,11.856,6.46,164.76,2.87955563049764,3.63455636907725,13.8827892871219,19.6057039455182,9.64923403448836,9.02922470895747,29.3003420123699,24.036525740593,8.63924467362218,28.5049764228179,23.887228998545,568
"NIW_isco","niwwswq",2021-07-12 12:00:00,"7","Summer","isco",13.24281,3.79,29.147,11.26,62.85,4.25549166651577,3.63906718816787,15.1456956480671,13.199995413699,11.1212627883457,13.3277490316694,16.4877942978898,15.7149084629445,13.9125327202806,16.893560135245,15.9874593846991,569
"NIW_isco","niwwswq",2021-06-29 06:00:00,"6","Summer","isco",13.31264,1.98,27.381,41.54,81.05,2.17168857982984,3.64864906506504,15.461961618837,14.8356725213459,7.17314949580094,9.50600491197064,12.299187907628,12.6349232043116,9.59797985681235,12.05397726746,12.4599831141818,570
"LKS","lksbawq",2021-05-07 02:00:00,"5","Spring","isco",13.34,2.98,11.26,7.15,165.43,2.69800719759778,3.65239647354993,13.4644393151925,18.7319177368544,9.24784012793694,8.69321937951169,28.7074692017364,23.6387358912645,8.31864807010174,27.9142599164753,23.4898561138907,571
"NIW_isco","niwwswq",2021-06-28 21:00:00,"6","Summer","isco",13.46625,2.5,27.667,28.91,84.15,2.75235594992281,3.66963894681752,13.8177664928016,13.725582789328,8.21914390532792,10.5380128784904,13.4398157841313,13.4854218951489,10.7200030941298,13.3206690855633,13.3988095879959,572
"OWC","owcwmwq",2021-06-06 06:00:00,"6","Summer","isco",13.54,3.82,19.632,32.92,44.48,3.8032626144624,3.67967389859482,24.31176555386,22.9892418882506,11.1939648661844,13.3965200068105,14.8572378655787,19.4924556858178,12.9083364171852,14.7971602623724,19.1280143383173,573
"ELK","elksmwq",2021-08-03 08:00:00,"8","Summer","isco",13.5415465795962,2.74,21.219,7.66,14.95,2.78053361540246,3.67988404431392,13.3880662117464,12.8977946170363,8.72591246605157,11.0322574388018,10.6313602790632,13.738443177029,10.7760283257089,10.748573073115,13.5994139161202,574
"GND","gndblwq",2021-07-13 04:00:00.04,"7","Summer","isco",13.55,2.66,27.845,12.29,105.09,2.93538585691396,3.68103246386119,13.9916090663947,15.1697810614208,8.55530526790349,10.8662507824771,16.2691204692487,16.3899983040854,11.0865249349831,16.1312047283696,16.2911141885421,575
"OWC","owcwmwq",2021-05-10 06:00:00.06,"5","Spring","isco",13.67,3.25,7.443,166.75,59.64,2.8256809713452,3.69729630946723,30.8362702647247,32.6779773111291,9.85312861066537,9.1996164994748,13.5438954441742,13.5684892517119,8.5434748526156,12.5830731485247,13.0233580325854,576
"LKS","lksbawq",2021-05-07,"5","Spring","isco",13.69,3.14,11.539,7.46,164.59,2.85148024836949,3.7,13.8970639799024,19.3961563679683,9.60421362539482,8.99157616607492,29.2341680133883,23.9921629616951,8.58927010945408,28.4132213557932,23.8255597919146,577
"NIW_isco","niwwswq",2021-07-12 17:00:00.03,"7","Summer","isco",13.71762,2.68,29.365,21.02,79.42,3.01799456953701,3.70373055175454,14.6967524423241,14.315606279725,8.59779916013674,10.9076344650376,13.8464311739908,13.7862791164232,11.2539687318807,13.9212375549681,13.8396625260438,578
"LKS","lksbawq",2021-05-07 08:00:00,"5","Spring","isco",13.77,2.93,10.203,8.14,166.96,2.62272365503392,3.71079506305589,12.8425882155115,17.7180333316933,9.13785509888933,8.60101522201692,28.54385771171,23.5288277507793,8.18748271597757,27.6711188905179,23.3260532503974,579
"ELK","elksmwq",2021-05-04 10:00:00,"5","Spring","isco",13.8430196657048,2.15,19.028,3.96,25.48,2.12529589327292,3.72062087099785,10.4956919410912,10.5275269695102,7.50727963612934,7.22628139552336,9.48735545245514,8.82405497838132,7.34701803818329,9.47281898363704,8.9727250323084,580
"ELK","elksmwq",2021-09-14 06:00:00,"9","Fall","isco",13.8794636742489,2.43,20.034,7.44,19.64,2.43098842858286,3.72551522265699,14.3468224404168,13.3118750554716,8.07419189885999,10.7210981321982,10.0221560514037,12.9218923288879,10.4943609212814,10.0579795317132,12.7982910796436,581
"NIW_isco","niwwswq",2021-07-12 20:00:00.045,"7","Summer","isco",13.94904,3.1,29.372,18.86,82.27,3.49129298563253,3.73484136209291,14.2409539849908,14.1643972095364,9.51448862181528,11.7948609529973,14.8187657437516,14.5011869559809,12.23751530453,15.0241080509532,14.6428302439321,582
"ELK","elksmwq",2021-06-08 10:00:00,"6","Summer","isco",14.0698240392306,1.22,16.671,2.67,13.02,1.17329074638791,3.75097641144684,6.66163221973721,7.24008752746273,5.77239862331097,8.09332926241279,7.8162838686366,11.3066335640526,7.81374471151889,7.76282093494462,11.0645059322397,583
"OWC","owcwmwq",2021-06-06 04:00:00,"6","Summer","isco",14.36,3.53,19.328,26.63,38.15,3.5018582357364,3.78945906429928,23.047178420416,21.2249954375995,10.5010999559969,12.7391470859972,14.1814528353658,18.9172216445134,12.2599406997671,14.0953988545585,18.5397848183513,584
"LKS","lksbawq",2021-05-06 12:00:00,"5","Spring","isco",14.49,2.9,11.207,6.31,166.57,2.62407169289554,3.80657326213486,13.1078346618334,18.3866057421242,9.07217989606829,8.54592869056149,28.4459152493776,23.4630057965509,8.18982221669539,27.6754632569048,23.3289812884919,585
"ELK","elksmwq",2021-09-14 20:00:00,"9","Fall","isco",14.5056124426481,8.21,20.39,7.05,21.65,8.24846993831397,3.80862343145763,24.4622666000469,20.0955241984926,24.3860370406269,25.8741885411829,24.3374366185516,24.0377858038859,25.0358794431558,24.536131348782,23.8689242814762,586
"NIW_isco","niwwswq",2021-07-12 21:00:00.05,"7","Summer","isco",14.55153,3.17,29.414,27.46,75.7,3.57214926453571,3.81464677263833,16.2101208427055,15.3681987133439,9.67178371586107,11.9461043394577,14.9840290081868,14.6220951380534,12.4096603623029,15.2167218301843,14.7823054923481,587
"NIW_isco","niwwswq",2021-07-27 21:59:59.95,"7","Summer","isco",14.5635,2.65,29.376,24.15,91.56,2.98465318202439,3.81621540272559,14.1769988193671,14.7271312679185,8.53409779861281,10.845588436577,13.7782411329412,13.7359057523433,11.1862363323763,13.8451310540337,13.7839376689733,588
"GND","gndblwq",2021-07-12 22:00:00.025,"7","Summer","isco",14.77,2.9,28.982,16.14,101.98,3.24898273435271,3.84317577011513,16.0631347805025,16.8752418509592,9.07217989606829,11.3680461601141,16.8665586728458,16.8327475090052,11.7288312534081,16.9120441498231,16.8653161951283,589
"LKS","lksbawq",2021-07-12 18:00:00,"7","Summer","isco",14.8,1.44,24.38,5.75,74.19,1.51959493545702,3.84707681233427,32.4223493350422,31.6110436419105,6.16224631595872,8.49058151673418,23.8828107008778,26.1725930839035,8.4118591003308,24.2303462929337,26.2821124637984,590
"ELK","elksmwq",2021-07-08 02:00:00,"7","Summer","isco",14.9693698151503,4.65,21.871,19.69,20.63,4.75642356340003,3.86902698558052,17.4272532456857,16.9245508468869,13.29931754758,15.3693629936211,14.7813590680342,17.1297671572939,15.0687810975468,15.0834392824235,17.0737137572599,591
"GND","gndblwq",2021-07-12 20:00:00.02,"7","Summer","isco",15,2.91,28.992,19.71,98.02,3.26062297423523,3.87298334620742,17.1207699612773,17.3990661844934,9.09404531245801,11.3892000956838,16.8916857143325,16.8513234446922,11.7530208108395,16.9413829373061,16.8868211196727,592
"NIW_isco","niwwswq",2021-06-28 17:00:00,"6","Summer","isco",15.164,2.24,28.007,21.26,86.92,2.47719982006639,3.89409809840482,12.7078780722428,12.9646841472208,7.6872512557855,10.015362602897,12.8631803534643,13.0567100196307,10.1805891166102,12.7125447154066,12.9496851390752,593
"OWC","owcwmwq",2021-08-08 12:00:00.015,"8","Summer","isco",15.28,9.48,24.768,12.52,54.8,10.0532250185594,3.90896405713841,33.7924347007353,30.1815933178742,29.148313452396,29.5376790394317,31.1959415046437,32.4444022036392,30.11868085637,33.1908026476862,33.3959067909338,594
"OWC","owcwmwq",2021-06-06 18:00:00.03,"6","Summer","isco",15.35,3.24,21.137,15.75,26.19,3.28466163204274,3.91790760483195,24.6911263375943,20.964039314146,9.83036838622097,12.0983112416705,13.52139672563,18.3506029517704,11.8030543601477,13.6002673767724,18.1215928080132,595
"NIW_isco","niwwswq",2021-07-27 14:59:59.985,"7","Summer","isco",15.52908,2.85,29.869,11.26,95.17,3.23136681174745,3.94069537010919,12.2882071845424,13.5522266413769,8.96324758237913,11.2625714360674,14.2360208554531,14.0734696887647,11.6922710332127,14.4132295400272,14.1989421444376,596
"OWC","owcwmwq",2021-05-10 04:00:00.055,"5","Spring","isco",15.64,3.59,8.418,41.63,73.35,3.15325659094732,3.95474398665704,13.3032369681409,14.068839232986,10.642635382732,9.85769290114718,14.3199799456442,14.1412994626269,9.13403118760331,13.3050083637777,13.5604184242326,597
"LKS","lksbawq",2021-09-09 08:00:00,"9","Fall","isco",15.65,0.61,18.67,0.41,50.27,0.600449813728685,3.9560080889705,27.8428528674911,23.8515902967507,4.75808101694488,7.30964346481424,21.4664575611158,23.876825868623,7.20605506981761,21.5378397702589,23.8950876459671,598
"ELK","elksmwq",2021-05-04 14:00:00,"5","Spring","isco",15.6566111665718,2.15,19.011,4.7,24.22,2.12486887595673,3.95684358631622,10.6123352557717,10.5957447059087,7.50727963612934,7.22628139552336,9.48735545245514,8.82405497838132,7.34631608921524,9.47201384655953,8.97214980290346,599
"ELK","elksmwq",2021-08-03 10:00:00,"8","Summer","isco",15.7303962257513,1.8,21.302,7.96,16.67,1.82846965660511,3.96615635417356,12.072462460893,12.1542380818729,6.82765477478339,9.1611594447733,8.83947436468027,12.2066353037941,8.96393624079875,8.92141075820369,12.0663007328334,600
"OWC","owcwmwq",2021-05-09 16:00:00.025,"5","Spring","isco",15.79,2.66,11.909,36.01,12.17,2.42533051555081,3.97366329726111,15.6927119233001,14.5187919510338,8.55530526790349,8.11160744103653,12.2484712675898,12.6025999477696,7.84851706478578,11.7280949916157,12.3817182002729,601
"GRB","grbsqwq",2021-07-01 13:35:59.995,"7","Summer","isco",15.91564453125,2.89,28.065,22.39,41.2,3.19848352646115,3.98944163151311,10.7350955348456,9.37926521975076,9.05034079756254,11.3469118881312,5.66950378372525,5.51095999222742,11.6241775086643,6.06514447920508,5.75047955072432,602
"NIW_isco","niwwswq",2021-07-27 17:59:59.97,"7","Summer","isco",16.04778,2.32,29.349,35.53,86.53,2.61202949951932,4.00596804780068,16.341335720128,16.1269063399076,7.84901564492256,10.1747622940618,13.0392600497231,13.1878837855677,10.4431684095949,13.0087574525553,13.1688046688287,603
"NIW_isco","niwwswq",2021-07-28 03:59:59.92,"7","Summer","isco",16.05576,2.29,29.246,17.92,91.96,2.57468271090882,4.00696393794604,12.9714907894262,13.6925817859136,7.78815661486645,10.1148399329741,12.9730898938239,13.1386167920522,10.3701011826438,12.9263671994426,13.1079261589969,604
"GRB","grbsqwq",2021-07-01 12:35:59.995,"7","Summer","isco",16.0794296875,2.71,27.897,33.46,36.16,2.99261590887903,4.00991641901674,11.7893863358852,10.3896014818415,8.66173738261633,10.9698574657792,5.41040677379595,5.32135276188013,11.2023938793723,5.7585202113254,5.53060838389478,605
"ELK","elksmwq",2021-09-14 10:00:00,"9","Fall","isco",16.2369170675003,2.02,19.944,6.62,22.83,2.01864813868747,4.02950580933944,13.3418826996127,12.7081190957559,7.2510840873658,9.89574602161248,9.24403942800701,12.2633881140758,9.69987664871976,9.27279855089382,12.1434928777007,606
"ELK","elksmwq",2021-07-08 04:00:00,"7","Summer","isco",16.427665704432,6.01,22.176,16.23,25.88,6.17057123523335,4.05310568631413,18.9192294083039,18.0247854102502,17.1409779896263,18.8948033232873,18.1522039370297,19.7723212824235,18.5819391501187,18.6357181412133,19.8026688220645,607
"LKS","lksbawq",2021-07-12 16:00:00,"7","Summer","isco",16.66,1.22,24.09,5.37,76.4,1.28274013947731,4.08166632639171,31.3946855469202,30.8701062792269,5.77239862331097,8.09332926241279,23.2297820837695,25.665624616768,8.00039490968654,23.5213506424585,25.7388734808656,608
"LKS","lksbawq",2021-07-13 12:00:00,"7","Summer","isco",16.7,1.1,23.02,6.92,75.64,1.14121525569964,4.08656334834051,29.9730027212298,29.4101530726034,5.56512327564941,7.88065758630537,22.8773999948734,25.3911861730328,7.75946199797917,23.1027377890968,25.4169862663938,609
"GRB","grbapwq",2021-06-16 11:00:00,"6","Summer","isco",16.8131871875,2.85,20.401,45.41,6.39,2.86373283997586,4.10038866298062,7.20470271913293,6.51905853690431,8.96324758237913,11.2625714360674,5.61140299647973,5.46853821533726,10.9423041891177,5.57060665857428,5.39513983102077,610
"ELK","elksmwq",2021-08-03 06:00:00,"8","Summer","isco",16.887473413995,4.32,21.744,10.82,17.62,4.41201679977516,4.10943711644247,16.3103993790646,15.2377490226435,12.440537359745,14.5687571783212,14.0155857872483,16.5171250443709,14.2688661367433,14.2751312145967,16.4397169654331,611
"ELK","elksmwq",2021-05-04 12:00:00,"5","Spring","isco",17.0181871742507,2.55,20.689,4.88,25.74,2.57118537215677,4.12531055488562,12.7782436426469,12.4126130440691,8.32347058932385,7.91632877546048,10.2558449417636,9.37008340817795,8.09828938788238,10.3322116549044,9.58343903219945,612
"ELK","elksmwq",2021-07-08 06:00:00,"7","Summer","isco",17.038256817457,3.75,21.321,16.8,23.05,3.81019121020916,4.12774233903438,15.0310352727852,15.1490540840241,11.0246951349362,13.2363296883628,12.7408587563957,15.4852013320442,12.9234379906613,12.9161034545308,15.3606471669888,613
"OWC","owcwmwq",2021-04-13 22:00:00.04,"4","Spring","isco",17.07,0.67,15.002,23.83,49.42,0.63221293867193,4.13158565202272,13.5247503565096,12.7255913499129,4.85350751097973,4.94666590911662,8.35927469304217,9.6077480592558,5.09755938851013,8.26779448450805,9.70676304951997,614
"NIW_isco","niwwswq",2021-07-27 20:59:59.955,"7","Summer","isco",17.10912,2.84,29.438,19.02,93.95,3.20132051228329,4.13631720253658,13.2394142073138,14.1678666967325,8.94154007329318,11.2415354820185,14.2129541942448,14.0564941723107,11.6300443986464,14.3434322022979,14.1480711947033,615
"LKS","lksbawq",2021-05-07 10:00:00,"5","Spring","isco",17.13,3.11,10.272,7.6,167.56,2.78590431767116,4.13884041731498,12.8627707131125,18.0930968980365,9.53688039588422,8.935250828652,29.1350472847181,23.9256956246374,8.47310876934041,28.1994844110878,23.6818289659291,616
"GND","gndblwq",2021-07-12 18:00:00.015,"7","Summer","isco",17.35,2.92,29.606,24.89,93.34,3.29896960931789,4.16533311993171,19.1843237702292,18.7759268982079,9.11593704673169,11.4103736948403,16.9168314584595,16.8699096245511,11.8328851303123,17.0382140412466,16.9577620667614,617
"ELK","elksmwq",2021-09-14 16:00:00,"9","Fall","isco",17.5308266463835,1.36,17.711,6.31,8.01,1.32376403290493,4.18698300048896,10.742517012487,10.0105212619478,6.01900971713043,8.63656255390205,8.05750047171617,11.2395291099641,8.43174444685673,8.02178566922118,11.0789155657121,618
"NIW_isco","niwwswq",2021-07-28 04:59:59.915,"7","Summer","isco",18.06672,2.28,29.117,18.4,101.2,2.55900109911798,4.25049644159362,12.2021947440663,13.6316175715506,7.76792290728234,10.0949051397851,12.9510705804714,13.1222149492241,10.3394973163768,12.8918502282645,13.0824058150265,619
"GND","gndblwq",2021-07-12 14:00:00,"7","Summer","isco",18.4,2.66,30.076,18.65,86.89,3.0244310132606,4.28952211790544,19.1280172574783,18.253395265082,8.55530526790349,10.8662507824771,16.2691204692487,16.3899983040854,11.2670677885656,16.3510463023842,16.4531466173497,620
"ELK","elksmwq",2021-09-15 06:00:00,"9","Fall","isco",18.4409494857675,2.95,18.889,6.68,19.31,2.91131990996287,4.29429266419599,13.8381956240496,12.7839801965395,9.18177015685649,11.8154327277398,11.0542586555232,13.7818388138462,11.4592762842066,11.0128607619873,13.5827393109708,621
"NIW_isco","niwwswq",2021-06-29 11:00:00,"6","Summer","isco",18.44577,2.44,28.06,29,83.33,2.70027106653395,4.29485389739861,14.2472334826728,14.0693241948063,8.09482037470353,10.4162214612233,13.305623910945,13.3858737351004,10.6168279078727,13.2044658003131,13.3132064181093,622
"NIW_isco","niwwswq",2021-07-12 14:00:00.015,"7","Summer","isco",18.58143,3.4,29.634,14.99,62.27,3.84271968645304,4.31061828511874,16.0116716947218,13.9662449460245,10.1976901234068,12.4498308324113,15.5334892879424,15.0228991184516,12.9944551072658,15.8701894395899,15.2538410204449,623
"GND","gndblwq",2021-07-12 16:00:00.01,"7","Summer","isco",18.84,3.01,29.612,24.73,84.27,3.40092587350128,4.34050688284214,20.0738593849602,18.787416578733,9.31414695997305,11.601820948654,17.1439847744154,17.0376462310161,12.0465442408845,17.2970113361775,17.1471035553426,624
"OWC","owcwmwq",2021-06-06 16:00:00.025,"6","Summer","isco",18.88,4.09,20.994,20.93,28.99,4.13920242834109,4.34511219648009,26.3858796726201,22.7224664692154,11.8589423097371,14.0234225357294,15.5005562276922,20.0357630078794,13.6507146038389,15.5994199422236,19.7944699212384,625
"OWC","owcwmwq",2021-05-09 18:00:00.03,"5","Spring","isco",18.91,3.07,11.687,39.81,15.48,2.79240032848922,4.34856298103178,16.5820317723335,15.6001947903564,9.44747120691222,8.86042566896977,13.141780014342,13.2700310595555,8.48458052603804,12.5108536411145,12.9694016229266,626
"NIW_isco","niwwswq",2021-07-12 16:00:00.025,"7","Summer","isco",18.94053,3.21,29.567,23.62,77.96,3.62469708158914,4.35207192036161,15.5814108549325,14.9973946382378,9.76224562019153,12.03296173063,15.0788766173788,14.6914108995908,12.5221805954767,15.3425576449583,14.8733037272402,627
"ELK","elksmwq",2021-08-04 06:00:00,"8","Summer","isco",20.2780113565749,4.14,22.394,9.84,20.73,4.26201771376977,4.50311129737817,16.3574320019672,15.4547297478165,11.9841917114823,14.1410886835831,13.6064757823453,16.1876586940388,13.9272994178741,13.9300479727341,16.1673427331551,628
"LKS","lksbawq",2021-09-09 06:00:00,"9","Fall","isco",20.28,0.73,18.73,0.46,50.19,0.719078965158194,4.50333209967908,28.1787774694898,24.1264077764116,4.94988144883718,7.51451768326335,21.8078424975261,24.1429769242243,7.40048150162783,21.8764369670883,24.1565862964495,629
"OWC","owcwmwq",2021-09-12 22:00:00,"9","Fall","isco",20.71,4.86,23.096,9.21,65.38,5.04685524249892,4.5508241011931,28.2878030078631,26.0962810094343,13.8607362709539,16.2913309034872,17.4100902617046,21.2403115739314,16.2629323528479,17.8728977966428,21.3584620068782,630
"OWC","owcwmwq",2021-06-07 00:00:00.045,"6","Summer","isco",20.86,7.03,24.791,27.1,63.55,7.45725656328817,4.56727489866769,31.8873638407071,30.7303268597055,20.3416697966836,21.7775601869399,23.3880998799115,26.4351678094103,22.0979940606282,24.6608557008935,26.9900216110454,631
"OWC","owcwmwq",2021-04-13 20:00:00.035,"4","Spring","isco",20.87,0.68,16.613,31.5,65.67,0.653529398364447,4.56836951220017,16.0328339584098,15.4233638018404,4.86950403924607,4.96062344282847,8.3769668330339,9.62178339321592,5.12678962591327,8.30538659316598,9.73665309733977,632
"NIW_isco","niwwswq",2021-07-27 23:59:59.94,"7","Summer","isco",20.87169,3.33,29.572,19.23,90.04,3.76045367489452,4.56855447598034,13.8166246686066,14.4509123244901,10.0361578500432,12.2954216084784,15.3652148984219,14.9003416247044,12.8152258033692,15.6700513682378,15.1096890032422,633
"OWC","owcwmwq",2021-04-13 12:00:00.015,"4","Spring","isco",21.15,0.8,13.778,38.82,59.29,0.744596822611368,4.59891291502677,13.9319657322286,13.4798490813883,5.06351517339112,5.12964760713992,8.59073131887657,9.79100644614492,5.25260711338108,8.46694654219365,9.86486577435779,634
"GND","gndblwq",2021-07-12 12:00:00,"7","Summer","isco",21.31,2.99,29.027,15.36,80.15,3.35183405432591,4.61627555503352,18.2048866103009,16.8389361473974,9.26991608739835,11.5591394693657,17.0933753412766,17.0002997203762,11.9434289952414,17.1721572474379,17.0558046371655,635
"OWC","owcwmwq",2021-04-13 10:00:00.01,"4","Spring","isco",21.46,0.82,11.968,31.52,36.4,0.74813956987324,4.63249392876019,11.3599951497113,10.879364622424,5.09621881279076,5.15809359140683,8.62662057014763,9.81935370670625,5.25753254482578,8.47326307134862,9.86987051073756,636
"ELK","elksmwq",2021-08-04 04:00:00,"8","Summer","isco",21.5101589180393,4.93,22.472,8.25,19.9,5.0801796271915,4.63790458267948,17.5499081614487,16.0146949834098,14.05045499804,16.0654576006267,15.4470781489564,17.6583332304488,15.8406246059965,15.8635778595732,17.6806335453564,637
"OWC","owcwmwq",2021-08-09 04:00:00.055,"8","Summer","isco",21.6,7.71,26.019,15.36,55.31,8.30800465029268,4.6475800154489,33.2220983114721,29.8809793502408,22.6275817040184,23.8130536276622,25.4426218008245,28.0413875209524,24.5899974357964,27.3169720626167,29.0142806847922,638
"OWC","owcwmwq",2021-06-06 22:00:00.04,"6","Summer","isco",21.7,5.4,23.895,20.83,47.48,5.66381533338366,4.65832587954085,30.0665880498854,27.0362434404439,15.357678131794,17.2685591912386,18.8153952385204,22.7778265794621,17.2807259235939,19.5065080805912,22.9625036739248,639
"NIW_isco","niwwswq",2021-06-28 16:00:00,"6","Summer","isco",22.0647,3.13,28.251,37.96,78.87,3.47265030806791,4.69730773954613,16.411006138419,15.7374879876771,9.581742897674,11.8595615656739,14.8894806412393,14.5529432832664,12.1979951412564,14.979871979006,14.6107658357524,640
"LKS","lksbawq",2021-05-06 16:00:00,"5","Spring","isco",22.13,2.83,12.016,7.02,164.03,2.58334681414782,4.70425339453563,13.9559578367628,19.174873155921,8.9198588820912,8.4180816760363,28.2180374296784,23.3097797827008,8.11929222206558,27.5443683002393,23.2406049164946,641
"GRB","grbapwq",2021-06-16 12:00:00.005,"6","Summer","isco",22.31095640625,4.24,21.932,123.4,1.78,4.34027858923415,4.72344751280778,14.7950485778188,18.3989609078915,12.2366643562698,14.3778957482995,7.80588287570682,7.03881090505003,14.104992984217,7.91013874211222,7.04774380483108,642
"OWC","owcwmwq",2021-09-13,"9","Fall","isco",22.43,4.28,22.843,11.6,67.36,4.43063515394728,4.73603209448585,27.4524130190527,25.6276632955797,12.3383903149357,14.8563151812273,15.9614347955752,20.0476077678255,14.7907216645738,16.31254704457,20.0969209123501,643
"OWC","owcwmwq",2021-07-12 10:00:00.01,"7","Summer","isco",22.49,9.34,24.27,13.12,114.06,9.84259843116502,4.74236228055175,21.4239464062651,29.9275111838967,28.6025206537041,29.0624476565999,30.7195369567517,32.084452555162,29.4217150251789,32.4515763402777,32.8507556921269,644
"ELK","elksmwq",2021-09-14 22:00:00,"9","Fall","isco",22.678629879711,8.2,20.36,11.37,22.48,8.23545467994701,4.76220850863452,24.7451672017165,20.7961931187575,24.3502231457377,25.8422991770026,24.3072739854338,24.0155987106843,24.996399385511,24.4966515453666,23.840336563211,645
"OWC","owcwmwq",2021-05-09 14:00:00.02,"5","Spring","isco",22.71,4.03,12.026,35.78,17.96,3.67916052299795,4.76550102297754,18.8206907691291,17.2225552661947,11.7095115178136,10.7430639005884,15.3564183253292,14.9001622639546,10.1234089349849,14.5061481762707,14.445332665978,646
"ELK","elksmwq",2021-08-03 22:00:00,"8","Summer","isco",22.8705165551166,7.06,22.919,6.82,15.17,7.31536025317363,4.78231288762212,21.9213580128119,18.0705289654661,20.4399528577328,21.8654441684367,20.9913296170538,21.9421428962513,21.6953046421902,21.7862403690135,22.1599456273153,647
"OWC","owcwmwq",2021-09-13 02:00:00,"9","Fall","isco",22.97,4.34,22.643,11.28,67.48,4.4816506763032,4.7927027865287,27.2029090219408,25.4337694093181,12.4917687894534,15.0016975639915,16.1083780939805,20.1693928293661,14.9099513737018,16.4390196658349,20.1999032553739,648
"OWC","owcwmwq",2021-06-07 06:00:00.06,"6","Summer","isco",23.02,5.17,21.964,42.52,39.15,5.29434760421882,4.79791621435806,31.616333837843,29.0175049350004,14.7107094580262,16.6743801990714,18.2101719238013,22.2836723092207,16.3618006923126,18.5196378571733,22.1731977161356,649
"OWC","owcwmwq",2021-09-13 04:00:00,"9","Fall","isco",23.19,4.31,22.478,12.71,67.97,4.44162134378091,4.8155996511338,27.1683770202534,25.4851395520754,12.4149611217167,14.9289178864689,16.0348222828966,20.1084541998223,14.816357337128,16.3397416540631,20.1190759185903,650
"NIW_isco","niwwswq",2021-06-28 15:00:00,"6","Summer","isco",23.24175,3.08,28.106,22.51,85.78,3.41061519431026,4.82096981944505,13.3269364032749,13.5417377673619,9.46978402732928,11.7518255291469,14.7717159919612,14.4667339586501,12.0669486129444,14.8331422338886,14.5043218119565,651
"OWC","owcwmwq",2021-07-13 04:00:00.055,"7","Summer","isco",23.31,7.18,24.647,14.24,115.59,7.60248545022607,4.82804308182932,20.8928722090944,28.2078875067228,20.8354537114858,22.2187498172344,23.8338689453067,26.7854089227468,22.5139754134582,25.1046604028577,27.3303967294467,652
"ELK","elksmwq",2021-08-04,"8","Summer","isco",23.4901985872459,6.22,22.957,13.44,16.39,6.44801360259271,4.84666881344763,21.0035726176139,18.3388530280012,17.7775605895937,19.4715882087723,18.7035333443058,20.19725024558,19.3143431054527,19.3766763560739,20.3617934395091,653
"ELK","elksmwq",2021-09-14 14:00:00,"9","Fall","isco",23.5906271354051,2.18,19.548,7.43,15.13,2.1682797403348,4.8570183379729,13.7259103217929,12.6152534022135,7.56703331505907,10.2139019327766,9.54395416761763,12.5183165342582,9.98456744147637,9.55403969538408,12.3791209700719,654
"ELK","elksmwq",2021-09-14 12:00:00,"9","Fall","isco",23.6765691232246,1.38,20.137,7.07,22.27,1.38226461951811,4.86585749105176,12.7210374921666,12.2989954505269,6.05466095953374,8.67346115912687,8.09225922868633,11.2698995133906,8.5350820520304,8.12361230383201,11.1666573676685,655
"ELK","elksmwq",2021-08-03 12:00:00,"8","Summer","isco",23.7631136020009,3.27,22.382,7.37,16.68,3.36587905630761,4.87474241391285,15.2766033640156,14.3352560391976,9.89872801320606,12.1638377249921,11.7145350681357,14.642028255885,11.9728846525587,11.9563805613546,14.5874996679707,656
"OWC","owcwmwq",2021-04-14 00:00:00.045,"4","Spring","isco",23.78,0.72,15.47,36.47,58.24,0.682999945967305,4.87647413609464,15.5091809835501,14.8625074782648,4.93375333115104,5.01665021354372,8.44792241940361,9.67802717077531,5.16733880164819,8.35749907221188,9.77805252514995,657
"OWC","owcwmwq",2021-08-08 04:00:00,"8","Summer","isco",23.86,6.94,24.883,10.91,55.25,7.3703884298152,4.88466989672793,30.3076564579664,27.5103629110578,20.0482417792702,21.5149700761361,23.1226583258248,26.2261295119728,21.8510302765713,24.3972872483439,26.7874468795147,658
"OWC","owcwmwq",2021-04-13 18:00:00.03,"4","Spring","isco",23.89,0.74,15.86,32.46,68.61,0.705091644025358,4.88773976393998,15.2918432946991,14.804031230812,4.96603588440729,5.04478158042206,8.48351242843016,9.70621052458636,5.19784000009291,8.39667048241413,9.80914393937673,659
"OWC","owcwmwq",2021-08-08 06:00:00,"8","Summer","isco",23.97,7.87,24.602,11.47,55.3,8.328340879586,4.89591666595746,31.264400045119,28.3023164866473,23.1831289472956,24.3052071910932,25.9386068976617,28.4262056542387,24.6511950516374,27.3821258080144,29.0635641245458,660
"OWC","owcwmwq",2021-07-13 02:00:00.05,"7","Summer","isco",23.99,7.1,24.823,14.71,113.21,7.53456944663583,4.89795875850338,21.4556395870086,28.3523526297019,20.5713653895071,21.9828981006473,23.5956017698347,26.5983268254877,22.3189597217962,24.8966233408796,27.1709554862811,661
"OWC","owcwmwq",2021-08-09 06:00:00.06,"8","Summer","isco",24.13,8.77,25.777,12.8,57.68,9.42084200592651,4.91222963632605,33.2288933179404,30.1026190680578,26.4336184972257,27.1673662943597,28.8177346615161,30.6396723539002,28.0506432504582,30.9963822444523,31.7726363275982,662
"LKS","lksbawq",2021-08-11 12:00:00,"8","Summer","isco",24.39,6.72,22.44,9.09,61,6.9219777415362,4.9386232899463,39.2845174645603,36.3208957790101,19.3399476906903,20.8797884217096,42.2711208804141,39.82729005392,20.5982818537117,43.2601837425727,40.2131378759795,663
"OWC","owcwmwq",2021-07-12 08:00:00.005,"7","Summer","isco",24.61,8.52,24.227,12.5,111.79,8.97361033600929,4.96084670192498,21.3270232139377,28.928054096098,25.5093214526377,26.3563454347447,28.0027810541052,30.0164971032206,26.6324918194042,29.4897552722514,30.6490458039602,664
"OWC","owcwmwq",2021-08-09 02:00:00.05,"8","Summer","isco",24.77,8.73,26.295,19.04,55.07,9.44069487345626,4.97694685525172,35.427702508783,31.6652604698342,26.2846256189653,27.0367770861763,28.6865565734385,30.539534058572,28.1144484817024,31.064132325287,31.8229820043368,665
"OWC","owcwmwq",2021-04-14 02:00:00.05,"4","Spring","isco",24.8,0.86,14.36,33.82,46.05,0.805660614345027,4.97995983919549,14.2525001844991,13.5639456941734,5.16194190619756,5.21522152298207,8.69862350437314,9.87617115789161,5.33782622341166,8.57614958452061,9.9513064183944,666
"ELK","elksmwq",2021-08-03 16:00:00,"8","Summer","isco",24.9422151818886,2.68,22.081,9.9,10.62,2.74839667370015,4.9942181752391,14.7795423262854,13.8799802755254,8.59779916013674,10.9076344650376,10.512047085366,13.6379637450174,10.7121426244427,10.6841232972416,13.5461688591459,667
"ELK","elksmwq",2021-09-15,"9","Fall","isco",24.9524843055305,9.62,20.201,11.01,25.15,9.64317927163538,4.99524617066372,26.8710595945907,22.5136865465327,29.6992645563443,30.5674410579208,28.7776000200226,27.2687203501334,29.4470840219597,28.9509864642196,27.0316424795129,668
"ELK","elksmwq",2021-08-03 20:00:00,"8","Summer","isco",25.0391225051224,6.48,20.163,5.93,3.92,6.49265591294467,5.00391072113825,19.55625400033,15.6817956304704,18.581790702368,20.1977172804226,19.3975589712886,20.7296119604191,19.4335139093862,19.4972505309065,20.4524872905031,669
"ELK","elksmwq",2021-08-04 02:00:00,"8","Summer","isco",25.0799847806832,5.97,22.921,11.54,18.92,6.18608825147911,5.00799209071692,20.0484718340338,17.7871738542777,17.0210400552591,18.7859227149151,18.0481239438483,19.691894640893,18.6225278901539,18.6767776973944,19.8337344885902,670
"OWC","owcwmwq",2021-09-13 06:00:00,"9","Fall","isco",25.2,4.42,22.392,15.49,68.91,4.55015808423304,5.01996015920445,27.6030906264816,26.02536449689,12.6977472236455,15.1966419018704,16.3053498397099,20.3323465850462,15.0708147620545,16.6096247092237,20.3386095535569,671
"WEL","welinwq",2021-08-25 13:15:00,"8","Summer","isco",25.2,0.62,19.461,2.38,5.5,0.616029240541489,5.01996015920445,10.9186302820556,9.40948524159763,4.77391963790745,7.0582864468469,4.74470465757381,6.71964313313467,6.89757917690824,4.80186363947986,6.60148636129246,672
"OWC","owcwmwq",2021-04-13 06:00:00,"4","Spring","isco",25.37,1.06,12.382,33.94,37.22,0.97149551949162,5.03686410378521,12.4432939148713,11.9296899162653,5.49687366538231,5.50558044168679,9.06312680916832,10.1627170150726,5.57272130807785,8.87624987609741,10.1879614071881,673
"OWC","owcwmwq",2021-08-09 00:00:00.045,"8","Summer","isco",25.43,10.3,26.11,16.11,54.09,11.111921136998,5.04281667324919,36.8112523219992,32.2712224821959,32.4486870360061,32.3985730164628,34.0599245915896,34.5929997767169,33.7454886672011,37.0325463035077,36.2040071416726,674
"OWC","owcwmwq",2021-04-14 04:00:00.055,"4","Spring","isco",25.72,0.93,15.156,40.44,55.59,0.879076938184688,5.07148893324239,15.9991164383117,15.3675004359831,5.27797055819198,5.31595245132998,8.82534869091862,9.97599609808385,5.4411920835416,8.7083695563098,10.0557322485094,675
"OWC","owcwmwq",2021-09-12 06:00:00,"9","Fall","isco",26.04,5.2,21.212,15.32,67.44,5.27647687721842,5.10294032886923,27.3672020130606,25.8297107116985,14.7943071398249,17.1633008662686,18.2885530160779,21.9555046554537,16.8293807275073,18.4725535576349,21.838369382292,676
"NIW_isco","niwwswq",2021-07-12 15:00:00.02,"7","Summer","isco",26.16642,3.99,29.796,19.15,65.29,4.51944019147788,5.11531230718125,16.6993484243444,14.8051969516506,11.6104173475438,13.7895650090308,16.9882160402446,16.0758291112804,14.5160254803526,17.5647175250777,16.4656055627046,677
"ELK","elksmwq",2021-08-03 18:00:00,"8","Summer","isco",26.2428726594883,5.89,20.013,6.15,1.57,5.89091581901397,5.12277977854683,18.5713333887311,14.9672348358593,16.782427444955,18.5691053503365,17.8408616842191,19.531533078083,17.8580190786112,17.9034674122855,19.2469615513713,678
"OWC","owcwmwq",2021-07-13 06:00:00.06,"7","Summer","isco",26.31,6.94,24.482,15.72,115.47,7.33304252645025,5.12932744129286,21.0564017706018,28.1377523052564,20.0482417792702,21.5149700761361,23.1226583258248,26.2261295119728,21.7452834336679,24.2844105009058,26.700591537121,679
"OWC","owcwmwq",2021-09-12 18:00:00,"9","Fall","isco",26.45,5.2,21.938,11.78,64.67,5.32337417252552,5.14295634824952,27.9264187664682,25.8602759474813,14.7943071398249,17.1633008662686,18.2885530160779,21.9555046554537,16.946263052066,18.5962423596974,21.93704003569,680
"ELK","elksmwq",2021-08-03 14:00:00,"8","Summer","isco",26.7187869606305,1.65,22.264,8.26,32.58,1.69591602170877,5.16902185724054,11.9131545173005,12.9518378489152,6.5462561835492,8.87865495983828,8.56882453145391,11.970572487736,8.7248631049405,8.68050873959639,11.860118216001,681
"LKS","lksbawq",2021-09-09 04:00:00,"9","Fall","isco",26.73,0.83,18.88,1.8,50.72,0.819030132310398,5.17010638188423,28.7852477981013,24.7102939646485,5.11261010931652,7.68740919318402,22.0943872349657,24.3658963294668,7.56630472750531,22.1637724089454,24.3780170087655,682
"OWC","owcwmwq",2021-06-07 02:00:00.05,"6","Summer","isco",27.15,7.53,24.198,31.05,56.52,7.92800626261559,5.21056618804521,33.7849379715252,31.6362431002516,22.0106443278236,23.2653979263587,24.8903615748089,27.6116018376044,23.4604606187005,26.1137968266872,28.1010727341811,683
"OWC","owcwmwq",2021-07-12 14:00:00.02,"7","Summer","isco",27.28,7.79,24.692,13.07,112.73,8.25308171785528,5.22302594288024,21.3088365351343,28.6004003366501,22.9045131533702,24.0585011746006,25.6900158647541,28.233468774095,24.425098479438,27.1413963591538,28.8813877653288,684
"OWC","owcwmwq",2021-07-12 16:00:00.025,"7","Summer","isco",27.96,9.88,25.342,13.35,112.02,10.5542397054196,5.28772162656091,22.584091397928,30.9946074777875,30.7361447633368,30.916719664108,32.5772962072683,33.4838934763608,31.8093297558886,34.9826438609802,34.7106778919033,685
"OWC","owcwmwq",2021-05-09 06:00:00,"5","Spring","isco",28.12,8.33,13.834,28.46,44.39,7.7579500077957,5.30282943342514,28.1910063796068,26.5044677882133,24.8178565742466,21.3994693426247,27.3912340161108,23.3603050162942,19.5238318308313,25.5841304206382,22.2581495992778,686
"OWC","owcwmwq",2021-06-07 04:00:00.055,"6","Summer","isco",28.22,7.74,23.755,35.82,58.8,8.10390477784541,5.31224999411737,34.145255650431,32.5647233721964,22.7312336133956,23.9049489808632,25.535254304996,28.1133411595917,23.9800138499356,26.6673695018066,28.5219749086379,687
"OWC","owcwmwq",2021-09-12 04:00:00,"9","Fall","isco",28.25,4.84,21.367,15.26,67.48,4.92043696468375,5.31507290636732,27.0487270298589,25.4918638678631,13.8067677813135,16.2407464418596,17.3590892770857,21.1986101828535,15.9552128228983,17.5469802402668,21.0965245948256,688
"OWC","owcwmwq",2021-05-09 04:00:00,"5","Spring","isco",28.34,9.14,14.047,28.76,47.23,8.53256609314233,5.32353266168247,29.9987974863774,28.5204786814836,27.8317647361197,23.8137865001659,30.0453179288875,25.1659680732253,21.6547992698244,28.0407309207434,23.9319945254476,689
"OWC","owcwmwq",2021-07-12 06:00:00,"7","Summer","isco",28.42,6.84,24.254,15.17,108.16,7.20661683550647,5.33104117410474,21.7929819329336,27.7572712277904,19.7247108477871,21.2250713270987,22.8295000165553,25.994837933372,21.3892064963958,23.9042357487786,26.4076102671461,690
"OWC","owcwmwq",2021-04-14 06:00:00.06,"4","Spring","isco",28.64,1.04,14.971,57.36,57.39,0.981002291416682,5.35163526410386,18.2181070630112,17.6503561124411,5.46290676755253,5.47619060525418,9.02633983116373,10.1338780342604,5.58634035477119,8.89361004622604,10.2016123453456,691
"LKS","lksbawq",2021-09-09 02:00:00,"9","Fall","isco",28.86,0.6,19.03,3.47,50.1,0.593119853550146,5.37215040742532,28.9411667220688,24.8499317503415,4.74226871386627,7.29269842659092,21.4381303835768,23.8547132011069,7.19412658068251,21.5170048632069,23.8789766244032,692
"LKS","lksbawq",2021-09-09 10:00:00,"9","Fall","isco",28.87,1.73,18.82,8.9,47.53,1.70592723386619,5.37308105280388,31.882866711018,27.2686253611115,6.69559853145652,9.33191892300502,24.7574517531908,26.418269750165,9.1181856401488,24.7955076529908,26.3870922255491,693
"ELK","elksmwq",2021-09-15 04:00:00,"9","Fall","isco",28.9381494265769,4.59,19.722,8.49,24.01,4.57479103905677,5.37941906032398,17.1270656689379,15.550344892602,13.1410439466455,15.6150771320551,14.6406126485739,16.6754225005022,15.1288667862403,14.6543814461309,16.4797298450518,694
"OWC","owcwmwq",2021-08-08 08:00:00.005,"8","Summer","isco",28.98,9.81,24.502,14.57,55.24,10.3682034117289,5.38330753347791,34.2849504060317,30.8257431635828,30.4552345683247,30.6731164105159,32.3333989793564,33.3007993017809,31.1761713699799,34.3118010773196,34.2195155672986,695
"WEL","welinwq",2021-08-25 08:45:00,"8","Summer","isco",29.1,0.6,19.841,2.95,37.41,0.59886130643944,5.39444158370447,9.68616728407192,9.78824256252696,4.74226871386627,7.02500416204208,4.71809796340182,6.69619667803695,6.87026106945364,4.778844161366,6.58166411378378,696
"OWC","owcwmwq",2021-04-13 08:00:00,"4","Spring","isco",29.33,1.2,13.922,49.48,49.99,1.11868825852736,5.4157178656204,16.1018763249724,15.6749309304871,5.73758955319443,5.71351161843506,9.32273035091205,10.3657372280096,5.7854477036755,9.14693780851488,10.400342705995,697
"OWC","owcwmwq",2021-08-08 22:00:00.04,"8","Summer","isco",29.72,8.97,25.543,15.72,53.8,9.60680637611056,5.4516052681756,34.6564189736349,30.7574341660247,27.1848991806788,27.8250315961053,29.4781137355716,31.1428224317954,28.6511556080911,31.6339043815957,32.2457926628377,698
"OWC","owcwmwq",2021-07-12 18:00:00.03,"7","Summer","isco",30.21,11.89,25.293,12.99,111.98,12.6934622501912,5.49636243346452,23.1454016091253,32.796103898957,39.3524294092999,38.3226607068458,39.9715908869057,38.9554560871042,39.5473890107509,43.1633519851158,40.6100360506886,699
"OWC","owcwmwq",2021-09-12 20:00:00,"9","Fall","isco",30.52,7.02,21.955,14.1,66.41,7.18805111782634,5.52449092677325,30.571281962048,28.6255407106401,20.3089614121018,22.217412246544,23.3585315633407,25.9852505933769,21.9213716472781,23.8486593408781,26.040495595661,700
"NIW_isco","niwwswq",2021-06-28 14:00:00,"6","Summer","isco",30.67113,3.54,27.912,16.23,85.97,3.90994805957078,5.53815221892645,12.3541888007887,12.773096634231,10.5246233990762,12.7615398275344,15.872787355105,15.269519999214,13.1418467366392,16.0346866894563,15.3721512374421,701
"LKS","lksbawq",2021-09-09 22:00:00,"9","Fall","isco",30.7,0.7,19.24,3.87,49.81,0.693695279785246,5.54075807087803,29.5732469946533,25.3695102539886,4.90157604943063,7.46303367022947,21.7222437777797,24.0763008640034,7.35866143833851,21.8037635152206,24.1005124198042,702
"OWC","owcwmwq",2021-09-12 16:00:00,"9","Fall","isco",30.75,7.35,22.644,12.29,65.06,7.58998600311494,5.54526825320471,31.6051820352238,29.1947206552419,21.4022339460324,23.203573631375,24.3441610042446,26.7522600126784,23.0775390815119,25.0663077010535,26.9710668846084,703
"OWC","owcwmwq",2021-08-08 18:00:00.03,"8","Summer","isco",31.42,12.53,25.836,18.02,52.69,13.4700896151822,5.60535458289661,40.2291612897503,34.6230391303274,42.3190986839071,40.8475185035595,42.4845915625502,40.784515754739,42.5648606235825,46.3457655906897,42.8662482882877,704
"GND","gndblwq",2021-07-12 10:00:00,"7","Summer","isco",31.43,3.99,27.753,16.15,68.97,4.39773948474858,5.60624651616391,18.6775072773032,16.2039811798649,11.6104173475438,13.7895650090308,19.7154899355996,18.9178216946442,14.2361767181747,19.9300058405712,19.0536500832561,705
"OWC","owcwmwq",2021-06-06 14:00:00.02,"6","Summer","isco",31.44,7.88,22.706,35.07,46.14,8.14352618591999,5.60713830755047,35.121642958708,31.8530547014207,23.2180743520141,24.3361339292953,25.9697649386565,28.4503438630302,24.0978292177303,26.7928637967162,28.6172155192766,706
"ELK","elksmwq",2021-09-15 02:00:00,"9","Fall","isco",31.4648626126331,6.25,19.928,8.21,24.71,6.2446232205439,5.60935491947453,20.0528919718927,17.6135893994384,17.8694484048402,19.9996443053084,18.7829679832526,19.8848816612235,19.3243098609318,18.8320737071425,19.669227083986,707
"NIW_isco","niwwswq",2021-06-28 13:00:00,"6","Summer","isco",31.8023,3.7,27.754,19.45,79.91,4.07815803728019,5.63935279974573,13.2800973396008,13.1179919061656,10.9045777205634,13.1224979399322,16.265045208387,15.5538310356253,13.5142723067476,16.4499858739712,15.6701738695743,708
"OWC","owcwmwq",2021-09-12 08:00:00,"9","Fall","isco",31.93,5.86,21.17,16.42,67.19,5.94315461896268,5.65066367783467,28.4640386353318,26.8832435240347,16.6933819611763,18.9208382774721,20.055522958086,23.377626404477,18.528939191166,20.2696448383203,23.2619332355057,709
"OWC","owcwmwq",2021-04-14 08:00:00.065,"4","Spring","isco",32.27,1.25,14.753,64.42,55.68,1.17619690361063,5.68066897468951,19.2674249466453,18.7931679382688,5.82480961261549,5.78870677336033,9.4163342769482,10.4387310450806,5.86964303458776,9.25380093739511,10.483915933207,710
"OWC","owcwmwq",2021-07-12 20:00:00.035,"7","Summer","isco",32.71,8.91,25.381,16.68,112.76,9.52278851713731,5.71926568713152,22.9443489582544,30.8155621434744,26.9584096245165,27.6269061349366,29.2792145024631,30.9914471532074,28.3790592340901,31.3450711124989,32.0315897000506,711
"LKS","lksbawq",2021-09-09 12:00:00,"9","Fall","isco",33.17,2.8,19.01,6.7,47.96,2.76723838854759,5.75934023999277,33.9262565150114,28.8770232473216,8.854973215789,11.4943026413852,28.1206560465544,28.9662821555431,11.1653827561638,28.1387925742836,28.8958090219978,712
"OWC","owcwmwq",2021-07-12 04:00:00,"7","Summer","isco",33.21,5.54,24.338,10.36,112.71,5.84312239091351,5.76281181368956,19.6191122866101,25.649752166223,15.7583014825552,17.6353262293612,19.1886360226172,23.0812693757813,17.7357393848681,19.9946803713635,23.3505384079305,713
"LKS","lksbawq",2021-09-09 14:00:00,"9","Fall","isco",33.23,6.86,19.3,8.7,47.92,6.80305111037559,5.76454681653293,43.4508243747404,36.6593116873592,19.789206491012,21.7469815193125,42.8296475281618,39.7012591926432,20.8417767043739,42.7823103072257,39.4757275986595,714
"OWC","owcwmwq",2021-08-08 16:00:00.025,"8","Summer","isco",33.67,14.09,25.841,15.64,52.09,15.148105611265,5.8025856305616,42.0598892487429,35.5100421987577,50.0019699295386,47.3392865322892,48.9309680166721,45.4186386842709,49.4632968398089,53.6082984751055,47.9493815779472,715
"OWC","owcwmwq",2021-04-13 04:00:00,"4","Spring","isco",33.85,1.59,15.146,59.91,46.54,1.50276812002926,5.81807528311554,19.6754696281905,19.2241349373193,6.43535477374509,6.31307078489096,10.065240824501,10.9418808871278,6.35929219751665,9.87240744681867,10.9648405869349,716
"OWC","owcwmwq",2021-09-12 14:00:00,"9","Fall","isco",33.95,5.68,22.497,12.7,64.73,5.85483014988482,5.82666285278289,29.3707846394682,27.1250796522218,16.1640831385728,18.4330152231071,19.5655425242093,22.9853495361223,18.2990767798945,20.0267651520524,23.070750261311,717
"OWC","owcwmwq",2021-08-08 20:00:00.035,"8","Summer","isco",34.6,12.02,25.182,17.19,53.87,12.8140879310023,5.8821764679411,38.633372855168,33.8568203765303,39.9463097271713,38.8290039677839,40.4758442238925,39.3235878891102,40.0087860197214,43.6502195394967,40.9564697268435,718
"LKS","lksbawq",2021-09-09 16:00:00,"9","Fall","isco",34.83,1.12,19.4,3.71,48.93,1.11202101347983,5.9016946718718,30.6798024213511,26.2065523835846,5.59940598808672,8.19991433028119,22.93594331662,25.0181556838753,8.06297552609657,23.0168525180372,25.032926849744,719
"OWC","owcwmwq",2021-04-13 16:00:00.025,"4","Spring","isco",35.08,1.04,16.494,40.43,63.58,0.998150393294534,5.92283715798434,17.7248214611347,17.0411819511073,5.46290676755253,5.47619060525418,9.02633983116373,10.1338780342604,5.61094811589694,8.92496681806153,10.2262587120016,720
"NIW_isco","niwwswq",2021-07-27 13:59:59.99,"7","Summer","isco",35.40726,4.37,29.911,10.42,81.81,4.95758566261689,5.95039998655553,13.8066442031494,13.8247174657967,12.5688133181457,14.6886846386553,17.9596276603093,16.772867420544,15.546089469771,18.7076787048143,17.2748654914193,721
"OWC","owcwmwq",2021-08-08 10:00:00.01,"8","Summer","isco",35.56,12.33,24.656,15.16,53.87,13.0570096644447,5.96322060635023,38.3405050322012,33.6393374425031,41.3804346666493,40.0498484639008,41.6910496896873,40.2084271729705,40.946090031798,44.6389827764369,41.6585996163604,722
"OWC","owcwmwq",2021-05-10 00:00:00.045,"5","Spring","isco",36,14.86,9.774,42.92,59.69,13.2407900142684,6,43.8438346627802,48.1995835776652,54.030240955778,44.535370667155,52.2806053523942,39.8302512085345,36.980850819588,45.3943809699487,35.4110751157393,723
"WEL","welinwq",2021-08-25 20:00:00,"8","Summer","isco",36.9,0.7,23.6,2.11,36.61,0.731491645809471,6.07453701939498,13.9284997458739,13.4280870122384,4.90157604943063,7.19220212953763,4.85187953987303,6.81383872040123,7.08271442043616,4.95811727132245,6.73557455962195,724
"OWC","owcwmwq",2021-08-08 14:00:00.02,"8","Summer","isco",37.55,11.54,24.773,12.23,54.35,12.2385626076219,6.12780547994141,36.6111384943361,32.1794363661714,37.7756278837121,36.975946263374,38.629695966701,37.9729371091699,37.831457708408,41.3518574063571,39.3168139853425,725
"NIW_isco","niwwswq",2021-06-28 12:00:00,"6","Summer","isco",37.55987,4.68,27.625,19.28,83.39,5.14956281206611,6.12861077243448,13.1885490151689,13.41439463877,13.3788096394808,15.4432071741529,18.7720975083542,17.3524600778346,16.0085443062411,19.2198270009941,17.6355659766816,726
"LKS","lksbawq",2021-09-09 18:00:00,"9","Fall","isco",37.81,3.3,19.39,5.43,48.31,3.27610149850165,6.14898365585728,35.2797507305958,29.9354943741436,9.9673245011468,12.5819419010045,29.7656547009524,30.1971505327335,12.2204165697054,29.8167537234322,30.1390535051046,727
"LKS","lksbawq",2021-09-10,"9","Fall","isco",38.02,0.73,19.11,2.13,50,0.722312263627768,6.1660360037872,29.1044632681852,24.9377739566582,4.94988144883718,7.51451768326335,21.8078424975261,24.1429769242243,7.40581692534463,21.8857025771496,24.1637334986784,728
"OWC","owcwmwq",2021-06-06 08:00:00.005,"6","Summer","isco",38.39,9.3,21.088,55,52.82,9.42259790274455,6.19596642986387,38.6190669328859,37.4282096911,28.4475272979005,28.9273751506294,30.5840946666898,31.9819785886423,28.0562836141494,31.002371452819,31.7770875695422,729
"OWC","owcwmwq",2021-09-12 12:00:00,"9","Fall","isco",38.68,6.04,21.649,14.56,64.68,6.16150408616017,6.21932472218649,29.2577316548828,27.1865700593817,17.2312077781832,19.4150323339556,20.5515630474141,23.7732223845249,19.1033461068269,20.8763575683402,23.7379478895586,730
"OWC","owcwmwq",2021-05-10 02:00:00.05,"5","Spring","isco",38.77,13.01,9.407,37.22,61.77,11.5472173524651,6.22655603042324,36.3385525757861,40.0993289327556,44.6148431119505,37.1295524560997,44.4196147663615,34.7207166190093,30.9985172150949,38.6731459425957,31.023846269829,731
"OWC","owcwmwq",2021-05-09 08:00:00,"5","Spring","isco",38.96,11.19,13.32,39.81,51.28,10.362223832292,6.24179461373089,35.9132507504906,35.7673725930843,36.2310657659769,30.5005334022898,37.3107117808417,30.0361639558396,27.1263378494187,34.2903465751321,28.1265701146295,732
"OWC","owcwmwq",2021-09-12 10:00:00,"9","Fall","isco",39.29,6.64,21.292,18.65,64.75,6.74420212564818,6.26817357768593,30.4917869789785,28.4867464138872,19.0855443500093,21.1083586486456,22.2487941901008,25.1158470135791,20.6791575955463,22.5392562808387,25.0318643908924,733
"NIW_isco","niwwswq",2021-07-27 16:59:59.975,"7","Summer","isco",40.52643,4.41,29.569,23.24,88.19,4.97985852020085,6.36603722892036,14.8358217362863,15.300288485697,12.6719078067776,14.7849805514847,18.0634525368366,16.8471003845896,15.5993951148498,18.7667426190094,17.3165222265704,734
"OWC","owcwmwq",2021-04-13 14:00:00.02,"4","Spring","isco",40.77,1.28,17.058,39.89,62.45,1.23649699854039,6.38513899613783,18.7389027691897,17.989917951862,5.87745746287567,5.83405982935692,9.47272106425328,10.4826502653859,5.9585784066041,9.36651770148362,10.5719049595182,735
"LKS","lksbawq",2021-09-09 20:00:00,"9","Fall","isco",40.81,0.78,19.36,1.81,49.71,0.774075566619186,6.38827050147378,29.5928963554509,25.3147125197155,5.03091680552734,7.60071764338887,21.9508810832424,24.2543085746969,7.49149585434772,22.034306927511,24.2783001543291,736
"OWC","owcwmwq",2021-05-09 20:00:00.035,"5","Spring","isco",42.93,8.81,10.975,34.35,31.69,7.95178638101798,6.55209890035247,29.1605882260981,27.2500005557314,26.5830324616296,22.8146022456187,28.9492119918382,24.4222141844109,20.0467235260734,26.1882961603533,22.671312835845,737
"OWC","owcwmwq",2021-05-09 22:00:00.04,"5","Spring","isco",46.55,11.25,10.545,35.33,43.79,10.1071866476157,6.82275604136627,34.5105108577394,34.1611381318787,36.4935581873983,30.708690118153,37.5351962258559,30.1851908351629,26.3267290828652,33.3815288853738,27.5215806213073,738
"OWC","owcwmwq",2021-05-09 10:00:00.01,"5","Spring","isco",47.77,15.86,12.871,41.39,54.02,14.6140973814131,6.91158447825099,48.9184255782419,50.2139925669909,59.4946750421338,48.818721757798,56.7963020769701,42.7381412469326,42.2191755534924,51.2397656859335,39.1816050070466,739
"OWC","owcwmwq",2021-05-09 12:00:00.015,"5","Spring","isco",49.14,16.73,12.205,36.41,54.35,15.3034441189762,7.00999286732875,50.3642300279224,51.9982966265359,64.4628155243468,52.7051906533644,60.8770948547246,45.3513367965969,44.9793579169242,54.3073319581377,41.1461566719346,740
"LKS","lksbawq",2021-08-11 20:00:00,"8","Summer","isco",50.22,0.73,22.85,3.91,64.13,0.755757936211759,7.08660708661063,29.8053659868831,28.1823953335118,4.94988144883718,7.24274495972861,21.8078424975261,24.5542873133365,7.12193537128733,21.9816623916407,24.5505644503495,741
"WEL","welinwq",2021-08-25 11:00:00,"8","Summer","isco",52,0.64,19.413,2.84,5.86,0.635538677954362,7.21110255092798,10.9003888226468,9.43250000007864,4.80567583348448,7.09164738599887,4.77138616230692,6.74313056491995,6.92868894936037,4.8280898407308,6.62404830868572,742
"OWC","owcwmwq",2021-06-06 10:00:00.01,"6","Summer","isco",52.02,14.74,22.839,53.57,56.45,15.2580206565581,7.21248916810278,48.6932129697323,46.6981261403734,53.3921944834374,50.1854235896805,51.7512899197145,47.4231020028591,49.9332357690845,54.1024549428975,48.2922783380167,743
"OWC","owcwmwq",2021-06-06 12:00:00.015,"6","Summer","isco",53.41,12.43,25.153,44.3,60.87,13.2462768043049,7.30821455623738,42.9929576109313,40.8215568903833,41.8484507810801,40.4477003043909,42.0868854941046,40.4959592552601,41.6838916361883,45.4170309332948,42.2097846132837,744
"WEL","welinwq",2021-08-26 09:30:00,"8","Summer","isco",53.8,0.64,20.422,3.13,60.19,0.643246184176894,7.3348483283569,9.15953387957792,10.3717127968213,4.80567583348448,7.09164738599887,4.77138616230692,6.74313056491995,6.9409986376779,4.83847059135593,6.63297236292639,745
"WEL","welinwq",2021-08-25 17:45:00,"8","Summer","isco",54.2,0.97,23.596,3.19,36.52,1.01358775753176,7.36206492772238,14.3352187209687,13.7568629564073,5.34485163849309,7.65345860337499,5.22243176516611,7.13658919864502,7.54534681685077,5.35039660242092,7.06884741307207,746
"WEL","welinwq",2021-08-26 07:15:00,"8","Summer","isco",54.9,0.45,20.738,4.22,78.46,0.454006842271582,7.40945342113708,8.52632179236477,10.6186097383328,4.50824231376248,6.77789413332105,4.52093234374788,6.52165439672032,6.64192263119379,4.58681937661998,6.4156005409293,747
"WEL","welinwq",2021-08-26 02:45:00,"8","Summer","isco",56.9,0.16,18.815,1.22,6.73,0.157764314997865,7.54320886625844,9.41163405941042,8.32050155818861,4.07258208352915,6.3126934461629,4.15167776358346,6.19074176784215,6.18696240692741,4.20636914556064,6.08259013723864,748
"LKS","lksbawq",2021-08-12,"8","Summer","isco",60.45,0.48,22.36,2.35,63.2,0.493940228358276,7.77495980697007,28.468151282784,26.8783077309488,4.55457387187193,6.82696219450311,21.0996630590505,23.9967543440555,6.70448555283672,21.2360847575697,23.9706253948338,749
"OWC","owcwmwq",2021-07-12 22:00:00.04,"7","Summer","isco",60.5,6.07,25.207,11.25,114.67,6.47307088362066,7.77817459305202,20.4120493425977,27.0519067263591,17.3216744276959,19.0587141434491,20.6348255288044,24.2482056318989,19.3811873562771,21.7575781633319,24.7395728104209,750
"LKS","lksbawq",2021-08-11 16:00:00,"8","Summer","isco",60.68,5.17,22.97,9.58,61.12,5.36038645046072,7.78973683766018,37.6795987476092,34.8752149924218,14.7107094580262,16.6743801990714,36.3323908257287,35.522675536851,16.5242072674653,37.1967439342839,35.883035441947,751
"NIW_isco","niwwswq",2021-07-27 15:59:59.98,"7","Summer","isco",62.27991,7.68,29.637,18.99,92.89,8.6803776126678,7.89176216063307,14.1890256176205,15.6858316593582,22.5241666555968,23.7213352467423,27.5632950310451,23.4700444118753,25.7226298783493,29.8724894609081,24.934121250178,752
"OWC","owcwmwq",2021-07-13 00:00:00.045,"7","Summer","isco",62.33,6.66,25.009,12.39,114.75,7.08436072773468,7.89493508523028,20.6855644736759,27.6345855971147,19.1489872778758,20.7082088027014,22.3065281252212,25.5810946232073,21.0476688162456,23.5394519625594,26.1258288850016,753
"WEL","welinwq",2021-08-25 15:30:00,"8","Summer","isco",63.1,0.29,21.192,1.61,6.43,0.294193658377591,7.9435508432942,12.3899987018587,10.6327724142644,4.26514098887418,6.51918667220809,4.31526060424026,6.33801651794522,6.39448153692346,4.37953315235586,6.23484988166574,754
"LKS","lksbawq",2021-08-12 08:00:00,"8","Summer","isco",64.14,6.45,21.87,9.34,60.76,6.5975390778682,8.00874522007037,38.2480562378325,35.4765344091386,18.4880869531281,20.1132547630265,41.2043142568682,39.0597520477232,19.7149372714658,41.9627736461232,39.2932145614021,755
"WEL","welinwq",2021-08-26 05:00:00,"8","Summer","isco",65.9,0.68,20.423,2.64,20.78,0.683457285395539,8.11788149704096,11.2669865088749,10.3551287681879,4.86950403924607,7.15860522734423,4.82497360345653,6.79022835855324,7.00539712675142,4.89280916129125,6.67962778461797,756
"LKS","lksbawq",2021-08-11 10:00:00,"8","Summer","isco",67.07,3.17,21.91,7.62,61.3,3.24409875664367,8.18962758616044,32.7535044239913,30.6010137646263,9.67178371586107,11.9461043394577,29.3334570658211,30.332002326681,11.7186892908816,29.7097937437243,30.4083710885892,757
"WEL","welinwq",2021-08-25 22:15:00,"8","Summer","isco",67.1,0.9,20.902,2.54,10.2,0.909813922015759,8.19145896650896,12.7573654933153,10.9787861637728,5.22808608574775,7.53249714056439,5.12505348490002,7.0521960566975,7.37345802685644,5.20435371588196,6.94531169407007,758
"WEL","welinwq",2021-08-26 00:30:00,"8","Summer","isco",68.6,0.75,19.212,2.2,6.11,0.742998395416359,8.28251169633946,10.7867798428424,9.29209618294096,4.98221663786136,7.27653849778986,4.9194716771192,6.87304389802934,7.10129896881654,4.9738262734907,6.74901138866909,759
"LKS","lksbawq",2021-08-11 18:00:00,"8","Summer","isco",72.12,6.3,22.96,7.25,62.43,6.5311891562539,8.49234949822486,38.6129374022862,35.8306648236478,18.0231211212636,19.6935967602623,40.6175352421426,38.6365689584266,19.5366715253024,41.6998772453733,39.1063949644389,760
"LKS","lksbawq",2021-08-11 14:00:00,"8","Summer","isco",74.3,2.19,22.69,9.27,61.4,2.2627914370902,8.61974477580398,32.8415480497545,30.686558019478,7.58700384380357,9.91637686248955,26.1770754768633,27.9381578516693,9.7699166504477,26.5233543057127,28.0235004718587,761
"LKS","lksbawq",2021-08-11 22:00:00,"8","Summer","isco",76.27,0.73,22.61,2.42,63.6,0.75351896364939,8.7332697198701,29.1819951877696,27.5594013886462,4.94988144883718,7.24274495972861,21.8078424975261,24.5542873133365,7.11831204527752,21.975231943763,24.545575630508,762
"LKS","lksbawq",2021-08-12 06:00:00,"8","Summer","isco",77.72,2.21,21.93,3.61,63.01,2.26221246375298,8.81589473621368,30.4063188444225,28.6206374605888,7.62702385494446,9.95591216789218,26.2396959741913,27.9860283800454,9.76881914503645,26.5215276392332,28.0221221368461,763
"LKS","lksbawq",2021-08-12 02:00:00,"8","Summer","isco",79.95,3.16,22.27,6.33,62.15,3.24817568770267,8.94147638815872,32.911817657799,30.7964668864051,9.64923403448836,11.9244391506316,29.3003420123699,30.3070784999053,11.7271550552285,29.7234090333323,30.4184823751049,764
"LKS","lksbawq",2021-08-12 04:00:00,"8","Summer","isco",92.01,1.16,22.11,2.22,63.82,1.19002776699107,9.59218431849597,28.8859032718392,27.3074858177079,5.66828722756888,7.98663947979694,23.0532543917964,25.5282209998064,7.84214460553434,23.2466944580752,25.5277776655821,765
